problem,epsilon,seed,mu_mode,iteration,stage,mu,gap,objective_value,dual_value
matrix_game,0.01,0,fixed_mu,0,1,0.0008766112701907305,1.048286007959793,0.055681977592996826,-0.9926040303667962
matrix_game,0.01,0,fixed_mu,1,1,0.0008766112701907305,1.0474170512248846,0.054813020858088465,-0.9926040303667962
matrix_game,0.01,0,fixed_mu,100,1,0.0008766112701907305,0.27093986470047376,0.019051602657370877,-0.2518882620431029
matrix_game,0.01,0,fixed_mu,200,1,0.0008766112701907305,0.12710849639567937,0.006692607740657478,-0.1204158886550219
matrix_game,0.01,0,fixed_mu,300,1,0.0008766112701907305,0.0974562895662051,-0.0023376050790171916,-0.09979389464522229
matrix_game,0.01,0,fixed_mu,400,1,0.0008766112701907305,0.0648584998847369,-0.009673739979041172,-0.07453223986377806
matrix_game,0.01,0,fixed_mu,500,1,0.0008766112701907305,0.046377666355039024,-0.015791850780160134,-0.06216951713519916
matrix_game,0.01,0,fixed_mu,600,1,0.0008766112701907305,0.03371520437664476,-0.02047885936513464,-0.0541940637417794
matrix_game,0.01,0,fixed_mu,700,1,0.0008766112701907305,0.025785900770344,-0.024044741798250228,-0.04983064256859423
matrix_game,0.01,0,fixed_mu,800,1,0.0008766112701907305,0.020011932462085946,-0.026512086421265044,-0.04652401888335099
matrix_game,0.01,0,fixed_mu,900,1,0.0008766112701907305,0.015992072270716178,-0.02843647926277344,-0.04442855153348962
matrix_game,0.01,0,fixed_mu,1000,1,0.0008766112701907305,0.01288412921058341,-0.029796243795458633,-0.04268037300604204
matrix_game,0.01,0,fixed_mu,1100,1,0.0008766112701907305,0.01079783233958416,-0.030945022069370796,-0.041742854408954956
matrix_game,0.01,0,fixed_mu,1140,1,0.0008766112701907305,0.009969745237836405,-0.0313251495084643,-0.04129489474630071
matrix_game,0.01,0,continuation_mu,0,1,0.007012890161525844,0.6133236533786859,0.055681977592996826,-0.557641675785689
matrix_game,0.01,0,continuation_mu,1,1,0.007012890161525844,0.6096009711719409,0.05195929538625183,-0.557641675785689
matrix_game,0.01,0,continuation_mu,100,1,0.007012890161525844,0.09054960866885,0.0029491654448552352,-0.08760044322399477
matrix_game,0.01,0,continuation_mu,200,1,0.007012890161525844,0.04564127621636741,-0.014516802797104556,-0.06015807901347197
matrix_game,0.01,0,continuation_mu,216,1,0.007012890161525844,0.03998845652935205,-0.01680601846355561,-0.056794474992907656
matrix_game,0.01,0,continuation_mu,217,2,0.003506445080762922,0.07627253298308262,-0.017046669138023468,-0.09331920212110609
matrix_game,0.01,0,continuation_mu,300,2,0.003506445080762922,0.1544898196135697,0.010227178404911521,-0.14426264120865817
matrix_game,0.01,0,continuation_mu,400,2,0.003506445080762922,0.07569616516874031,-0.004770911605273759,-0.08046707677401407
matrix_game,0.01,0,continuation_mu,500,2,0.003506445080762922,0.039641224681687105,-0.017456203735761885,-0.05709742841744899
matrix_game,0.01,0,continuation_mu,600,2,0.003506445080762922,0.0245309709575684,-0.02397028052858824,-0.04850125148615664
matrix_game,0.01,0,continuation_mu,644,2,0.003506445080762922,0.01996002852213352,-0.02601903323705039,-0.04597906175918391
matrix_game,0.01,0,continuation_mu,645,3,0.001753222540381461,0.0675358859123058,-0.02614495769390217,-0.09368084360620797
matrix_game,0.01,0,continuation_mu,700,3,0.001753222540381461,0.3242619034856024,0.02285002880755492,-0.3014118746780475
matrix_game,0.01,0,continuation_mu,800,3,0.001753222540381461,0.11335971021521289,0.004642545982763103,-0.10871716423244979
matrix_game,0.01,0,continuation_mu,900,3,0.001753222540381461,0.07193427215875071,-0.005218488211199678,-0.07715276036995039
matrix_game,0.01,0,continuation_mu,1000,3,0.001753222540381461,0.045994006876052894,-0.015341975180351124,-0.06133598205640402
matrix_game,0.01,0,continuation_mu,1100,3,0.001753222540381461,0.03046021047069769,-0.021637928578934325,-0.052098139049632015
matrix_game,0.01,0,continuation_mu,1200,3,0.001753222540381461,0.02152462497642602,-0.02585379434540779,-0.04737841932183381
matrix_game,0.01,0,continuation_mu,1300,3,0.001753222540381461,0.015842876900450845,-0.02824811072276627,-0.044090987623217115
matrix_game,0.01,0,continuation_mu,1400,3,0.001753222540381461,0.012165858111204152,-0.03002740394443095,-0.0421932620556351
matrix_game,0.01,0,continuation_mu,1483,3,0.001753222540381461,0.00996461002426368,-0.03115313411665463,-0.04111774414091831
matrix_game,0.001,0,fixed_mu,0,1,8.766112701907305e-05,1.0399490918278964,0.04910451003240119,-0.9908445817954953
matrix_game,0.001,0,fixed_mu,1,1,8.766112701907305e-05,1.0398624305200184,0.049017848724523014,-0.9908445817954953
matrix_game,0.001,0,fixed_mu,100,1,8.766112701907305e-05,0.7560761946811221,0.034805689169673686,-0.7212705055114484
matrix_game,0.001,0,fixed_mu,200,1,8.766112701907305e-05,0.37918307562316034,0.025819864990863667,-0.3533632106322967
matrix_game,0.001,0,fixed_mu,300,1,8.766112701907305e-05,0.28374631104618053,0.020215840338870018,-0.2635304707073105
matrix_game,0.001,0,fixed_mu,400,1,8.766112701907305e-05,0.24330630133026293,0.015491930649115117,-0.22781437068114782
matrix_game,0.001,0,fixed_mu,500,1,8.766112701907305e-05,0.18318351078735498,0.011673472824429949,-0.17151003796292502
matrix_game,0.001,0,fixed_mu,600,1,8.766112701907305e-05,0.14290351983613211,0.008287727970579122,-0.134615791865553
matrix_game,0.001,0,fixed_mu,700,1,8.766112701907305e-05,0.11720669353470739,0.005202406568591824,-0.11200428696611557
matrix_game,0.001,0,fixed_mu,800,1,8.766112701907305e-05,0.10124036130238773,0.002300598357158893,-0.09893976294522884
matrix_game,0.001,0,fixed_mu,900,1,8.766112701907305e-05,0.09632043856015306,-0.0004559991006349868,-0.09677643766078804
matrix_game,0.001,0,fixed_mu,1000,1,8.766112701907305e-05,0.08397127639267156,-0.0030419460506799795,-0.08701322244335154
matrix_game,0.001,0,fixed_mu,1100,1,8.766112701907305e-05,0.07235364174667856,-0.0054778465018468225,-0.07783148824852539
matrix_game,0.001,0,fixed_mu,1200,1,8.766112701907305e-05,0.06178162426654839,-0.007715320950689303,-0.06949694521723769
matrix_game,0.001,0,fixed_mu,1300,1,8.766112701907305e-05,0.05402994638010504,-0.009804191179803804,-0.06383413755990884
matrix_game,0.001,0,fixed_mu,1400,1,8.766112701907305e-05,0.049065463938740714,-0.011875387399914868,-0.06094085133865558
matrix_game,0.001,0,fixed_mu,1500,1,8.766112701907305e-05,0.044492673324644516,-0.013621458167734638,-0.05811413149237916
matrix_game,0.001,0,fixed_mu,1600,1,8.766112701907305e-05,0.0413440171921764,-0.01544127068479538,-0.05678528787697178
matrix_game,0.001,0,fixed_mu,1700,1,8.766112701907305e-05,0.03816348990277387,-0.016993450350482733,-0.055156940253256605
matrix_game,0.001,0,fixed_mu,1800,1,8.766112701907305e-05,0.034662482821108426,-0.018430509717431185,-0.053092992538539614
matrix_game,0.001,0,fixed_mu,1900,1,8.766112701907305e-05,0.031518538270672775,-0.0197320362523513,-0.051250574523024076
matrix_game,0.001,0,fixed_mu,2000,1,8.766112701907305e-05,0.0290102163878851,-0.020954761463360286,-0.04996497785124539
matrix_game,0.001,0,fixed_mu,2100,1,8.766112701907305e-05,0.02633415231429235,-0.02199091064803542,-0.04832506296232777
matrix_game,0.001,0,fixed_mu,2200,1,8.766112701907305e-05,0.02387207732761161,-0.023043271069497315,-0.046915348397108925
matrix_game,0.001,0,fixed_mu,2300,1,8.766112701907305e-05,0.0224416081342833,-0.023923123175499217,-0.04636473130978252
matrix_game,0.001,0,fixed_mu,2400,1,8.766112701907305e-05,0.020400361647741144,-0.024751399838990648,-0.04515176148673179
matrix_game,0.001,0,fixed_mu,2500,1,8.766112701907305e-05,0.018630434754727903,-0.025516463578916338,-0.04414689833364424
matrix_game,0.001,0,fixed_mu,2600,1,8.766112701907305e-05,0.017184927526224057,-0.02617045675829655,-0.043355384284520605
matrix_game,0.001,0,fixed_mu,2700,1,8.766112701907305e-05,0.016039522169223136,-0.026808828931708467,-0.0428483511009316
matrix_game,0.001,0,fixed_mu,2800,1,8.766112701907305e-05,0.014997302973032124,-0.027381688396800344,-0.04237899136983247
matrix_game,0.001,0,fixed_mu,2900,1,8.766112701907305e-05,0.014007006463946564,-0.027905641738409162,-0.041912648202355726
matrix_game,0.001,0,fixed_mu,3000,1,8.766112701907305e-05,0.013078628127380074,-0.028396270639741157,-0.04147489876712123
matrix_game,0.001,0,fixed_mu,3100,1,8.766112701907305e-05,0.012305541561078992,-0.028813423943449032,-0.041118965504528024
matrix_game,0.001,0,fixed_mu,3200,1,8.766112701907305e-05,0.011563763257741111,-0.029220833945765454,-0.040784597203506565
matrix_game,0.001,0,fixed_mu,3300,1,8.766112701907305e-05,0.010881141071952774,-0.029592939016997798,-0.04047408008895057
matrix_game,0.001,0,fixed_mu,3400,1,8.766112701907305e-05,0.010231595858392596,-0.029937195400634886,-0.04016879125902748
matrix_game,0.001,0,fixed_mu,3500,1,8.766112701907305e-05,0.00965070011120285,-0.030257164381171625,-0.039907864492374476
matrix_game,0.001,0,fixed_mu,3600,1,8.766112701907305e-05,0.009129094370311404,-0.030539745253320975,-0.03966883962363238
matrix_game,0.001,0,fixed_mu,3700,1,8.766112701907305e-05,0.008602465822218807,-0.030809657352459444,-0.03941212317467825
matrix_game,0.001,0,fixed_mu,3800,1,8.766112701907305e-05,0.008115044531247857,-0.031069538474338933,-0.03918458300558679
matrix_game,0.001,0,fixed_mu,3900,1,8.766112701907305e-05,0.007688712977769276,-0.03130600558975777,-0.038994718567527044
matrix_game,0.001,0,fixed_mu,4000,1,8.766112701907305e-05,0.007322262565955064,-0.031516941540345844,-0.03883920410630091
matrix_game,0.001,0,fixed_mu,4100,1,8.766112701907305e-05,0.006966859533760944,-0.031726734093390004,-0.03869359362715095
matrix_game,0.001,0,fixed_mu,4200,1,8.766112701907305e-05,0.006642415341025082,-0.03192361816318065,-0.03856603350420573
matrix_game,0.001,0,fixed_mu,4300,1,8.766112701907305e-05,0.006324482332275824,-0.03210640350825501,-0.03843088584053084
matrix_game,0.001,0,fixed_mu,4400,1,8.766112701907305e-05,0.006025763484713502,-0.03227209431976104,-0.03829785780447454
matrix_game,0.001,0,fixed_mu,4500,1,8.766112701907305e-05,0.005757525215990614,-0.032426519035019696,-0.03818404425101031
matrix_game,0.001,0,fixed_mu,4600,1,8.766112701907305e-05,0.005483166211772861,-0.03257725316860845,-0.03806041938038131
matrix_game,0.001,0,fixed_mu,4700,1,8.766112701907305e-05,0.00528748163405552,-0.03271467278629908,-0.0380021544203546
matrix_game,0.001,0,fixed_mu,4800,1,8.766112701907305e-05,0.005041312594402637,-0.03284756585859038,-0.03788887845299302
matrix_game,0.001,0,fixed_mu,4900,1,8.766112701907305e-05,0.004841935936448341,-0.03296782020388233,-0.03780975614033067
matrix_game,0.001,0,fixed_mu,5000,1,8.766112701907305e-05,0.004611045809017979,-0.0330867958382087,-0.03769784164722668
matrix_game,0.001,0,fixed_mu,5100,1,8.766112701907305e-05,0.004432008134800193,-0.03319635598757167,-0.03762836412237186
matrix_game,0.001,0,fixed_mu,5200,1,8.766112701907305e-05,0.00425878954515594,-0.033303743191849686,-0.037562532737005626
matrix_game,0.001,0,fixed_mu,5300,1,8.766112701907305e-05,0.0040912817916769345,-0.03340186662507992,-0.037493148416756855
matrix_game,0.001,0,fixed_mu,5400,1,8.766112701907305e-05,0.00392144728562327,-0.033495079170697946,-0.037416526456321215
matrix_game,0.001,0,fixed_mu,5500,1,8.766112701907305e-05,0.003772821663594772,-0.03358422686865915,-0.037357048532253925
matrix_game,0.001,0,fixed_mu,5600,1,8.766112701907305e-05,0.003624707403758143,-0.03366757780414239,-0.03729228520790053
matrix_game,0.001,0,fixed_mu,5700,1,8.766112701907305e-05,0.003488722593060045,-0.03375020989658798,-0.037238932489648026
matrix_game,0.001,0,fixed_mu,5800,1,8.766112701907305e-05,0.0033608619670563167,-0.033828227002512604,-0.03718908896956892
matrix_game,0.001,0,fixed_mu,5900,1,8.766112701907305e-05,0.0032422640834762206,-0.03389868440881627,-0.03714094849229249
matrix_game,0.001,0,fixed_mu,6000,1,8.766112701907305e-05,0.0031467264472982495,-0.03396358540704225,-0.0371103118543405
matrix_game,0.001,0,fixed_mu,6100,1,8.766112701907305e-05,0.003025875828641736,-0.034026170212030166,-0.0370520460406719
matrix_game,0.001,0,fixed_mu,6200,1,8.766112701907305e-05,0.002928335595241409,-0.03408811319322705,-0.03701644878846846
matrix_game,0.001,0,fixed_mu,6300,1,8.766112701907305e-05,0.002815549213971237,-0.034153024205237754,-0.03696857341920899
matrix_game,0.001,0,fixed_mu,6400,1,8.766112701907305e-05,0.0027170988512832395,-0.03420689541801167,-0.03692399426929491
matrix_game,0.001,0,fixed_mu,6500,1,8.766112701907305e-05,0.0026298963215452623,-0.03425698259176049,-0.036886878913305755
matrix_game,0.001,0,fixed_mu,6600,1,8.766112701907305e-05,0.00253724147258496,-0.03430721196809784,-0.0368444534406828
matrix_game,0.001,0,fixed_mu,6700,1,8.766112701907305e-05,0.002444472906154335,-0.03435823852290787,-0.036802711429062204
matrix_game,0.001,0,fixed_mu,6800,1,8.766112701907305e-05,0.0023663433159434935,-0.03440804303412644,-0.03677438635006993
matrix_game,0.001,0,fixed_mu,6900,1,8.766112701907305e-05,0.0022953464937720477,-0.034452762161854666,-0.036748108655626714
matrix_game,0.001,0,fixed_mu,7000,1,8.766112701907305e-05,0.0022225944226158395,-0.03449811445834361,-0.03672070888095945
matrix_game,0.001,0,fixed_mu,7100,1,8.766112701907305e-05,0.0021583579518209967,-0.034540749595242656,-0.03669910754706365
matrix_game,0.001,0,fixed_mu,7200,1,8.766112701907305e-05,0.002089247264894789,-0.034578941138904425,-0.036668188403799214
matrix_game,0.001,0,fixed_mu,7300,1,8.766112701907305e-05,0.0020335291615665996,-0.03461416953893877,-0.03664769870050537
matrix_game,0.001,0,fixed_mu,7400,1,8.766112701907305e-05,0.0019811114101700097,-0.03464926304197742,-0.03663037445214743
matrix_game,0.001,0,fixed_mu,7500,1,8.766112701907305e-05,0.00191902016763143,-0.03468595908117886,-0.03660497924881029
matrix_game,0.001,0,fixed_mu,7600,1,8.766112701907305e-05,0.0018736968860394929,-0.03471797099022483,-0.036591667876264326
matrix_game,0.001,0,fixed_mu,7700,1,8.766112701907305e-05,0.0018118278542474109,-0.0347471613525924,-0.03655898920683981
matrix_game,0.001,0,fixed_mu,7800,1,8.766112701907305e-05,0.0017405098800759994,-0.03478017099835104,-0.03652068087842704
matrix_game,0.001,0,fixed_mu,7900,1,8.766112701907305e-05,0.0016879290805060093,-0.03480961196252853,-0.03649754104303454
matrix_game,0.001,0,fixed_mu,8000,1,8.766112701907305e-05,0.0016431180965420927,-0.03483949174963829,-0.03648260984618038
matrix_game,0.001,0,fixed_mu,8100,1,8.766112701907305e-05,0.0015955970025383834,-0.034865189969898194,-0.03646078697243658
matrix_game,0.001,0,fixed_mu,8200,1,8.766112701907305e-05,0.0015454338446083196,-0.034890138986331455,-0.036435572830939775
matrix_game,0.001,0,fixed_mu,8300,1,8.766112701907305e-05,0.0015151946295740917,-0.03491419567866218,-0.03642939030823627
matrix_game,0.001,0,fixed_mu,8400,1,8.766112701907305e-05,0.0014747329866321573,-0.03493728052984395,-0.036412013516476105
matrix_game,0.001,0,fixed_mu,8500,1,8.766112701907305e-05,0.0014375394466914979,-0.034958186930673416,-0.03639572637736491
matrix_game,0.001,0,fixed_mu,8600,1,8.766112701907305e-05,0.0013821941543020605,-0.034984862937887024,-0.036367057092189084
matrix_game,0.001,0,fixed_mu,8700,1,8.766112701907305e-05,0.0013695684039723988,-0.03500141755082391,-0.036370985954796306
matrix_game,0.001,0,fixed_mu,8800,1,8.766112701907305e-05,0.001326681040421461,-0.03502386626367635,-0.03635054730409781
matrix_game,0.001,0,fixed_mu,8900,1,8.766112701907305e-05,0.0012911556108499492,-0.03504507480413281,-0.03633623041498276
matrix_game,0.001,0,fixed_mu,9000,1,8.766112701907305e-05,0.0012702101059383353,-0.03505841609503134,-0.036328626200969674
matrix_game,0.001,0,fixed_mu,9100,1,8.766112701907305e-05,0.001232752399876462,-0.03507776688623681,-0.03631051928611327
matrix_game,0.001,0,fixed_mu,9200,1,8.766112701907305e-05,0.00119399165202929,-0.03509301280168051,-0.036287004453709804
matrix_game,0.001,0,fixed_mu,9300,1,8.766112701907305e-05,0.001171064971949104,-0.03510993682503231,-0.03628100179698141
matrix_game,0.001,0,fixed_mu,9400,1,8.766112701907305e-05,0.0011445735489820918,-0.035125245606372,-0.03626981915535409
matrix_game,0.001,0,fixed_mu,9500,1,8.766112701907305e-05,0.0011157892114979293,-0.035144622766131554,-0.036260411977629484
matrix_game,0.001,0,fixed_mu,9600,1,8.766112701907305e-05,0.0010839871523176253,-0.035158709594240056,-0.03624269674655768
matrix_game,0.001,0,fixed_mu,9700,1,8.766112701907305e-05,0.0010612678732921932,-0.03517410904003034,-0.036235376913322535
matrix_game,0.001,0,fixed_mu,9800,1,8.766112701907305e-05,0.0010370682694900157,-0.0351830768237218,-0.036220145093211815
matrix_game,0.001,0,fixed_mu,9900,1,8.766112701907305e-05,0.001016609571065634,-0.035197882731389574,-0.03621449230245521
matrix_game,0.001,0,fixed_mu,9976,1,8.766112701907305e-05,0.000999944056587862,-0.03521019425613375,-0.036210138312721615
matrix_game,0.001,0,continuation_mu,0,1,0.0007012890161525844,1.0252707584794223,0.04910451003240119,-0.976166248447021
matrix_game,0.001,0,continuation_mu,1,1,0.0007012890161525844,1.024587357834689,0.048421109387667916,-0.976166248447021
matrix_game,0.001,0,continuation_mu,100,1,0.0007012890161525844,0.2823251818619924,0.020458019623723067,-0.26186716223826934
matrix_game,0.001,0,continuation_mu,200,1,0.0007012890161525844,0.1558465707346322,0.009708443278463444,-0.14613812745616878
matrix_game,0.001,0,continuation_mu,300,1,0.0007012890161525844,0.10019918119460425,0.001451695185583889,-0.09874748600902036
matrix_game,0.001,0,continuation_mu,400,1,0.0007012890161525844,0.07137703864981298,-0.0052922113586045556,-0.07666925000841754
matrix_game,0.001,0,continuation_mu,500,1,0.0007012890161525844,0.04843255962551138,-0.012031058013205443,-0.06046361763871682
matrix_game,0.001,0,continuation_mu,600,1,0.0007012890161525844,0.03895828510696256,-0.016663750498072397,-0.05562203560503496
matrix_game,0.001,0,continuation_mu,700,1,0.0007012890161525844,0.031143238824819855,-0.020624833607365008,-0.05176807243218486
matrix_game,0.001,0,continuation_mu,800,1,0.0007012890161525844,0.023625660846423674,-0.023466125881487478,-0.04709178672791115
matrix_game,0.001,0,continuation_mu,900,1,0.0007012890161525844,0.018260179176992047,-0.025816608541349838,-0.044076787718341885
matrix_game,0.001,0,continuation_mu,1000,1,0.0007012890161525844,0.014950129197839945,-0.027476703449014622,-0.04242683264685457
matrix_game,0.001,0,continuation_mu,1100,1,0.0007012890161525844,0.012241370500824831,-0.028862248871914933,-0.041103619372739764
matrix_game,0.001,0,continuation_mu,1200,1,0.0007012890161525844,0.010436984996654276,-0.029825372539249655,-0.04026235753590393
matrix_game,0.001,0,continuation_mu,1300,1,0.0007012890161525844,0.009157565119798268,-0.030640228713128145,-0.03979779383292641
matrix_game,0.001,0,continuation_mu,1400,1,0.0007012890161525844,0.007846588517694535,-0.03131857621538274,-0.039165164733077275
matrix_game,0.001,0,continuation_mu,1500,1,0.0007012890161525844,0.006747333068090257,-0.031863012306441736,-0.03861034537453199
matrix_game,0.001,0,continuation_mu,1600,1,0.0007012890161525844,0.005933679862956405,-0.032354492539846715,-0.03828817240280312
matrix_game,0.001,0,continuation_mu,1700,1,0.0007012890161525844,0.005177342152216845,-0.032736040859024276,-0.03791338301124112
matrix_game,0.001,0,continuation_mu,1800,1,0.0007012890161525844,0.004634092497835016,-0.03304291623354127,-0.037677008731376284
matrix_game,0.001,0,continuation_mu,1900,1,0.0007012890161525844,0.004241062266968333,-0.03327237660365682,-0.03751343887062515
matrix_game,0.001,0,continuation_mu,1951,1,0.0007012890161525844,0.003996466999287095,-0.033419428370549425,-0.03741589536983652
matrix_game,0.001,0,continuation_mu,1952,2,0.0003506445080762922,0.06856762560318398,-0.033443643148659385,-0.10201126875184337
matrix_game,0.001,0,continuation_mu,2000,2,0.0003506445080762922,0.7368859804986051,0.033855571530333216,-0.7030304089682718
matrix_game,0.001,0,continuation_mu,2100,2,0.0003506445080762922,0.2892786828022859,0.020070047913117135,-0.2692086348891688
matrix_game,0.001,0,continuation_mu,2200,2,0.0003506445080762922,0.18659698662555504,0.01194982025016857,-0.17464716637538646
matrix_game,0.001,0,continuation_mu,2300,2,0.0003506445080762922,0.11480143510948154,0.005563304310041581,-0.10923813079943996
matrix_game,0.001,0,continuation_mu,2400,2,0.0003506445080762922,0.09827094152558655,-0.0001339266852562332,-0.09840486821084278
matrix_game,0.001,0,continuation_mu,2500,2,0.0003506445080762922,0.07130601921163662,-0.005221684197056818,-0.07652770340869344
matrix_game,0.001,0,continuation_mu,2600,2,0.0003506445080762922,0.05324911446111269,-0.009354872806746437,-0.06260398726785912
matrix_game,0.001,0,continuation_mu,2700,2,0.0003506445080762922,0.045100930527137054,-0.013417049158226637,-0.058517979685363694
matrix_game,0.001,0,continuation_mu,2800,2,0.0003506445080762922,0.03930974336107932,-0.016798342365302275,-0.056108085726381596
matrix_game,0.001,0,continuation_mu,2900,2,0.0003506445080762922,0.032354809938539814,-0.019664497319822383,-0.052019307258362193
matrix_game,0.001,0,continuation_mu,3000,2,0.0003506445080762922,0.026922830768432094,-0.021987330723002792,-0.048910161491434886
matrix_game,0.001,0,continuation_mu,3100,2,0.0003506445080762922,0.021946882133111224,-0.023950874202653606,-0.04589775633576483
matrix_game,0.001,0,continuation_mu,3200,2,0.0003506445080762922,0.018918550874613197,-0.02554520251916521,-0.04446375339377841
matrix_game,0.001,0,continuation_mu,3300,2,0.0003506445080762922,0.01591630826350668,-0.026846735890387725,-0.042763044153894404
matrix_game,0.001,0,continuation_mu,3400,2,0.0003506445080762922,0.014066783194707923,-0.027956476403830068,-0.04202325959853799
matrix_game,0.001,0,continuation_mu,3500,2,0.0003506445080762922,0.012237537634764505,-0.028844972559294364,-0.04108251019405887
matrix_game,0.001,0,continuation_mu,3600,2,0.0003506445080762922,0.010880189343516856,-0.029614470252342814,-0.04049465959585967
matrix_game,0.001,0,continuation_mu,3700,2,0.0003506445080762922,0.009794733627423051,-0.0302843109317623,-0.04007904455918535
matrix_game,0.001,0,continuation_mu,3800,2,0.0003506445080762922,0.008715571763829782,-0.030841528712553384,-0.03955710047638317
matrix_game,0.001,0,continuation_mu,3900,2,0.0003506445080762922,0.007862410709922968,-0.03132024224195815,-0.03918265295188112
matrix_game,0.001,0,continuation_mu,4000,2,0.0003506445080762922,0.0070530443530526996,-0.03173832016984927,-0.03879136452290197
matrix_game,0.001,0,continuation_mu,4100,2,0.0003506445080762922,0.00639527021663603,-0.0321145777204889,-0.03850984793712493
matrix_game,0.001,0,continuation_mu,4200,2,0.0003506445080762922,0.005797032178109542,-0.03243860673673051,-0.03823563891484005
matrix_game,0.001,0,continuation_mu,4300,2,0.0003506445080762922,0.005213368615691279,-0.03273918082365858,-0.03795254943934986
matrix_game,0.001,0,continuation_mu,4400,2,0.0003506445080762922,0.004865209623798772,-0.03298527180267788,-0.03785048142647665
matrix_game,0.001,0,continuation_mu,4500,2,0.0003506445080762922,0.004514235018231713,-0.03320771095362651,-0.037721945971858226
matrix_game,0.001,0,continuation_mu,4600,2,0.0003506445080762922,0.0041026922071351266,-0.03339860712619673,-0.03750129933333186
matrix_game,0.001,0,continuation_mu,4700,2,0.0003506445080762922,0.003857797904768784,-0.03357173977920015,-0.037429537683968936
matrix_game,0.001,0,continuation_mu,4800,2,0.0003506445080762922,0.003540209349355547,-0.03374722062807872,-0.03728742997743427
matrix_game,0.001,0,continuation_mu,4900,2,0.0003506445080762922,0.003264984338494814,-0.03388389110688255,-0.037148875445377365
matrix_game,0.001,0,continuation_mu,5000,2,0.0003506445080762922,0.0030596703029591096,-0.03401698696905555,-0.03707665727201466
matrix_game,0.001,0,continuation_mu,5100,2,0.0003506445080762922,0.0028737825343449624,-0.03412357030792007,-0.03699735284226503
matrix_game,0.001,0,continuation_mu,5200,2,0.0003506445080762922,0.0026954390148995547,-0.03423289833435914,-0.0369283373492587
matrix_game,0.001,0,continuation_mu,5300,2,0.0003506445080762922,0.002484913241119123,-0.03433548802389085,-0.036820401265009975
matrix_game,0.001,0,continuation_mu,5400,2,0.0003506445080762922,0.002348436273862907,-0.034435073904494386,-0.03678351017835729
matrix_game,0.001,0,continuation_mu,5500,2,0.0003506445080762922,0.00223760312604053,-0.034486372026120884,-0.036723975152161414
matrix_game,0.001,0,continuation_mu,5600,2,0.0003506445080762922,0.0021253542151778715,-0.034565022665946576,-0.03669037688112445
matrix_game,0.001,0,continuation_mu,5691,2,0.0003506445080762922,0.0019996004118143437,-0.03463509442617024,-0.03663469483798459
matrix_game,0.001,0,continuation_mu,5692,3,0.0001753222540381461,0.059881818865116496,-0.03464890909807518,-0.09453072796319167
matrix_game,0.001,0,continuation_mu,5700,3,0.0001753222540381461,1.0169952489320098,0.04607204518370359,-0.9709232037483061
matrix_game,0.001,0,continuation_mu,5800,3,0.0001753222540381461,0.5316004184244223,0.028855814894083495,-0.5027446035303388
matrix_game,0.001,0,continuation_mu,5900,3,0.0001753222540381461,0.28657373743516257,0.02032352418943223,-0.26625021324573034
matrix_game,0.001,0,continuation_mu,6000,3,0.0001753222540381461,0.2033476468087766,0.013957187183919063,-0.18939045962485754
matrix_game,0.001,0,continuation_mu,6100,3,0.0001753222540381461,0.14679198315390407,0.0091061409097402,-0.13768584224416386
matrix_game,0.001,0,continuation_mu,6200,3,0.0001753222540381461,0.11781315941055447,0.004630640102865352,-0.11318251930768912
matrix_game,0.001,0,continuation_mu,6300,3,0.0001753222540381461,0.10090177141151717,0.0006802554709559032,-0.10022151594056126
matrix_game,0.001,0,continuation_mu,6400,3,0.0001753222540381461,0.08100949205828172,-0.003006204460158571,-0.08401569651844029
matrix_game,0.001,0,continuation_mu,6500,3,0.0001753222540381461,0.06829102960426947,-0.006331708634702433,-0.0746227382389719
matrix_game,0.001,0,continuation_mu,6600,3,0.0001753222540381461,0.05456436603176804,-0.009321620333191331,-0.06388598636495937
matrix_game,0.001,0,continuation_mu,6700,3,0.0001753222540381461,0.04907221677837466,-0.012385068621646272,-0.06145728540002093
matrix_game,0.001,0,continuation_mu,6800,3,0.0001753222540381461,0.04197341665361759,-0.01492007390047198,-0.05689349055408957
matrix_game,0.001,0,continuation_mu,6900,3,0.0001753222540381461,0.03971057793791775,-0.017196235549329725,-0.05690681348724747
matrix_game,0.001,0,continuation_mu,7000,3,0.0001753222540381461,0.03223287604442109,-0.01916593587522842,-0.05139881191964951
matrix_game,0.001,0,continuation_mu,7100,3,0.0001753222540381461,0.029088887334639876,-0.020868016342159474,-0.04995690367679935
matrix_game,0.001,0,continuation_mu,7200,3,0.0001753222540381461,0.025028911895165765,-0.022429349278711968,-0.04745826117387773
matrix_game,0.001,0,continuation_mu,7300,3,0.0001753222540381461,0.022571786300900166,-0.023781242821880242,-0.04635302912278041
matrix_game,0.001,0,continuation_mu,7400,3,0.0001753222540381461,0.02054961029797278,-0.0249281515700088,-0.04547776186798158
matrix_game,0.001,0,continuation_mu,7500,3,0.0001753222540381461,0.017791645861669526,-0.02597594833498346,-0.043767594196652986
matrix_game,0.001,0,continuation_mu,7600,3,0.0001753222540381461,0.01615528970272327,-0.02685728634073993,-0.0430125760434632
matrix_game,0.001,0,continuation_mu,7700,3,0.0001753222540381461,0.014562494647207665,-0.027656681375609178,-0.04221917602281684
matrix_game,0.001,0,continuation_mu,7800,3,0.0001753222540381461,0.013146652277761448,-0.028353439448100266,-0.041500091725861714
matrix_game,0.001,0,continuation_mu,7900,3,0.0001753222540381461,0.012033401380370207,-0.02896876026313165,-0.04100216164350186
matrix_game,0.001,0,continuation_mu,8000,3,0.0001753222540381461,0.010974071067426202,-0.02951408256485333,-0.04048815363227953
matrix_game,0.001,0,continuation_mu,8100,3,0.0001753222540381461,0.010195127512861845,-0.029990194886917964,-0.04018532239977981
matrix_game,0.001,0,continuation_mu,8200,3,0.0001753222540381461,0.009403592603443,-0.03043788441469253,-0.03984147701813553
matrix_game,0.001,0,continuation_mu,8300,3,0.0001753222540381461,0.008685103550503871,-0.030830211919761714,-0.039515315470265586
matrix_game,0.001,0,continuation_mu,8400,3,0.0001753222540381461,0.00798251834104308,-0.031186977340841162,-0.03916949568188424
matrix_game,0.001,0,continuation_mu,8500,3,0.0001753222540381461,0.007429640626329795,-0.03149833715628443,-0.038927977782614226
matrix_game,0.001,0,continuation_mu,8600,3,0.0001753222540381461,0.006943236700270181,-0.031796151278760704,-0.038739387979030884
matrix_game,0.001,0,continuation_mu,8700,3,0.0001753222540381461,0.006459276453446294,-0.03205478502356754,-0.03851406147701383
matrix_game,0.001,0,continuation_mu,8800,3,0.0001753222540381461,0.006047632105279942,-0.032282675172000404,-0.038330307277280345
matrix_game,0.001,0,continuation_mu,8900,3,0.0001753222540381461,0.005619797896798874,-0.0325073852338365,-0.03812718313063537
matrix_game,0.001,0,continuation_mu,9000,3,0.0001753222540381461,0.005284744630172707,-0.0327293654356321,-0.03801411006580481
matrix_game,0.001,0,continuation_mu,9100,3,0.0001753222540381461,0.004956837985727831,-0.03290564234058995,-0.03786248032631778
matrix_game,0.001,0,continuation_mu,9200,3,0.0001753222540381461,0.004660724945530756,-0.03307725162263711,-0.037737976568167866
matrix_game,0.001,0,continuation_mu,9300,3,0.0001753222540381461,0.0043757238098894174,-0.03323129567830042,-0.037607019488189834
matrix_game,0.001,0,continuation_mu,9400,3,0.0001753222540381461,0.004177551653180123,-0.0333788679229393,-0.037556419576119424
matrix_game,0.001,0,continuation_mu,9500,3,0.0001753222540381461,0.003944206553440098,-0.033507506925669645,-0.03745171347910974
matrix_game,0.001,0,continuation_mu,9600,3,0.0001753222540381461,0.003745693371768423,-0.033630194886573615,-0.03737588825834204
matrix_game,0.001,0,continuation_mu,9700,3,0.0001753222540381461,0.003521758806996206,-0.03374974452465916,-0.03727150333165537
matrix_game,0.001,0,continuation_mu,9800,3,0.0001753222540381461,0.0033420733653106716,-0.0338593479166677,-0.03720142128197837
matrix_game,0.001,0,continuation_mu,9900,3,0.0001753222540381461,0.0032033767297087665,-0.03395140398820719,-0.037154780717915954
matrix_game,0.001,0,continuation_mu,10000,3,0.0001753222540381461,0.0030036996010448305,-0.034048433423176996,-0.03705213302422183
matrix_game,0.001,0,continuation_mu,10100,3,0.0001753222540381461,0.002871973268554616,-0.034130117525001655,-0.03700209079355627
matrix_game,0.001,0,continuation_mu,10200,3,0.0001753222540381461,0.0027189204479526052,-0.034220730001575494,-0.0369396504495281
matrix_game,0.001,0,continuation_mu,10300,3,0.0001753222540381461,0.002604795174974979,-0.03428569251768609,-0.03689048769266107
matrix_game,0.001,0,continuation_mu,10400,3,0.0001753222540381461,0.002472876056475358,-0.03436155709637468,-0.03683443315285004
matrix_game,0.001,0,continuation_mu,10500,3,0.0001753222540381461,0.002357364652744047,-0.034430957232825014,-0.03678832188556906
matrix_game,0.001,0,continuation_mu,10600,3,0.0001753222540381461,0.002260989310066547,-0.0344824108547577,-0.03674340016482425
matrix_game,0.001,0,continuation_mu,10700,3,0.0001753222540381461,0.0021492183620959726,-0.03455763787853795,-0.036706856240633925
matrix_game,0.001,0,continuation_mu,10800,3,0.0001753222540381461,0.002068917831541048,-0.03460205160632209,-0.03667096943786314
matrix_game,0.001,0,continuation_mu,10900,3,0.0001753222540381461,0.0019918538317528905,-0.03464690276613569,-0.03663875659788858
matrix_game,0.001,0,continuation_mu,11000,3,0.0001753222540381461,0.0019161150352021844,-0.034697731897300826,-0.03661384693250301
matrix_game,0.001,0,continuation_mu,11100,3,0.0001753222540381461,0.00182275072027855,-0.03475130979745754,-0.03657406051773609
matrix_game,0.001,0,continuation_mu,11200,3,0.0001753222540381461,0.0017544075164074024,-0.034795918987264085,-0.03655032650367149
matrix_game,0.001,0,continuation_mu,11300,3,0.0001753222540381461,0.0016991376943521139,-0.03482708522365252,-0.036526222918004635
matrix_game,0.001,0,continuation_mu,11400,3,0.0001753222540381461,0.0016237948200905766,-0.03486163354125223,-0.0364854283613428
matrix_game,0.001,0,continuation_mu,11500,3,0.0001753222540381461,0.001557031051392925,-0.034897442817654,-0.036454473869046926
matrix_game,0.001,0,continuation_mu,11600,3,0.0001753222540381461,0.0015036122246975397,-0.034930297047930985,-0.036433909272628524
matrix_game,0.001,0,continuation_mu,11700,3,0.0001753222540381461,0.0014310478933348067,-0.034960260359850594,-0.0363913082531854
matrix_game,0.001,0,continuation_mu,11800,3,0.0001753222540381461,0.0013915995318376367,-0.03498883361784916,-0.036380433149686794
matrix_game,0.001,0,continuation_mu,11900,3,0.0001753222540381461,0.0013464226754856465,-0.035016240632351425,-0.03636266330783707
matrix_game,0.001,0,continuation_mu,12000,3,0.0001753222540381461,0.0012941032859222004,-0.03503694520741391,-0.03633104849333611
matrix_game,0.001,0,continuation_mu,12100,3,0.0001753222540381461,0.0012393734189013739,-0.035068523938658835,-0.03630789735756021
matrix_game,0.001,0,continuation_mu,12200,3,0.0001753222540381461,0.0012052366218989197,-0.03509009111027501,-0.03629532773217393
matrix_game,0.001,0,continuation_mu,12300,3,0.0001753222540381461,0.0011682221377913998,-0.035103200099857505,-0.036271422237648905
matrix_game,0.001,0,continuation_mu,12400,3,0.0001753222540381461,0.0011216851617262477,-0.03513626793148623,-0.036257953093212475
matrix_game,0.001,0,continuation_mu,12500,3,0.0001753222540381461,0.0010907607264927094,-0.035156475081226594,-0.036247235807719304
matrix_game,0.001,0,continuation_mu,12600,3,0.0001753222540381461,0.0010618428733534385,-0.03516873801756121,-0.036230580890914646
matrix_game,0.001,0,continuation_mu,12700,3,0.0001753222540381461,0.0010200328413673063,-0.03518969053805441,-0.036209723379421715
matrix_game,0.001,0,continuation_mu,12760,3,0.0001753222540381461,0.0009991646074050606,-0.03520500898246433,-0.03620417358986939
matrix_game,0.0001,0,fixed_mu,0,1,8.766112701907304e-06,1.0547081519933732,0.059994712741787026,-0.9947134392515862
matrix_game,0.0001,0,fixed_mu,1,1,8.766112701907304e-06,1.0546994557871023,0.05998601653551615,-0.9947134392515862
matrix_game,0.0001,0,fixed_mu,1000,1,8.766112701907304e-06,0.27997549521535225,0.02216709874319913,-0.25780839647215315
matrix_game,0.0001,0,fixed_mu,2000,1,8.766112701907304e-06,0.1346975056600317,0.009655332365128454,-0.12504217329490325
matrix_game,0.0001,0,fixed_mu,3000,1,8.766112701907304e-06,0.0858667613462526,0.0008164222608672929,-0.0850503390853853
matrix_game,0.0001,0,fixed_mu,4000,1,8.766112701907304e-06,0.05520125087750849,-0.006246746163262016,-0.06144799704077051
matrix_game,0.0001,0,fixed_mu,5000,1,8.766112701907304e-06,0.038225186001516996,-0.01166620512328171,-0.049891391124798706
matrix_game,0.0001,0,fixed_mu,6000,1,8.766112701907304e-06,0.02791863317218791,-0.015792656160518625,-0.043711289332706536
matrix_game,0.0001,0,fixed_mu,7000,1,8.766112701907304e-06,0.022073067310998465,-0.018914169567000767,-0.04098723687799923
matrix_game,0.0001,0,fixed_mu,8000,1,8.766112701907304e-06,0.017978746138882958,-0.02122868103428531,-0.03920742717316827
matrix_game,0.0001,0,fixed_mu,9000,1,8.766112701907304e-06,0.014521304671806602,-0.022970601063803803,-0.037491905735610405
matrix_game,0.0001,0,fixed_mu,10000,1,8.766112701907304e-06,0.011891369544622648,-0.02431930408061141,-0.03621067362523406
matrix_game,0.0001,0,fixed_mu,11000,1,8.766112701907304e-06,0.009940032090880735,-0.0253612149942617,-0.035301247085142436
matrix_game,0.0001,0,fixed_mu,12000,1,8.766112701907304e-06,0.008399876899571536,-0.026185309015255717,-0.03458518591482725
matrix_game,0.0001,0,fixed_mu,13000,1,8.766112701907304e-06,0.0071288364521070215,-0.026840075145103465,-0.03396891159721049
matrix_game,0.0001,0,fixed_mu,14000,1,8.766112701907304e-06,0.0061256783463674545,-0.027372029160289867,-0.03349770750665732
matrix_game,0.0001,0,fixed_mu,15000,1,8.766112701907304e-06,0.005345767733724496,-0.027807505245083183,-0.03315327297880768
matrix_game,0.0001,0,fixed_mu,16000,1,8.766112701907304e-06,0.004705083344052858,-0.028171618175056024,-0.03287670151910888
matrix_game,0.0001,0,fixed_mu,17000,1,8.766112701907304e-06,0.0041714848030018625,-0.028477431237886777,-0.03264891604088864
matrix_game,0.0001,0,fixed_mu,18000,1,8.766112701907304e-06,0.0037079350340867914,-0.02873497743096165,-0.03244291246504844
matrix_game,0.0001,0,fixed_mu,19000,1,8.766112701907304e-06,0.00331479677368645,-0.02895504905350562,-0.03226984582719207
matrix_game,0.0001,0,fixed_mu,20000,1,8.766112701907304e-06,0.0029609222226563287,-0.02914364868910032,-0.03210457091175665
matrix_game,0.0001,0,fixed_mu,21000,1,8.766112701907304e-06,0.0026839196200004606,-0.02930686771177341,-0.03199078733177387
matrix_game,0.0001,0,fixed_mu,22000,1,8.766112701907304e-06,0.0024283290385044495,-0.02944891375639124,-0.03187724279489569
matrix_game,0.0001,0,fixed_mu,23000,1,8.766112701907304e-06,0.0022040462229279065,-0.029572478938659143,-0.03177652516158705
matrix_game,0.0001,0,fixed_mu,24000,1,8.766112701907304e-06,0.002022348986866422,-0.029680040779983062,-0.031702389766849484
matrix_game,0.0001,0,fixed_mu,25000,1,8.766112701907304e-06,0.001844409977882329,-0.02977573013020223,-0.03162014010808456
matrix_game,0.0001,0,fixed_mu,26000,1,8.766112701907304e-06,0.0016862949487915155,-0.029859757103835316,-0.03154605205262683
matrix_game,0.0001,0,fixed_mu,27000,1,8.766112701907304e-06,0.0015581735719811599,-0.029934799686076034,-0.031492973258057194
matrix_game,0.0001,0,fixed_mu,28000,1,8.766112701907304e-06,0.001435484036529426,-0.030001327220309126,-0.03143681125683855
matrix_game,0.0001,0,fixed_mu,29000,1,8.766112701907304e-06,0.001321917921753235,-0.030060259298714462,-0.0313821772204677
matrix_game,0.0001,0,fixed_mu,30000,1,8.766112701907304e-06,0.0012296751780333723,-0.030114173815749337,-0.03134384899378271
matrix_game,0.0001,0,fixed_mu,31000,1,8.766112701907304e-06,0.0011440459489031052,-0.030161880226471732,-0.03130592617537484
matrix_game,0.0001,0,fixed_mu,32000,1,8.766112701907304e-06,0.0010699166653222146,-0.0302054558140565,-0.03127537247937871
matrix_game,0.0001,0,fixed_mu,33000,1,8.766112701907304e-06,0.0009944015392248547,-0.030244601483753616,-0.03123900302297847
matrix_game,0.0001,0,fixed_mu,34000,1,8.766112701907304e-06,0.0009315707797388842,-0.030280367618860618,-0.031211938398599502
matrix_game,0.0001,0,fixed_mu,35000,1,8.766112701907304e-06,0.0008718913392181185,-0.03031300995289836,-0.031184901292116478
matrix_game,0.0001,0,fixed_mu,36000,1,8.766112701907304e-06,0.0008136380664047829,-0.03034310937855348,-0.031156747444958263
matrix_game,0.0001,0,fixed_mu,37000,1,8.766112701907304e-06,0.0007638531131825103,-0.03037009996839823,-0.03113395308158074
matrix_game,0.0001,0,fixed_mu,38000,1,8.766112701907304e-06,0.0007219693595230149,-0.030395122967994667,-0.031117092327517682
matrix_game,0.0001,0,fixed_mu,39000,1,8.766112701907304e-06,0.0006776062890932223,-0.03041808355103467,-0.031095689840127894
matrix_game,0.0001,0,fixed_mu,40000,1,8.766112701907304e-06,0.0006382543984766453,-0.030438969496440156,-0.0310772238949168
matrix_game,0.0001,0,fixed_mu,41000,1,8.766112701907304e-06,0.0006054968883743017,-0.030458379040625753,-0.031063875929000055
matrix_game,0.0001,0,fixed_mu,42000,1,8.766112701907304e-06,0.0005702988179831711,-0.03047579594272201,-0.031046094760705183
matrix_game,0.0001,0,fixed_mu,43000,1,8.766112701907304e-06,0.000540441460956817,-0.030492777717786003,-0.03103321917874282
matrix_game,0.0001,0,fixed_mu,44000,1,8.766112701907304e-06,0.0005076077337359784,-0.030508434999100574,-0.031016042732836552
matrix_game,0.0001,0,fixed_mu,45000,1,8.766112701907304e-06,0.0004833769355950153,-0.03052254588189214,-0.031005922817487156
matrix_game,0.0001,0,fixed_mu,46000,1,8.766112701907304e-06,0.00045699251054110226,-0.030535818328007377,-0.03099281083854848
matrix_game,0.0001,0,fixed_mu,47000,1,8.766112701907304e-06,0.00043279312721519747,-0.030547913314018876,-0.030980706441234074
matrix_game,0.0001,0,fixed_mu,48000,1,8.766112701907304e-06,0.0004099913816810498,-0.030559420310167715,-0.030969411691848765
matrix_game,0.0001,0,fixed_mu,49000,1,8.766112701907304e-06,0.0003902382277258462,-0.030569743061930846,-0.030959981289656692
matrix_game,0.0001,0,fixed_mu,50000,1,8.766112701907304e-06,0.0003707163399776954,-0.030579575597281396,-0.03095029193725909
matrix_game,0.0001,0,fixed_mu,51000,1,8.766112701907304e-06,0.00035324610856519306,-0.030588311008131357,-0.03094155711669655
matrix_game,0.0001,0,fixed_mu,52000,1,8.766112701907304e-06,0.00033790359904549774,-0.030596533443756638,-0.030934437042802135
matrix_game,0.0001,0,fixed_mu,53000,1,8.766112701907304e-06,0.0003210286065740628,-0.0306043869260966,-0.030925415532670662
matrix_game,0.0001,0,fixed_mu,54000,1,8.766112701907304e-06,0.0003056615995617705,-0.03061152602041541,-0.03091718761997718
matrix_game,0.0001,0,fixed_mu,55000,1,8.766112701907304e-06,0.00029151205010415765,-0.03061787946418365,-0.030909391514287808
matrix_game,0.0001,0,fixed_mu,56000,1,8.766112701907304e-06,0.000278762997964227,-0.03062423153609703,-0.030902994534061257
matrix_game,0.0001,0,fixed_mu,57000,1,8.766112701907304e-06,0.00026642611114313305,-0.03063003186704482,-0.030896457978187953
matrix_game,0.0001,0,fixed_mu,58000,1,8.766112701907304e-06,0.0002568759419904268,-0.030635287020017034,-0.03089216296200746
matrix_game,0.0001,0,fixed_mu,59000,1,8.766112701907304e-06,0.00024647220581256943,-0.030640858936953466,-0.030887331142766036
matrix_game,0.0001,0,fixed_mu,60000,1,8.766112701907304e-06,0.00023609716938639835,-0.030645618180022576,-0.030881715349408975
matrix_game,0.0001,0,fixed_mu,61000,1,8.766112701907304e-06,0.00022692903965038438,-0.030649586775902356,-0.03087651581555274
matrix_game,0.0001,0,fixed_mu,62000,1,8.766112701907304e-06,0.00021699848479051972,-0.030653797777803013,-0.030870796262593533
matrix_game,0.0001,0,fixed_mu,63000,1,8.766112701907304e-06,0.00020682372376016472,-0.030657313901200953,-0.030864137624961117
matrix_game,0.0001,0,fixed_mu,64000,1,8.766112701907304e-06,0.00019947994825456755,-0.03066066719737838,-0.030860147145632948
matrix_game,0.0001,0,fixed_mu,65000,1,8.766112701907304e-06,0.00019390955837059534,-0.030663947862693136,-0.03085785742106373
matrix_game,0.0001,0,fixed_mu,66000,1,8.766112701907304e-06,0.0001883700349117473,-0.030666982625948927,-0.030855352660860674
matrix_game,0.0001,0,fixed_mu,67000,1,8.766112701907304e-06,0.00018060007659502844,-0.03067032724600155,-0.030850927322596578
matrix_game,0.0001,0,fixed_mu,68000,1,8.766112701907304e-06,0.0001741320035622898,-0.030672906415344307,-0.030847038418906597
matrix_game,0.0001,0,fixed_mu,69000,1,8.766112701907304e-06,0.00016766596734318906,-0.030675628345737636,-0.030843294313080825
matrix_game,0.0001,0,fixed_mu,70000,1,8.766112701907304e-06,0.00016274414412930163,-0.030677771313728938,-0.03084051545785824
matrix_game,0.0001,0,fixed_mu,71000,1,8.766112701907304e-06,0.00015757020996867363,-0.030679873934766375,-0.03083744414473505
matrix_game,0.0001,0,fixed_mu,72000,1,8.766112701907304e-06,0.0001525734636035267,-0.03068180056967123,-0.030834374033274756
matrix_game,0.0001,0,fixed_mu,73000,1,8.766112701907304e-06,0.00014748956106603803,-0.03068365448949221,-0.030831144050558246
matrix_game,0.0001,0,fixed_mu,74000,1,8.766112701907304e-06,0.00014276433207178335,-0.030685426391330907,-0.03082819072340269
matrix_game,0.0001,0,fixed_mu,75000,1,8.766112701907304e-06,0.00013877065317258533,-0.0306871796043632,-0.030825950257535786
matrix_game,0.0001,0,fixed_mu,76000,1,8.766112701907304e-06,0.00013407394284164,-0.030688889271871467,-0.030822963214713107
matrix_game,0.0001,0,fixed_mu,77000,1,8.766112701907304e-06,0.00012986648185515232,-0.030690500340181975,-0.030820366822037128
matrix_game,0.0001,0,fixed_mu,78000,1,8.766112701907304e-06,0.00012674585771121905,-0.030691856913900667,-0.030818602771611886
matrix_game,0.0001,0,fixed_mu,79000,1,8.766112701907304e-06,0.0001224856213198032,-0.030693099355008198,-0.030815584976328
matrix_game,0.0001,0,fixed_mu,80000,1,8.766112701907304e-06,0.0001199452681160916,-0.03069429830390466,-0.030814243572020752
matrix_game,0.0001,0,fixed_mu,81000,1,8.766112701907304e-06,0.00011638657424454038,-0.030695549809876946,-0.030811936384121486
matrix_game,0.0001,0,fixed_mu,82000,1,8.766112701907304e-06,0.00011347983051633592,-0.030696661297826958,-0.030810141128343294
matrix_game,0.0001,0,fixed_mu,83000,1,8.766112701907304e-06,0.00011053533065483526,-0.030697727402217705,-0.03080826273287254
matrix_game,0.0001,0,fixed_mu,84000,1,8.766112701907304e-06,0.00010680168407540061,-0.03069907423920587,-0.03080587592328127
matrix_game,0.0001,0,fixed_mu,85000,1,8.766112701907304e-06,0.00010445345136393669,-0.03069980663433365,-0.030804260085697588
matrix_game,0.0001,0,fixed_mu,86000,1,8.766112701907304e-06,0.00010150686032266848,-0.030700763478716087,-0.030802270339038755
matrix_game,0.0001,0,fixed_mu,86363,1,8.766112701907304e-06,9.994793231872523e-05,-0.030701015958272064,-0.03080096389059079
matrix_game,0.0001,0,continuation_mu,0,1,7.012890161525844e-05,1.0547081519933732,0.059994712741787026,-0.9947134392515862
matrix_game,0.0001,0,continuation_mu,1,1,7.012890161525844e-05,1.054638582343203,0.05992514309161684,-0.9947134392515862
matrix_game,0.0001,0,continuation_mu,1000,1,7.012890161525844e-05,0.09285495090275536,0.0021686306951150622,-0.0906863202076403
matrix_game,0.0001,0,continuation_mu,2000,1,7.012890161525844e-05,0.0324368970921895,-0.014624286620578644,-0.04706118371276814
matrix_game,0.0001,0,continuation_mu,3000,1,7.012890161525844e-05,0.016124349893039618,-0.02228275951840953,-0.03840710941144915
matrix_game,0.0001,0,continuation_mu,4000,1,7.012890161525844e-05,0.009306268778696426,-0.025784508513797988,-0.035090777292494414
matrix_game,0.0001,0,continuation_mu,5000,1,7.012890161525844e-05,0.005950930753275088,-0.027577159795173833,-0.03352809054844892
matrix_game,0.0001,0,continuation_mu,6000,1,7.012890161525844e-05,0.004027386658896008,-0.02860561690673987,-0.03263300356563588
matrix_game,0.0001,0,continuation_mu,7000,1,7.012890161525844e-05,0.0029593107126412894,-0.02923304052114273,-0.03219235123378402
matrix_game,0.0001,0,continuation_mu,8000,1,7.012890161525844e-05,0.0021977168349965673,-0.029635919333487665,-0.03183363616848423
matrix_game,0.0001,0,continuation_mu,9000,1,7.012890161525844e-05,0.0016988423171762357,-0.029913574661988254,-0.03161241697916449
matrix_game,0.0001,0,continuation_mu,10000,1,7.012890161525844e-05,0.0013165806722621742,-0.03010472133920985,-0.03142130201147202
matrix_game,0.0001,0,continuation_mu,11000,1,7.012890161525844e-05,0.0010702480632493877,-0.030244626330891825,-0.03131487439414121
matrix_game,0.0001,0,continuation_mu,12000,1,7.012890161525844e-05,0.000873673171598581,-0.0303432805010495,-0.031216953672648082
matrix_game,0.0001,0,continuation_mu,13000,1,7.012890161525844e-05,0.0007196774478731606,-0.03041815990666996,-0.031137837354543122
matrix_game,0.0001,0,continuation_mu,14000,1,7.012890161525844e-05,0.000614954219104364,-0.030473830705222624,-0.031088784924326988
matrix_game,0.0001,0,continuation_mu,15000,1,7.012890161525844e-05,0.0005266661192941738,-0.03051477631051372,-0.031041442429807893
matrix_game,0.0001,0,continuation_mu,16000,1,7.012890161525844e-05,0.0004619807777785437,-0.03054377407579325,-0.031005754853571793
matrix_game,0.0001,0,continuation_mu,17000,1,7.012890161525844e-05,0.00040439494882136065,-0.03056574357155044,-0.0309701385203718
matrix_game,0.0001,0,continuation_mu,17153,1,7.012890161525844e-05,0.00039970334681656977,-0.030571114827764513,-0.030970818174581083
matrix_game,0.0001,0,continuation_mu,17154,2,3.506445080762922e-05,0.06514298240084909,-0.030573230522837135,-0.09571621292368623
matrix_game,0.0001,0,continuation_mu,18000,2,3.506445080762922e-05,0.151561661971081,0.012785334388423306,-0.1387763275826577
matrix_game,0.0001,0,continuation_mu,19000,2,3.506445080762922e-05,0.06287979099155427,-0.004279671629748847,-0.06715946262130312
matrix_game,0.0001,0,continuation_mu,20000,2,3.506445080762922e-05,0.03046512844850333,-0.014663000203694505,-0.045128128652197834
matrix_game,0.0001,0,continuation_mu,21000,2,3.506445080762922e-05,0.01921936961937313,-0.020688877426733407,-0.039908247046106536
matrix_game,0.0001,0,continuation_mu,22000,2,3.506445080762922e-05,0.012527059511443887,-0.02404432763519322,-0.03657138714663711
matrix_game,0.0001,0,continuation_mu,23000,2,3.506445080762922e-05,0.008740309431263475,-0.02604525692465062,-0.034785566355914094
matrix_game,0.0001,0,continuation_mu,24000,2,3.506445080762922e-05,0.006329934937921989,-0.02730856924276129,-0.03363850418068328
matrix_game,0.0001,0,continuation_mu,25000,2,3.506445080762922e-05,0.004816402453714088,-0.02815713764834452,-0.03297354010205861
matrix_game,0.0001,0,continuation_mu,26000,2,3.506445080762922e-05,0.0037439155597429677,-0.028748720073420164,-0.03249263563316313
matrix_game,0.0001,0,continuation_mu,27000,2,3.506445080762922e-05,0.002990185780927721,-0.029174141776139664,-0.032164327557067385
matrix_game,0.0001,0,continuation_mu,28000,2,3.506445080762922e-05,0.0024454790865963798,-0.02948400086469646,-0.03192947995129284
matrix_game,0.0001,0,continuation_mu,29000,2,3.506445080762922e-05,0.002021016744998945,-0.029724095305913696,-0.03174511205091264
matrix_game,0.0001,0,continuation_mu,30000,2,3.506445080762922e-05,0.0016746495074136877,-0.029904487264358667,-0.031579136771772355
matrix_game,0.0001,0,continuation_mu,31000,2,3.506445080762922e-05,0.0014091517146578962,-0.030047624992972807,-0.0314567767076307
matrix_game,0.0001,0,continuation_mu,32000,2,3.506445080762922e-05,0.0012074619257371397,-0.03016003328997302,-0.03136749521571016
matrix_game,0.0001,0,continuation_mu,33000,2,3.506445080762922e-05,0.001041318910654107,-0.030250171477709767,-0.031291490388363874
matrix_game,0.0001,0,continuation_mu,34000,2,3.506445080762922e-05,0.0009001910486107177,-0.030323346056262163,-0.03122353710487288
matrix_game,0.0001,0,continuation_mu,35000,2,3.506445080762922e-05,0.0007836442706393339,-0.030382245336208473,-0.031165889606847807
matrix_game,0.0001,0,continuation_mu,36000,2,3.506445080762922e-05,0.0006867123732460581,-0.03043328035070566,-0.031119992723951717
matrix_game,0.0001,0,continuation_mu,37000,2,3.506445080762922e-05,0.0006095049252904869,-0.030474202466646887,-0.031083707391937374
matrix_game,0.0001,0,continuation_mu,38000,2,3.506445080762922e-05,0.0005417080009922151,-0.030506929017707164,-0.03104863701869938
matrix_game,0.0001,0,continuation_mu,39000,2,3.506445080762922e-05,0.00048506074687710773,-0.030535203456412405,-0.031020264203289512
matrix_game,0.0001,0,continuation_mu,40000,2,3.506445080762922e-05,0.0004403927564901114,-0.030558442522747267,-0.03099883527923738
matrix_game,0.0001,0,continuation_mu,41000,2,3.506445080762922e-05,0.00039778557842695683,-0.03057730697445262,-0.030975092552879578
matrix_game,0.0001,0,continuation_mu,42000,2,3.506445080762922e-05,0.00036118662268748436,-0.03059391567236215,-0.030955102295049636
matrix_game,0.0001,0,continuation_mu,43000,2,3.506445080762922e-05,0.0003300682175265829,-0.03060692525866307,-0.030936993476189653
matrix_game,0.0001,0,continuation_mu,44000,2,3.506445080762922e-05,0.0003030322307593959,-0.030618510030149225,-0.03092154226090862
matrix_game,0.0001,0,continuation_mu,45000,2,3.506445080762922e-05,0.0002805826278796421,-0.03062853305563356,-0.030909115683513202
matrix_game,0.0001,0,continuation_mu,46000,2,3.506445080762922e-05,0.0002587691011709907,-0.030637655751870774,-0.030896424853041764
matrix_game,0.0001,0,continuation_mu,47000,2,3.506445080762922e-05,0.00024072028215060479,-0.030644895637106692,-0.030885615919257297
matrix_game,0.0001,0,continuation_mu,48000,2,3.506445080762922e-05,0.00022588267344479662,-0.030649927487168424,-0.03087581016061322
matrix_game,0.0001,0,continuation_mu,49000,2,3.506445080762922e-05,0.00021192760115053277,-0.030655118630657244,-0.030867046231807777
matrix_game,0.0001,0,continuation_mu,49845,2,3.506445080762922e-05,0.0001998733698724449,-0.030658732014147337,-0.030858605384019782
matrix_game,0.0001,0,continuation_mu,49846,3,1.753222540381461e-05,0.06737040015895426,-0.03065976092277472,-0.09803016108172898
matrix_game,0.0001,0,continuation_mu,50000,3,1.753222540381461e-05,0.9882646377272551,0.04588659565601973,-0.9423780420712354
matrix_game,0.0001,0,continuation_mu,51000,3,1.753222540381461e-05,0.1549201222330016,0.01345247708023124,-0.14146764515277038
matrix_game,0.0001,0,continuation_mu,52000,3,1.753222540381461e-05,0.08550792311598777,0.0004441156895299814,-0.08506380742645779
matrix_game,0.0001,0,continuation_mu,53000,3,1.753222540381461e-05,0.04734671988688557,-0.008962188534964279,-0.056308908421849845
matrix_game,0.0001,0,continuation_mu,54000,3,1.753222540381461e-05,0.02947637231402899,-0.015370987451627752,-0.04484735976565674
matrix_game,0.0001,0,continuation_mu,55000,3,1.753222540381461e-05,0.020810121668474908,-0.01970746759064651,-0.04051758925912142
matrix_game,0.0001,0,continuation_mu,56000,3,1.753222540381461e-05,0.015310588902298902,-0.02255996526662111,-0.03787055416892001
matrix_game,0.0001,0,continuation_mu,57000,3,1.753222540381461e-05,0.011646359192017237,-0.024505462136521883,-0.03615182132853912
matrix_game,0.0001,0,continuation_mu,58000,3,1.753222540381461e-05,0.009021907202808488,-0.025866851965143635,-0.03488875916795212
matrix_game,0.0001,0,continuation_mu,59000,3,1.753222540381461e-05,0.007158435976511387,-0.026850259765092224,-0.03400869574160361
matrix_game,0.0001,0,continuation_mu,60000,3,1.753222540381461e-05,0.005783905802864954,-0.027582644638852155,-0.03336655044171711
matrix_game,0.0001,0,continuation_mu,61000,3,1.753222540381461e-05,0.004794641586480582,-0.02814032631699502,-0.0329349679034756
matrix_game,0.0001,0,continuation_mu,62000,3,1.753222540381461e-05,0.004050007774712601,-0.02857257154295792,-0.03262257931767052
matrix_game,0.0001,0,continuation_mu,63000,3,1.753222540381461e-05,0.0034223394910710275,-0.02891353810459185,-0.03233587759566288
matrix_game,0.0001,0,continuation_mu,64000,3,1.753222540381461e-05,0.00292834076501744,-0.029188311209238926,-0.032116651974256366
matrix_game,0.0001,0,continuation_mu,65000,3,1.753222540381461e-05,0.0025115955459493813,-0.02941184069766186,-0.03192343624361124
matrix_game,0.0001,0,continuation_mu,66000,3,1.753222540381461e-05,0.0022094186663587367,-0.02959461641634005,-0.03180403508269879
matrix_game,0.0001,0,continuation_mu,67000,3,1.753222540381461e-05,0.0019416561550251454,-0.029745463477236493,-0.03168711963226164
matrix_game,0.0001,0,continuation_mu,68000,3,1.753222540381461e-05,0.0017100872184266439,-0.029868508607996523,-0.03157859582642317
matrix_game,0.0001,0,continuation_mu,69000,3,1.753222540381461e-05,0.0015062512273607276,-0.029975513830911682,-0.03148176505827241
matrix_game,0.0001,0,continuation_mu,70000,3,1.753222540381461e-05,0.0013482691549554782,-0.03006512204069761,-0.03141339119565309
matrix_game,0.0001,0,continuation_mu,71000,3,1.753222540381461e-05,0.0012144275651114964,-0.030141982167938862,-0.03135640973305036
matrix_game,0.0001,0,continuation_mu,72000,3,1.753222540381461e-05,0.0010900938238820601,-0.0302077950332997,-0.03129788885718176
matrix_game,0.0001,0,continuation_mu,73000,3,1.753222540381461e-05,0.000987212647457554,-0.030264041109262854,-0.03125125375672041
matrix_game,0.0001,0,continuation_mu,74000,3,1.753222540381461e-05,0.0008943268011673174,-0.0303136184588901,-0.031207945260057417
matrix_game,0.0001,0,continuation_mu,75000,3,1.753222540381461e-05,0.0008171788143563168,-0.03035730374078171,-0.031174482555138026
matrix_game,0.0001,0,continuation_mu,76000,3,1.753222540381461e-05,0.0007427178069155417,-0.030395407140049388,-0.03113812494696493
matrix_game,0.0001,0,continuation_mu,77000,3,1.753222540381461e-05,0.0006822205748883287,-0.030429316288060726,-0.031111536862949055
matrix_game,0.0001,0,continuation_mu,78000,3,1.753222540381461e-05,0.0006237979475681339,-0.030458715071721605,-0.03108251301928974
matrix_game,0.0001,0,continuation_mu,79000,3,1.753222540381461e-05,0.0005736691573158433,-0.03048527554469188,-0.031058944702007724
matrix_game,0.0001,0,continuation_mu,80000,3,1.753222540381461e-05,0.0005260080482132265,-0.030507685164214253,-0.03103369321242748
matrix_game,0.0001,0,continuation_mu,81000,3,1.753222540381461e-05,0.0004859731737140334,-0.030529389020153765,-0.031015362193867798
matrix_game,0.0001,0,continuation_mu,82000,3,1.753222540381461e-05,0.00045342384504576047,-0.030547379947215764,-0.031000803792261524
matrix_game,0.0001,0,continuation_mu,83000,3,1.753222540381461e-05,0.00041840390063103625,-0.03056361513422979,-0.030982019034860826
matrix_game,0.0001,0,continuation_mu,84000,3,1.753222540381461e-05,0.00039050639244357296,-0.03057727293644335,-0.030967779328886922
matrix_game,0.0001,0,continuation_mu,85000,3,1.753222540381461e-05,0.0003620211219661912,-0.030590440133020987,-0.030952461254987178
matrix_game,0.0001,0,continuation_mu,86000,3,1.753222540381461e-05,0.00033868963451223755,-0.030601956527894367,-0.030940646162406604
matrix_game,0.0001,0,continuation_mu,87000,3,1.753222540381461e-05,0.0003173564769663115,-0.030612162365529882,-0.030929518842496194
matrix_game,0.0001,0,continuation_mu,88000,3,1.753222540381461e-05,0.0002984453737740235,-0.030621698885066696,-0.03092014425884072
matrix_game,0.0001,0,continuation_mu,89000,3,1.753222540381461e-05,0.00027954853712398864,-0.03062929965424442,-0.03090884819136841
matrix_game,0.0001,0,continuation_mu,90000,3,1.753222540381461e-05,0.0002625396464036242,-0.030636186088220385,-0.03089872573462401
matrix_game,0.0001,0,continuation_mu,91000,3,1.753222540381461e-05,0.00024905971753471506,-0.030643034830886928,-0.030892094548421643
matrix_game,0.0001,0,continuation_mu,92000,3,1.753222540381461e-05,0.00023452921666147764,-0.03064931666234235,-0.030883845879003828
matrix_game,0.0001,0,continuation_mu,93000,3,1.753222540381461e-05,0.00022077103305631618,-0.03065491287296815,-0.030875683906024465
matrix_game,0.0001,0,continuation_mu,94000,3,1.753222540381461e-05,0.0002116695143152894,-0.03065939361683359,-0.03087106313114888
matrix_game,0.0001,0,continuation_mu,95000,3,1.753222540381461e-05,0.0002008245299010246,-0.03066298153763658,-0.030863806067537605
matrix_game,0.0001,0,continuation_mu,96000,3,1.753222540381461e-05,0.00019110041458537258,-0.030666859340584586,-0.03085795975516996
matrix_game,0.0001,0,continuation_mu,97000,3,1.753222540381461e-05,0.00018233426179034562,-0.030670407375796266,-0.03085274163758661
matrix_game,0.0001,0,continuation_mu,98000,3,1.753222540381461e-05,0.00017426776668898886,-0.03067348000896586,-0.030847747775654848
matrix_game,0.0001,0,continuation_mu,99000,3,1.753222540381461e-05,0.00016607465037130759,-0.03067684165278175,-0.030842916303153056
matrix_game,0.0001,0,continuation_mu,100000,3,1.753222540381461e-05,0.0001594197166756052,-0.030679325672383097,-0.030838745389058703
matrix_game,0.0001,0,continuation_mu,101000,3,1.753222540381461e-05,0.00015260066112404366,-0.03068122325343289,-0.030833823914556933
matrix_game,0.0001,0,continuation_mu,102000,3,1.753222540381461e-05,0.00014751761421639975,-0.030683419686196672,-0.030830937300413072
matrix_game,0.0001,0,continuation_mu,103000,3,1.753222540381461e-05,0.00014059452777539366,-0.03068556956863698,-0.030826164096412374
matrix_game,0.0001,0,continuation_mu,104000,3,1.753222540381461e-05,0.00013420423934256895,-0.030687910623582886,-0.030822114862925454
matrix_game,0.0001,0,continuation_mu,105000,3,1.753222540381461e-05,0.00012863860125788065,-0.030689587325996408,-0.03081822592725429
matrix_game,0.0001,0,continuation_mu,106000,3,1.753222540381461e-05,0.00012427381651196334,-0.03069104459914678,-0.030815318415658745
matrix_game,0.0001,0,continuation_mu,107000,3,1.753222540381461e-05,0.00011984364992402574,-0.03069236899806163,-0.030812212647985657
matrix_game,0.0001,0,continuation_mu,108000,3,1.753222540381461e-05,0.00011418577503291213,-0.03069379970942758,-0.030807985484460492
matrix_game,0.0001,0,continuation_mu,109000,3,1.753222540381461e-05,0.00011072391178070656,-0.030694541602220404,-0.03080526551400111
matrix_game,0.0001,0,continuation_mu,110000,3,1.753222540381461e-05,0.00010713561172860653,-0.030696161845157423,-0.03080329745688603
matrix_game,0.0001,0,continuation_mu,111000,3,1.753222540381461e-05,0.00010399153410824494,-0.03069682068806237,-0.030800812222170616
matrix_game,0.0001,0,continuation_mu,112000,3,1.753222540381461e-05,0.0001007917439801373,-0.030697690460556377,-0.030798482204536515
matrix_game,0.0001,0,continuation_mu,112314,3,1.753222540381461e-05,9.994284450096785e-05,-0.030697873740445338,-0.030797816584946305
continuous_location,0.01,0,fixed_mu,0,1,0.0002059702545874153,9.732572359230943,32.552537710279296,22.819965351048353
continuous_location,0.01,0,fixed_mu,1,1,0.0002059702545874153,9.73217055805,32.552135909098354,22.819965351048353
continuous_location,0.01,0,fixed_mu,100,1,0.0002059702545874153,7.9089833372973,32.1563516376309,24.247368300333598
continuous_location,0.01,0,fixed_mu,200,1,0.0002059702545874153,4.498552438697448,31.770904932463132,27.272352493765684
continuous_location,0.01,0,fixed_mu,300,1,0.0002059702545874153,1.9187600909006512,31.757805241380684,29.839045150480032
continuous_location,0.01,0,fixed_mu,400,1,0.0002059702545874153,0.7085159627630233,31.74970590976464,31.041189947001616
continuous_location,0.01,0,fixed_mu,500,1,0.0002059702545874153,0.4807677845140539,31.748801698744675,31.26803391423062
continuous_location,0.01,0,fixed_mu,600,1,0.0002059702545874153,0.4551840683182604,31.747519747248177,31.292335678929916
continuous_location,0.01,0,fixed_mu,700,1,0.0002059702545874153,0.32337742773398404,31.74732434048007,31.423946912746086
continuous_location,0.01,0,fixed_mu,800,1,0.0002059702545874153,0.19368107372270416,31.747003586897424,31.55332251317472
continuous_location,0.01,0,fixed_mu,900,1,0.0002059702545874153,0.160709532573442,31.746894674688786,31.586185142115344
continuous_location,0.01,0,fixed_mu,1000,1,0.0002059702545874153,0.1565009790488503,31.746823947532462,31.590322968483612
continuous_location,0.01,0,fixed_mu,1100,1,0.0002059702545874153,0.12574672905357787,31.746731709882635,31.620984980829057
continuous_location,0.01,0,fixed_mu,1200,1,0.0002059702545874153,0.09057329954806548,31.746743408056528,31.656170108508462
continuous_location,0.01,0,fixed_mu,1300,1,0.0002059702545874153,0.08008910065306907,31.746660824458292,31.666571723805223
continuous_location,0.01,0,fixed_mu,1400,1,0.0002059702545874153,0.077000596503499,31.74669973884012,31.669699142336622
continuous_location,0.01,0,fixed_mu,1500,1,0.0002059702545874153,0.06603156806482957,31.7466281235246,31.680596555459772
continuous_location,0.01,0,fixed_mu,1600,1,0.0002059702545874153,0.052943614120859905,31.74667244293953,31.69372882881867
continuous_location,0.01,0,fixed_mu,1700,1,0.0002059702545874153,0.04779226094354172,31.746612978268764,31.698820717325223
continuous_location,0.01,0,fixed_mu,1800,1,0.0002059702545874153,0.045152464615380694,31.746653642637455,31.701501178022074
continuous_location,0.01,0,fixed_mu,1900,1,0.0002059702545874153,0.040603069407112,31.74660638774979,31.706003318342677
continuous_location,0.01,0,fixed_mu,2000,1,0.0002059702545874153,0.03493228165565654,31.746639939132333,31.711707657476676
continuous_location,0.01,0,fixed_mu,2100,1,0.0002059702545874153,0.03158645286613293,31.746603968023365,31.715017515157232
continuous_location,0.01,0,fixed_mu,2200,1,0.0002059702545874153,0.02945296893511795,31.74662968824346,31.71717671930834
continuous_location,0.01,0,fixed_mu,2300,1,0.0002059702545874153,0.027538165272236625,31.74660348759023,31.719065322317995
continuous_location,0.01,0,fixed_mu,2400,1,0.0002059702545874153,0.024828954947548,31.746621985899676,31.721793030952128
continuous_location,0.01,0,fixed_mu,2500,1,0.0002059702545874153,0.022306271645653908,31.746603771696446,31.724297500050792
continuous_location,0.01,0,fixed_mu,2600,1,0.0002059702545874153,0.020672458950581785,31.74661625540117,31.72594379645059
continuous_location,0.01,0,fixed_mu,2700,1,0.0002059702545874153,0.019962450333419923,31.74660422589633,31.72664177556291
continuous_location,0.01,0,fixed_mu,2800,1,0.0002059702545874153,0.018538590235635866,31.746612073599422,31.728073483363787
continuous_location,0.01,0,fixed_mu,2900,1,0.0002059702545874153,0.016519573915346086,31.746604574425106,31.73008500050976
continuous_location,0.01,0,fixed_mu,3000,1,0.0002059702545874153,0.015320752820674244,31.746609099821317,31.731288347000643
continuous_location,0.01,0,fixed_mu,3100,1,0.0002059702545874153,0.015173431950326943,31.746604723634352,31.731431291684025
continuous_location,0.01,0,fixed_mu,3200,1,0.0002059702545874153,0.014328462744554571,31.74660704648023,31.732278583735674
continuous_location,0.01,0,fixed_mu,3300,1,0.0002059702545874153,0.01269361536536806,31.746604675688666,31.733911060323297
continuous_location,0.01,0,fixed_mu,3400,1,0.0002059702545874153,0.011843903392534827,31.746605671379196,31.73476176798666
continuous_location,0.01,0,fixed_mu,3500,1,0.0002059702545874153,0.011939495729244243,31.74660447928759,31.734664983558346
continuous_location,0.01,0,fixed_mu,3600,1,0.0002059702545874153,0.011362709275523741,31.746604773701428,31.735242064425904
continuous_location,0.01,0,fixed_mu,3700,1,0.0002059702545874153,0.010053223306833559,31.746604196250804,31.73655097294397
continuous_location,0.01,0,fixed_mu,3705,1,0.0002059702545874153,0.009996126431424557,31.74660399829809,31.736607871866667
continuous_location,0.01,0,continuation_mu,0,1,0.0016477620366993225,9.732572359230943,32.552537710279296,22.819965351048353
continuous_location,0.01,0,continuation_mu,1,1,0.0016477620366993225,9.729360700504252,32.549326051552605,22.819965351048353
continuous_location,0.01,0,continuation_mu,100,1,0.0016477620366993225,2.2264942865487676,31.753556623640737,29.52706233709197
continuous_location,0.01,0,continuation_mu,200,1,0.0016477620366993225,0.46601049470158884,31.748237164316944,31.282226669615355
continuous_location,0.01,0,continuation_mu,300,1,0.0016477620366993225,0.17053505528637913,31.746735504535412,31.576200449249033
continuous_location,0.01,0,continuation_mu,400,1,0.0016477620366993225,0.11248046942832701,31.746692344585313,31.634211875156986
continuous_location,0.01,0,continuation_mu,500,1,0.0016477620366993225,0.07417352613932948,31.746652857122022,31.672479330982693
continuous_location,0.01,0,continuation_mu,600,1,0.0016477620366993225,0.04782464704015155,31.746607432824632,31.69878278578448
continuous_location,0.01,0,continuation_mu,672,1,0.0016477620366993225,0.039988211935842344,31.746603988846662,31.70661577691082
continuous_location,0.01,0,continuation_mu,673,2,0.0008238810183496612,0.016589776822936386,31.74660398512125,31.730014208298314
continuous_location,0.01,0,continuation_mu,674,3,0.0004119405091748306,0.016571928368467326,31.74660398326206,31.73003205489359
continuous_location,0.01,0,continuation_mu,700,3,0.0004119405091748306,9.274391937927657,32.473581311548394,23.199189373620737
continuous_location,0.01,0,continuation_mu,800,3,0.0004119405091748306,5.152660013845978,31.807460739953523,26.654800726107545
continuous_location,0.01,0,continuation_mu,900,3,0.0004119405091748306,1.5505686550254154,31.759101797126252,30.208533142100837
continuous_location,0.01,0,continuation_mu,1000,3,0.0004119405091748306,0.5039972916843318,31.747350247484402,31.24335295580007
continuous_location,0.01,0,continuation_mu,1100,3,0.0004119405091748306,0.4494093276469364,31.747388324417752,31.297978996770816
continuous_location,0.01,0,continuation_mu,1200,3,0.0004119405091748306,0.25522500880066445,31.747382063179813,31.49215705437915
continuous_location,0.01,0,continuation_mu,1300,3,0.0004119405091748306,0.16132310483225965,31.746837259888853,31.585514155056593
continuous_location,0.01,0,continuation_mu,1400,3,0.0004119405091748306,0.14947131023830096,31.746748163091233,31.597276852852932
continuous_location,0.01,0,continuation_mu,1500,3,0.0004119405091748306,0.0994911547395958,31.746742224495314,31.64725106975572
continuous_location,0.01,0,continuation_mu,1600,3,0.0004119405091748306,0.07984001485589687,31.746654420466772,31.666814405610875
continuous_location,0.01,0,continuation_mu,1700,3,0.0004119405091748306,0.07179292900888612,31.74665341284388,31.674860483834994
continuous_location,0.01,0,continuation_mu,1800,3,0.0004119405091748306,0.053683474548293475,31.74666228799294,31.692978813444647
continuous_location,0.01,0,continuation_mu,1900,3,0.0004119405091748306,0.046866735794651504,31.74661918199257,31.69975244619792
continuous_location,0.01,0,continuation_mu,2000,3,0.0004119405091748306,0.041702439504032185,31.746611524976664,31.704909085472632
continuous_location,0.01,0,continuation_mu,2100,3,0.0004119405091748306,0.03415175481913835,31.746630576045682,31.712478821226544
continuous_location,0.01,0,continuation_mu,2200,3,0.0004119405091748306,0.03019414743293325,31.74661764747977,31.716423500046837
continuous_location,0.01,0,continuation_mu,2300,3,0.0004119405091748306,0.027415196634038352,31.746603224973704,31.719188028339666
continuous_location,0.01,0,continuation_mu,2400,3,0.0004119405091748306,0.02366316235758248,31.746611456720107,31.722948294362524
continuous_location,0.01,0,continuation_mu,2500,3,0.0004119405091748306,0.020859986814318887,31.74661287464324,31.72575288782892
continuous_location,0.01,0,continuation_mu,2600,3,0.0004119405091748306,0.019611167093870563,31.746604849143,31.72699368204913
continuous_location,0.01,0,continuation_mu,2700,3,0.0004119405091748306,0.017163120178054214,31.74660525222334,31.729442132045286
continuous_location,0.01,0,continuation_mu,2800,3,0.0004119405091748306,0.015325205480376525,31.746607310805402,31.731282105325025
continuous_location,0.01,0,continuation_mu,2900,3,0.0004119405091748306,0.014806851889844097,31.7466045639548,31.731797712064957
continuous_location,0.01,0,continuation_mu,3000,3,0.0004119405091748306,0.012855197395417406,31.746604175547144,31.733748978151727
continuous_location,0.01,0,continuation_mu,3100,3,0.0004119405091748306,0.011862773496325474,31.74660505188469,31.734742278388364
continuous_location,0.01,0,continuation_mu,3200,3,0.0004119405091748306,0.011530511001367927,31.746603425126985,31.735072914125617
continuous_location,0.01,0,continuation_mu,3296,3,0.0004119405091748306,0.009996681187953271,31.74660332277764,31.736606641589688
continuous_location,0.001,0,fixed_mu,0,1,1.9883001083787193e-05,2.3288800435583212,32.48626805913746,30.157388015579137
continuous_location,0.001,0,fixed_mu,1,1,1.9883001083787193e-05,2.328877899421606,32.48626591500074,30.157388015579137
continuous_location,0.001,0,fixed_mu,100,1,1.9883001083787193e-05,2.287199160174051,32.48359983963358,30.196400679459526
continuous_location,0.001,0,fixed_mu,200,1,1.9883001083787193e-05,2.1695674036986254,32.47654541519392,30.306978011495293
continuous_location,0.001,0,fixed_mu,300,1,1.9883001083787193e-05,1.98771301270056,32.467192987999695,30.479479975299135
continuous_location,0.001,0,fixed_mu,400,1,1.9883001083787193e-05,1.7587086202620839,32.45802890957279,30.699320289310705
continuous_location,0.001,0,fixed_mu,500,1,1.9883001083787193e-05,1.5022749325256761,32.45098850492912,30.948713572403445
continuous_location,0.001,0,fixed_mu,600,1,1.9883001083787193e-05,1.2380897700563338,32.44686402307826,31.20877425302193
continuous_location,0.001,0,fixed_mu,700,1,1.9883001083787193e-05,0.9836612352838934,32.4452944885555,31.461633253271604
continuous_location,0.001,0,fixed_mu,800,1,1.9883001083787193e-05,0.7529807823408454,32.44524388631659,31.692263103975744
continuous_location,0.001,0,fixed_mu,900,1,1.9883001083787193e-05,0.5558651227395544,32.44564091224968,31.889775789510125
continuous_location,0.001,0,fixed_mu,1000,1,1.9883001083787193e-05,0.39776522107829493,32.44583376139991,32.048068540321616
continuous_location,0.001,0,fixed_mu,1100,1,1.9883001083787193e-05,0.2798906968906749,32.44568891096283,32.165798214072154
continuous_location,0.001,0,fixed_mu,1200,1,1.9883001083787193e-05,0.19965132438947109,32.445396525461916,32.245745201072445
continuous_location,0.001,0,fixed_mu,1300,1,1.9883001083787193e-05,0.15146358300960117,32.44518703170075,32.293723448691146
continuous_location,0.001,0,fixed_mu,1400,1,1.9883001083787193e-05,0.12778986279750626,32.44514969314939,32.31735983035188
continuous_location,0.001,0,fixed_mu,1500,1,1.9883001083787193e-05,0.12021508265790004,32.44522144412558,32.32500636146768
continuous_location,0.001,0,fixed_mu,1600,1,1.9883001083787193e-05,0.12069676046034772,32.44528708274849,32.324590322288145
continuous_location,0.001,0,fixed_mu,1700,1,1.9883001083787193e-05,0.12280008873207748,32.44528134715562,32.322481258423544
continuous_location,0.001,0,fixed_mu,1800,1,1.9883001083787193e-05,0.12233712064224278,32.445219849165106,32.32288272852286
continuous_location,0.001,0,fixed_mu,1900,1,1.9883001083787193e-05,0.11736691279801903,32.44515977154133,32.32779285874331
continuous_location,0.001,0,fixed_mu,2000,1,1.9883001083787193e-05,0.10781319341359819,32.44514158831605,32.33732839490245
continuous_location,0.001,0,fixed_mu,2100,1,1.9883001083787193e-05,0.09489468201145712,32.44516157426338,32.35026689225192
continuous_location,0.001,0,fixed_mu,2200,1,1.9883001083787193e-05,0.08050427874625399,32.44518719616809,32.36468291742184
continuous_location,0.001,0,fixed_mu,2300,1,1.9883001083787193e-05,0.06663941948032459,32.44519119879386,32.37855177931353
continuous_location,0.001,0,fixed_mu,2400,1,1.9883001083787193e-05,0.054958841927387425,32.44517223068531,32.39021338875792
continuous_location,0.001,0,fixed_mu,2500,1,1.9883001083787193e-05,0.04650804180759138,32.44514901440017,32.39864097259258
continuous_location,0.001,0,fixed_mu,2600,1,1.9883001083787193e-05,0.04159708696455766,32.445139588298595,32.40354250133404
continuous_location,0.001,0,fixed_mu,2700,1,1.9883001083787193e-05,0.03979028077105795,32.445146329308436,32.40535604853738
continuous_location,0.001,0,fixed_mu,2800,1,1.9883001083787193e-05,0.04006137589781389,32.44515767876215,32.40509630286434
continuous_location,0.001,0,fixed_mu,2900,1,1.9883001083787193e-05,0.041148262537682,32.44516114373453,32.40401288119685
continuous_location,0.001,0,fixed_mu,3000,1,1.9883001083787193e-05,0.04192925837907069,32.445154075237596,32.403224816858526
continuous_location,0.001,0,fixed_mu,3100,1,1.9883001083787193e-05,0.0416532858140215,32.44514366401185,32.40349037819783
continuous_location,0.001,0,fixed_mu,3200,1,1.9883001083787193e-05,0.04001507542871252,32.4451385593169,32.40512348388819
continuous_location,0.001,0,fixed_mu,3300,1,1.9883001083787193e-05,0.03711933907156606,32.445141070139265,32.4080217310677
continuous_location,0.001,0,fixed_mu,3400,1,1.9883001083787193e-05,0.03337253846087407,32.44514649937228,32.411773960911404
continuous_location,0.001,0,fixed_mu,3500,1,1.9883001083787193e-05,0.02933862187197178,32.44514868712276,32.41581006525079
continuous_location,0.001,0,fixed_mu,3600,1,1.9883001083787193e-05,0.025595031586547634,32.445145684434614,32.419550652848066
continuous_location,0.001,0,fixed_mu,3700,1,1.9883001083787193e-05,0.02261639721676545,32.44514059372425,32.42252419650748
continuous_location,0.001,0,fixed_mu,3800,1,1.9883001083787193e-05,0.020689584276119888,32.44513780619275,32.42444822191663
continuous_location,0.001,0,fixed_mu,3900,1,1.9883001083787193e-05,0.019849407576188582,32.445138848018786,32.4252894404426
continuous_location,0.001,0,fixed_mu,4000,1,1.9883001083787193e-05,0.019863082735149362,32.44514157696501,32.42527849422986
continuous_location,0.001,0,fixed_mu,4100,1,1.9883001083787193e-05,0.02031596919074019,32.44514279958065,32.42482683038991
continuous_location,0.001,0,fixed_mu,4200,1,1.9883001083787193e-05,0.020764635287996214,32.44514133232694,32.424376697038944
continuous_location,0.001,0,fixed_mu,4300,1,1.9883001083787193e-05,0.020864435622961253,32.4451386855892,32.42427424996624
continuous_location,0.001,0,fixed_mu,4400,1,1.9883001083787193e-05,0.020431680945058872,32.44513719110394,32.42470551015888
continuous_location,0.001,0,fixed_mu,4500,1,1.9883001083787193e-05,0.019450366951978992,32.4451377246909,32.42568735773892
continuous_location,0.001,0,fixed_mu,4600,1,1.9883001083787193e-05,0.01804173501749773,32.445139163280636,32.42709742826314
continuous_location,0.001,0,fixed_mu,4700,1,1.9883001083787193e-05,0.016413195238563105,32.44513976997714,32.428726574738576
continuous_location,0.001,0,fixed_mu,4800,1,1.9883001083787193e-05,0.014802818192691802,32.445138906878235,32.43033608868554
continuous_location,0.001,0,fixed_mu,4900,1,1.9883001083787193e-05,0.013431748862963389,32.445137440240686,32.43170569137772
continuous_location,0.001,0,fixed_mu,5000,1,1.9883001083787193e-05,0.012465216574419458,32.44513667631959,32.43267145974517
continuous_location,0.001,0,fixed_mu,5100,1,1.9883001083787193e-05,0.011973732904891676,32.44513705620456,32.43316332329967
continuous_location,0.001,0,fixed_mu,5200,1,1.9883001083787193e-05,0.011903365884499806,32.445137871955936,32.433234506071436
continuous_location,0.001,0,fixed_mu,5300,1,1.9883001083787193e-05,0.012089747073588342,32.44513811674128,32.433048369667695
continuous_location,0.001,0,fixed_mu,5400,1,1.9883001083787193e-05,0.012322948959912594,32.44513749548158,32.43281454652167
continuous_location,0.001,0,fixed_mu,5500,1,1.9883001083787193e-05,0.01242082293200042,32.445136609158,32.432715786226
continuous_location,0.001,0,fixed_mu,5600,1,1.9883001083787193e-05,0.012273664086620784,32.445136248940486,32.432862584853865
continuous_location,0.001,0,fixed_mu,5700,1,1.9883001083787193e-05,0.011855371648145763,32.44513659689026,32.43328122524211
continuous_location,0.001,0,fixed_mu,5800,1,1.9883001083787193e-05,0.01121097758004197,32.44513711896504,32.433926141385
continuous_location,0.001,0,fixed_mu,5900,1,1.9883001083787193e-05,0.010431841458306224,32.445137172438024,32.43470533097972
continuous_location,0.001,0,fixed_mu,6000,1,1.9883001083787193e-05,0.00962890072332101,32.44513665440659,32.43550775368327
continuous_location,0.001,0,fixed_mu,6100,1,1.9883001083787193e-05,0.008911238626069462,32.44513605132767,32.4362248127016
continuous_location,0.001,0,fixed_mu,6200,1,1.9883001083787193e-05,0.008369605280698522,32.445135900261484,32.436766294980785
continuous_location,0.001,0,fixed_mu,6300,1,1.9883001083787193e-05,0.008057572056010542,32.44513624746043,32.43707867540442
continuous_location,0.001,0,fixed_mu,6400,1,1.9883001083787193e-05,0.007970146351617302,32.44513663902,32.43716649266838
continuous_location,0.001,0,fixed_mu,6500,1,1.9883001083787193e-05,0.008038239773995315,32.445136609554524,32.43709836978053
continuous_location,0.001,0,fixed_mu,6600,1,1.9883001083787193e-05,0.008154086772862001,32.445136147844565,32.4369820610717
continuous_location,0.001,0,fixed_mu,6700,1,1.9883001083787193e-05,0.00821320869797404,32.44513568068978,32.43692247199181
continuous_location,0.001,0,fixed_mu,6800,1,1.9883001083787193e-05,0.008146874839916052,32.44513562298871,32.43698874814879
continuous_location,0.001,0,fixed_mu,6900,1,1.9883001083787193e-05,0.007933919483292584,32.44513596533984,32.437202045856544
continuous_location,0.001,0,fixed_mu,7000,1,1.9883001083787193e-05,0.007595070084121858,32.44513630359565,32.43754123351153
continuous_location,0.001,0,fixed_mu,7100,1,1.9883001083787193e-05,0.007177732399981096,32.44513625670883,32.43795852430885
continuous_location,0.001,0,fixed_mu,7200,1,1.9883001083787193e-05,0.006739550827155938,32.44513584173258,32.43839629090542
continuous_location,0.001,0,fixed_mu,7300,1,1.9883001083787193e-05,0.0063367924980965995,32.4451354403173,32.438798647819205
continuous_location,0.001,0,fixed_mu,7400,1,1.9883001083787193e-05,0.006017824042281461,32.44513540925508,32.4391175852128
continuous_location,0.001,0,fixed_mu,7500,1,1.9883001083787193e-05,0.00581585406624896,32.44513573205323,32.43931987798698
continuous_location,0.001,0,fixed_mu,7600,1,1.9883001083787193e-05,0.005737129257624929,32.44513604919279,32.439398919935165
continuous_location,0.001,0,fixed_mu,7700,1,1.9883001083787193e-05,0.005752494223955296,32.44513602089367,32.439383526669715
continuous_location,0.001,0,fixed_mu,7800,1,1.9883001083787193e-05,0.005805007304793719,32.44513565608394,32.43933064877915
continuous_location,0.001,0,fixed_mu,7900,1,1.9883001083787193e-05,0.005832488262186075,32.445135290650256,32.43930280238807
continuous_location,0.001,0,fixed_mu,8000,1,1.9883001083787193e-05,0.005790310691303091,32.44513525078927,32.43934494009797
continuous_location,0.001,0,fixed_mu,8100,1,1.9883001083787193e-05,0.005662826121934472,32.4451355390312,32.439472712909264
continuous_location,0.001,0,fixed_mu,8200,1,1.9883001083787193e-05,0.005461748323973836,32.4451358438856,32.43967409556163
continuous_location,0.001,0,fixed_mu,8300,1,1.9883001083787193e-05,0.005215985507213361,32.44513585038206,32.439919864874845
continuous_location,0.001,0,fixed_mu,8400,1,1.9883001083787193e-05,0.004959526442277706,32.44513554156078,32.4401760151185
continuous_location,0.001,0,fixed_mu,8500,1,1.9883001083787193e-05,0.004723188941945011,32.44513520308426,32.44041201414232
continuous_location,0.001,0,fixed_mu,8600,1,1.9883001083787193e-05,0.004531818898414031,32.445135139023684,32.44060332012527
continuous_location,0.001,0,fixed_mu,8700,1,1.9883001083787193e-05,0.0044029466781907445,32.44513538173884,32.440732435060646
continuous_location,0.001,0,fixed_mu,8800,1,1.9883001083787193e-05,0.0043420645045486594,32.4451356719965,32.440793607491955
continuous_location,0.001,0,fixed_mu,8900,1,1.9883001083787193e-05,0.004336449722245561,32.445135716625174,32.44079926690293
continuous_location,0.001,0,fixed_mu,9000,1,1.9883001083787193e-05,0.004355680188460553,32.44513546746065,32.44077978727219
continuous_location,0.001,0,fixed_mu,9100,1,1.9883001083787193e-05,0.004362470675800978,32.4451351565989,32.4407726859231
continuous_location,0.001,0,fixed_mu,9200,1,1.9883001083787193e-05,0.004327536187524572,32.445135065345966,32.44080752915844
continuous_location,0.001,0,fixed_mu,9300,1,1.9883001083787193e-05,0.004239553495317239,32.44513525681665,32.44089570332133
continuous_location,0.001,0,fixed_mu,9400,1,1.9883001083787193e-05,0.004106182224397514,32.445135525956395,32.441029343732
continuous_location,0.001,0,fixed_mu,9500,1,1.9883001083787193e-05,0.003947535551709791,32.445135604221626,32.441188068669916
continuous_location,0.001,0,fixed_mu,9600,1,1.9883001083787193e-05,0.0037866599390028455,32.44513541471037,32.44134875477137
continuous_location,0.001,0,fixed_mu,9700,1,1.9883001083787193e-05,0.0036423312067768165,32.445135135633116,32.44149280442634
continuous_location,0.001,0,fixed_mu,9800,1,1.9883001083787193e-05,0.003526992892098235,32.44513502148261,32.441608028590515
continuous_location,0.001,0,fixed_mu,9900,1,1.9883001083787193e-05,0.003447826379023411,32.44513516107562,32.441687334696596
continuous_location,0.001,0,fixed_mu,10000,1,1.9883001083787193e-05,0.0034064185733200247,32.44513540220982,32.4417289836365
continuous_location,0.001,0,fixed_mu,10100,1,1.9883001083787193e-05,0.003395824410013404,32.4451355054367,32.44173968102669
continuous_location,0.001,0,fixed_mu,10200,1,1.9883001083787193e-05,0.0033992029722895722,32.445135371945746,32.441736168973456
continuous_location,0.001,0,fixed_mu,10300,1,1.9883001083787193e-05,0.003394236880140511,32.44513512892243,32.44174089204229
continuous_location,0.001,0,fixed_mu,10400,1,1.9883001083787193e-05,0.0033619315746946654,32.44513499974476,32.441773068170065
continuous_location,0.001,0,fixed_mu,10500,1,1.9883001083787193e-05,0.0032943465082766465,32.44513509095174,32.44184074444346
continuous_location,0.001,0,fixed_mu,10600,1,1.9883001083787193e-05,0.0031969606941615325,32.445135298879045,32.44193833818488
continuous_location,0.001,0,fixed_mu,10700,1,1.9883001083787193e-05,0.0030849612280192673,32.44513541686586,32.44205045563784
continuous_location,0.001,0,fixed_mu,10800,1,1.9883001083787193e-05,0.0029759303545873195,32.44513533281819,32.4421594024636
continuous_location,0.001,0,fixed_mu,10900,1,1.9883001083787193e-05,0.002883191748892955,32.44513512849229,32.442251936743396
continuous_location,0.001,0,fixed_mu,11000,1,1.9883001083787193e-05,0.002813298300154088,32.445134993290466,32.44232169499031
continuous_location,0.001,0,fixed_mu,11100,1,1.9883001083787193e-05,0.002767483892945677,32.44513504259801,32.442367558705065
continuous_location,0.001,0,fixed_mu,11200,1,1.9883001083787193e-05,0.0027435700058546786,32.445135214642285,32.44239164463643
continuous_location,0.001,0,fixed_mu,11300,1,1.9883001083787193e-05,0.0027357398823255608,32.445135337437726,32.4423995975554
continuous_location,0.001,0,fixed_mu,11400,1,1.9883001083787193e-05,0.0027335526873883964,32.44513529434074,32.44240174165335
continuous_location,0.001,0,fixed_mu,11500,1,1.9883001083787193e-05,0.0027234018618571554,32.44513512910038,32.44241172723852
continuous_location,0.001,0,fixed_mu,11600,1,1.9883001083787193e-05,0.002693203086771234,32.445134996311985,32.442441793225214
continuous_location,0.001,0,fixed_mu,11700,1,1.9883001083787193e-05,0.002637725366810173,32.445135011922766,32.442497286555955
continuous_location,0.001,0,fixed_mu,11800,1,1.9883001083787193e-05,0.002561207834894219,32.44513514806594,32.44257394023104
continuous_location,0.001,0,fixed_mu,11900,1,1.9883001083787193e-05,0.0024756161690362433,32.44513526716111,32.44265965099208
continuous_location,0.001,0,fixed_mu,12000,1,1.9883001083787193e-05,0.0023953556194129533,32.44513525563614,32.442739900016726
continuous_location,0.001,0,fixed_mu,12100,1,1.9883001083787193e-05,0.00233135047456301,32.44513512758084,32.44280377710628
continuous_location,0.001,0,fixed_mu,12200,1,1.9883001083787193e-05,0.0022879017271222324,32.44513500410001,32.44284710237289
continuous_location,0.001,0,fixed_mu,12300,1,1.9883001083787193e-05,0.0022635054262352128,32.44513499487334,32.44287148944711
continuous_location,0.001,0,fixed_mu,12400,1,1.9883001083787193e-05,0.0022534696623637274,32.44513509744327,32.442881627780906
continuous_location,0.001,0,fixed_mu,12500,1,1.9883001083787193e-05,0.0022514534517981133,32.44513520637586,32.44288375292406
continuous_location,0.001,0,fixed_mu,12600,1,1.9883001083787193e-05,0.002249552730710036,32.445135217091085,32.442885664360375
continuous_location,0.001,0,fixed_mu,12700,1,1.9883001083787193e-05,0.002238813617381652,32.44513512243722,32.44289630881984
continuous_location,0.001,0,fixed_mu,12800,1,1.9883001083787193e-05,0.0022115345773059403,32.44513501311292,32.44292347853561
continuous_location,0.001,0,fixed_mu,12900,1,1.9883001083787193e-05,0.0021645613812069087,32.44513498760289,32.442970426221684
continuous_location,0.001,0,fixed_mu,13000,1,1.9883001083787193e-05,0.0021014671327534984,32.445135060695044,32.44303359356229
continuous_location,0.001,0,fixed_mu,13100,1,1.9883001083787193e-05,0.0020319302153311014,32.4451351552966,32.443103225081266
continuous_location,0.001,0,fixed_mu,13200,1,1.9883001083787193e-05,0.001968135151159345,32.44513517972139,32.44316704457023
continuous_location,0.001,0,fixed_mu,13300,1,1.9883001083787193e-05,0.0019198413966137196,32.44513511335371,32.443215271957094
continuous_location,0.001,0,fixed_mu,13400,1,1.9883001083787193e-05,0.001890916438284762,32.445135020878055,32.44324410443977
continuous_location,0.001,0,fixed_mu,13500,1,1.9883001083787193e-05,0.001879215493389097,32.445134986680344,32.443255771186955
continuous_location,0.001,0,fixed_mu,13600,1,1.9883001083787193e-05,0.0018789523868036895,32.44513503551712,32.443256083130315
continuous_location,0.001,0,fixed_mu,13700,1,1.9883001083787193e-05,0.0018830765535540195,32.44513511381543,32.44325203726188
continuous_location,0.001,0,fixed_mu,13800,1,1.9883001083787193e-05,0.001884370143926617,32.445135144732355,32.44325077458843
continuous_location,0.001,0,fixed_mu,13900,1,1.9883001083787193e-05,0.0018760058471727348,32.445135100849434,32.44325909500226
continuous_location,0.001,0,fixed_mu,14000,1,1.9883001083787193e-05,0.0018527406782951061,32.445135025931485,32.44328228525319
continuous_location,0.001,0,fixed_mu,14100,1,1.9883001083787193e-05,0.0018128071210057328,32.44513498921906,32.44332218209806
continuous_location,0.001,0,fixed_mu,14200,1,1.9883001083787193e-05,0.0017594156214215673,32.445135019473604,32.44337560385218
continuous_location,0.001,0,fixed_mu,14300,1,1.9883001083787193e-05,0.0017005856729213065,32.445135081402626,32.443434495729704
continuous_location,0.001,0,fixed_mu,14400,1,1.9883001083787193e-05,0.0016467553440548954,32.445135113218356,32.4434883578743
continuous_location,0.001,0,fixed_mu,14500,1,1.9883001083787193e-05,0.001606907653098233,32.445135085923546,32.44352817827045
continuous_location,0.001,0,fixed_mu,14600,1,1.9883001083787193e-05,0.00158519004887836,32.445135027627764,32.443549837578885
continuous_location,0.001,0,fixed_mu,14700,1,1.9883001083787193e-05,0.0015799923786801173,32.44513499295051,32.44355500057183
continuous_location,0.001,0,fixed_mu,14800,1,1.9883001083787193e-05,0.0015856063545527377,32.44513501018924,32.44354940383469
continuous_location,0.001,0,fixed_mu,14900,1,1.9883001083787193e-05,0.0015947118311885333,32.44513505716274,32.44354034533155
continuous_location,0.001,0,fixed_mu,15000,1,1.9883001083787193e-05,0.0016001225205641845,32.4451350859872,32.44353496346663
continuous_location,0.001,0,fixed_mu,15100,1,1.9883001083787193e-05,0.0015957295803161742,32.44513506979183,32.443539340211515
continuous_location,0.001,0,fixed_mu,15200,1,1.9883001083787193e-05,0.0015773766455993155,32.44513502599147,32.44355764934587
continuous_location,0.001,0,fixed_mu,15300,1,1.9883001083787193e-05,0.0015439828312295845,32.44513499625562,32.44359101342439
continuous_location,0.001,0,fixed_mu,15400,1,1.9883001083787193e-05,0.0014984544771863284,32.4451350054684,32.443636550991215
continuous_location,0.001,0,fixed_mu,15500,1,1.9883001083787193e-05,0.0014475793547674698,32.445135039895234,32.44368746054047
continuous_location,0.001,0,fixed_mu,15600,1,1.9883001083787193e-05,0.0014003706907601554,32.44513506346687,32.44373469277611
continuous_location,0.001,0,fixed_mu,15700,1,1.9883001083787193e-05,0.0013651115267236946,32.445135053663414,32.44376994213669
continuous_location,0.001,0,fixed_mu,15800,1,1.9883001083787193e-05,0.0013463497738186447,32.445135021507944,32.443788671734126
continuous_location,0.001,0,fixed_mu,15900,1,1.9883001083787193e-05,0.00134350167099484,32.44513499812113,32.44379149645013
continuous_location,0.001,0,fixed_mu,16000,1,1.9883001083787193e-05,0.001351712866906496,32.44513500342275,32.44378329055584
continuous_location,0.001,0,fixed_mu,16100,1,1.9883001083787193e-05,0.00136398750120037,32.44513502823674,32.44377104073554
continuous_location,0.001,0,fixed_mu,16200,1,1.9883001083787193e-05,0.0013731643233683144,32.445135045703005,32.443761881379636
continuous_location,0.001,0,fixed_mu,16300,1,1.9883001083787193e-05,0.0013732297413042716,32.44513503858818,32.44376180884687
continuous_location,0.001,0,fixed_mu,16400,1,1.9883001083787193e-05,0.001360260341378705,32.44513501495298,32.4437747546116
continuous_location,0.001,0,fixed_mu,16500,1,1.9883001083787193e-05,0.0013332589678398676,32.445134998078906,32.443801739111066
continuous_location,0.001,0,fixed_mu,16600,1,1.9883001083787193e-05,0.0012947113211012606,32.44513500253805,32.44384029121695
continuous_location,0.001,0,fixed_mu,16700,1,1.9883001083787193e-05,0.0012504116985994074,32.44513502076774,32.44388460906914
continuous_location,0.001,0,fixed_mu,16800,1,1.9883001083787193e-05,0.0012081948840005907,32.445135032389025,32.443926837505025
continuous_location,0.001,0,fixed_mu,16900,1,1.9883001083787193e-05,0.0011756549282964102,32.445135025355846,32.44395937042755
continuous_location,0.001,0,fixed_mu,17000,1,1.9883001083787193e-05,0.001157614109516203,32.445135007220614,32.4439773931111
continuous_location,0.001,0,fixed_mu,17100,1,1.9883001083787193e-05,0.0011545699073067794,32.445134996095405,32.4439804261881
continuous_location,0.001,0,fixed_mu,17200,1,1.9883001083787193e-05,0.0011629023356150014,32.4451350017092,32.44397209937358
continuous_location,0.001,0,fixed_mu,17300,1,1.9883001083787193e-05,0.0011764389598099,32.44513501614232,32.443958577182514
continuous_location,0.001,0,fixed_mu,17400,1,1.9883001083787193e-05,0.0011883183389755914,32.445135022953906,32.44394670461493
continuous_location,0.001,0,fixed_mu,17500,1,1.9883001083787193e-05,0.0011924985080327133,32.445135014454145,32.44394251594611
continuous_location,0.001,0,fixed_mu,17600,1,1.9883001083787193e-05,0.0011848771942268854,32.44513499918961,32.443950121995385
continuous_location,0.001,0,fixed_mu,17700,1,1.9883001083787193e-05,0.0011641235303017083,32.445134992460574,32.44397086893027
continuous_location,0.001,0,fixed_mu,17800,1,1.9883001083787193e-05,0.0011321176094583052,32.44513500023363,32.44400288262417
continuous_location,0.001,0,fixed_mu,17900,1,1.9883001083787193e-05,0.0010937393868886147,32.44513501317207,32.44404127378518
continuous_location,0.001,0,fixed_mu,18000,1,1.9883001083787193e-05,0.0010558074380284665,32.44513501664622,32.44407920920819
continuous_location,0.001,0,fixed_mu,18100,1,1.9883001083787193e-05,0.0010252425529486686,32.4451350060642,32.44410976351125
continuous_location,0.001,0,fixed_mu,18200,1,1.9883001083787193e-05,0.0010069647810198035,32.44513499161943,32.44412802683841
continuous_location,0.001,0,fixed_mu,18300,1,1.9883001083787193e-05,0.0010023868204314113,32.44513498766469,32.444132600844256
continuous_location,0.001,0,fixed_mu,18400,1,1.9883001083787193e-05,0.001009192897754474,32.445134997771326,32.44412580487357
continuous_location,0.001,0,fixed_mu,18500,1,1.9883001083787193e-05,0.001022335484194059,32.445135010896934,32.44411267541274
continuous_location,0.001,0,fixed_mu,18600,1,1.9883001083787193e-05,0.0010355769327503594,32.44513501264156,32.44409943570881
continuous_location,0.001,0,fixed_mu,18700,1,1.9883001083787193e-05,0.001042990021161927,32.44513500009965,32.444092010078485
continuous_location,0.001,0,fixed_mu,18800,1,1.9883001083787193e-05,0.0010402096766952695,32.44513498508407,32.44409477540737
continuous_location,0.001,0,fixed_mu,18900,1,1.9883001083787193e-05,0.0010253715534034313,32.44513498228693,32.44410961073353
continuous_location,0.001,0,fixed_mu,18999,1,1.9883001083787193e-05,0.0009998985707682095,32.44513499412186,32.44413509555109
continuous_location,0.001,0,continuation_mu,0,1,0.00015906400867029755,2.3288800435583212,32.48626805913746,30.157388015579137
continuous_location,0.001,0,continuation_mu,1,1,0.00015906400867029755,2.328862892023288,32.486250907602425,30.157388015579137
continuous_location,0.001,0,continuation_mu,100,1,0.00015906400867029755,2.0159677762364687,32.46866799094686,30.452700214710394
continuous_location,0.001,0,continuation_mu,200,1,0.00015906400867029755,1.320809816434398,32.44792312180307,31.127113305368674
continuous_location,0.001,0,continuation_mu,300,1,0.00015906400867029755,0.6492262811188745,32.44541984762623,31.79619356650736
continuous_location,0.001,0,continuation_mu,400,1,0.00015906400867029755,0.2514165627492204,32.44558391645059,32.19416735370137
continuous_location,0.001,0,continuation_mu,500,1,0.00015906400867029755,0.12699767606378032,32.445154001347056,32.318156325283276
continuous_location,0.001,0,continuation_mu,600,1,0.00015906400867029755,0.12229488253377241,32.44527304084849,32.32297815831472
continuous_location,0.001,0,continuation_mu,700,1,0.00015906400867029755,0.10909362609115902,32.44514100645332,32.33604738036216
continuous_location,0.001,0,continuation_mu,800,1,0.00015906400867029755,0.07153695231305335,32.44518749402973,32.37365054171668
continuous_location,0.001,0,continuation_mu,900,1,0.00015906400867029755,0.044368969418179915,32.44514188924044,32.40077291982226
continuous_location,0.001,0,continuation_mu,1000,1,0.00015906400867029755,0.04042052214208525,32.44515674533779,32.404736223195705
continuous_location,0.001,0,continuation_mu,1100,1,0.00015906400867029755,0.04111281323858407,32.445141916672135,32.40402910343355
continuous_location,0.001,0,continuation_mu,1200,1,0.00015906400867029755,0.033394160736420986,32.445144506518865,32.411750345782444
continuous_location,0.001,0,continuation_mu,1300,1,0.00015906400867029755,0.023439857213112703,32.4451408123133,32.421700955100185
continuous_location,0.001,0,continuation_mu,1400,1,0.00015906400867029755,0.019952659548970075,32.44513951434848,32.42518685479951
continuous_location,0.001,0,continuation_mu,1500,1,0.00015906400867029755,0.020686913534106566,32.445139362037075,32.42445244850297
continuous_location,0.001,0,continuation_mu,1600,1,0.00015906400867029755,0.01892826615713261,32.44513746381319,32.42620919765606
continuous_location,0.001,0,continuation_mu,1700,1,0.00015906400867029755,0.014736370673013255,32.4451380685615,32.430401697888485
continuous_location,0.001,0,continuation_mu,1800,1,0.00015906400867029755,0.012152011883507896,32.44513655998545,32.43298454810194
continuous_location,0.001,0,continuation_mu,1900,1,0.00015906400867029755,0.012219808262962317,32.44513712520538,32.432917316942415
continuous_location,0.001,0,continuation_mu,2000,1,0.00015906400867029755,0.011922383018571736,32.44513606247309,32.43321367945452
continuous_location,0.001,0,continuation_mu,2100,1,0.00015906400867029755,0.010093102871479687,32.4451365244007,32.43504342152922
continuous_location,0.001,0,continuation_mu,2200,1,0.00015906400867029755,0.008378863414520765,32.44513570857168,32.436756845157156
continuous_location,0.001,0,continuation_mu,2300,1,0.00015906400867029755,0.008057999771693858,32.44513616634523,32.437078166573535
continuous_location,0.001,0,continuation_mu,2400,1,0.00015906400867029755,0.00806810464440133,32.44513543804978,32.43706733340538
continuous_location,0.001,0,continuation_mu,2500,1,0.00015906400867029755,0.007261179970214471,32.44513593649945,32.43787475652923
continuous_location,0.001,0,continuation_mu,2600,1,0.00015906400867029755,0.006203207938490607,32.44513525544468,32.43893204750619
continuous_location,0.001,0,continuation_mu,2700,1,0.00015906400867029755,0.005770247778293935,32.445135749873515,32.43936550209522
continuous_location,0.001,0,continuation_mu,2800,1,0.00015906400867029755,0.005776759271263643,32.44513516566756,32.439358406396295
continuous_location,0.001,0,continuation_mu,2900,1,0.00015906400867029755,0.005412117546732986,32.44513556545858,32.439723447911845
continuous_location,0.001,0,continuation_mu,3000,1,0.00015906400867029755,0.00477618106190647,32.44513515309016,32.44035897202826
continuous_location,0.001,0,continuation_mu,3100,1,0.00015906400867029755,0.00438862598979739,32.445135380225494,32.4407467542357
continuous_location,0.001,0,continuation_mu,3200,1,0.00015906400867029755,0.00433712606982084,32.445135184927565,32.440798058857744
continuous_location,0.001,0,continuation_mu,3300,1,0.00015906400867029755,0.004160207783804992,32.4451352122983,32.44097500451449
continuous_location,0.001,0,continuation_mu,3343,1,0.00015906400867029755,0.003999465935926594,32.44513537476812,32.441135908832194
continuous_location,0.001,0,continuation_mu,3344,2,7.953200433514877e-05,0.007490711644940973,32.44513537468177,32.43764466303683
continuous_location,0.001,0,continuation_mu,3400,2,7.953200433514877e-05,2.2638189988716064,32.482747919433535,30.21892892056193
continuous_location,0.001,0,continuation_mu,3500,2,7.953200433514877e-05,1.9531212925300743,32.465763929323884,30.51264263679381
continuous_location,0.001,0,continuation_mu,3600,2,7.953200433514877e-05,1.4608971822601475,32.450207128288454,30.989309946028307
continuous_location,0.001,0,continuation_mu,3700,2,7.953200433514877e-05,0.9466031355243452,32.44522384692228,31.498620711397937
continuous_location,0.001,0,continuation_mu,3800,2,7.953200433514877e-05,0.5300976594564659,32.44567617327834,31.915578513821877
continuous_location,0.001,0,continuation_mu,3900,2,7.953200433514877e-05,0.26671185641315276,32.445640989800516,32.17892913338736
continuous_location,0.001,0,continuation_mu,4000,2,7.953200433514877e-05,0.1475477285434792,32.44517137662732,32.29762364808384
continuous_location,0.001,0,continuation_mu,4100,2,7.953200433514877e-05,0.12026312677779316,32.44522935639503,32.32496622961724
continuous_location,0.001,0,continuation_mu,4200,2,7.953200433514877e-05,0.12265237838709453,32.4452701272805,32.32261774889341
continuous_location,0.001,0,continuation_mu,4300,2,7.953200433514877e-05,0.11573888231934149,32.4451538642252,32.329414981905856
continuous_location,0.001,0,continuation_mu,4400,2,7.953200433514877e-05,0.09258199223557284,32.44516386448907,32.352581872253495
continuous_location,0.001,0,continuation_mu,4500,2,7.953200433514877e-05,0.06489381576458442,32.44518689739717,32.38029308163259
continuous_location,0.001,0,continuation_mu,4600,2,7.953200433514877e-05,0.04589222451414798,32.445146151904936,32.39925392739079
continuous_location,0.001,0,continuation_mu,4700,2,7.953200433514877e-05,0.03992142906417229,32.44514701825751,32.405225589193336
continuous_location,0.001,0,continuation_mu,4800,2,7.953200433514877e-05,0.04122327502392409,32.4451590146076,32.40393573958367
continuous_location,0.001,0,continuation_mu,4900,2,7.953200433514877e-05,0.04127216196070549,32.44514206784179,32.40386990588109
continuous_location,0.001,0,continuation_mu,5000,2,7.953200433514877e-05,0.03645214219898918,32.44514120865329,32.4086890664543
continuous_location,0.001,0,continuation_mu,5100,2,7.953200433514877e-05,0.028783866091011134,32.4451474516407,32.41636358554969
continuous_location,0.001,0,continuation_mu,5200,2,7.953200433514877e-05,0.022420166614885773,32.445139626437836,32.42271945982295
continuous_location,0.001,0,continuation_mu,5300,2,7.953200433514877e-05,0.019929886302705313,32.4451387804205,32.425208894117795
continuous_location,0.001,0,continuation_mu,5400,2,7.953200433514877e-05,0.020369227607140772,32.445141997331746,32.424772769724605
continuous_location,0.001,0,continuation_mu,5500,2,7.953200433514877e-05,0.02071276886696438,32.445138067644855,32.42442529877789
continuous_location,0.001,0,continuation_mu,5600,2,7.953200433514877e-05,0.019162155608867693,32.44513758309716,32.42597542748829
continuous_location,0.001,0,continuation_mu,5700,2,7.953200433514877e-05,0.01616564172445578,32.44513920201252,32.428973560288064
continuous_location,0.001,0,continuation_mu,5800,2,7.953200433514877e-05,0.01334487101554771,32.44513703174111,32.431792160725564
continuous_location,0.001,0,continuation_mu,5900,2,7.953200433514877e-05,0.012021729295902617,32.445136896472796,32.433115167176894
continuous_location,0.001,0,continuation_mu,6000,2,7.953200433514877e-05,0.012123201884037371,32.4451376857401,32.43301448385606
continuous_location,0.001,0,continuation_mu,6100,2,7.953200433514877e-05,0.012342896625042954,32.445136332214275,32.43279343558923
continuous_location,0.001,0,continuation_mu,6200,2,7.953200433514877e-05,0.011703456357103903,32.44513644406865,32.43343298771155
continuous_location,0.001,0,continuation_mu,6300,2,7.953200433514877e-05,0.010300847628528231,32.445136826971954,32.434835979343426
continuous_location,0.001,0,continuation_mu,6400,2,7.953200433514877e-05,0.008865024242105335,32.44513585907854,32.436270834836435
continuous_location,0.001,0,continuation_mu,6500,2,7.953200433514877e-05,0.008085998125920923,32.44513611271985,32.43705011459393
continuous_location,0.001,0,continuation_mu,6600,2,7.953200433514877e-05,0.008058712063473195,32.44513632097848,32.437077608915004
continuous_location,0.001,0,continuation_mu,6700,2,7.953200433514877e-05,0.0081665162342901,32.445135543171055,32.436969026936765
continuous_location,0.001,0,continuation_mu,6800,2,7.953200433514877e-05,0.00784392890466279,32.44513585300125,32.437291924096584
continuous_location,0.001,0,continuation_mu,6900,2,7.953200433514877e-05,0.007101840057451625,32.44513600876561,32.43803416870816
continuous_location,0.001,0,continuation_mu,7000,2,7.953200433514877e-05,0.006310033566641948,32.44513533760673,32.43882530404009
continuous_location,0.001,0,continuation_mu,7100,2,7.953200433514877e-05,0.005832383766360749,32.445135642760974,32.43930325899461
continuous_location,0.001,0,continuation_mu,7200,2,7.953200433514877e-05,0.005764164781382419,32.44513580427233,32.43937163949095
continuous_location,0.001,0,continuation_mu,7300,2,7.953200433514877e-05,0.005801167702315979,32.44513520924343,32.439334041541116
continuous_location,0.001,0,continuation_mu,7400,2,7.953200433514877e-05,0.0056050845864348275,32.445135471338816,32.43953038675238
continuous_location,0.001,0,continuation_mu,7500,2,7.953200433514877e-05,0.00516992918699799,32.44513565980842,32.439965730621424
continuous_location,0.001,0,continuation_mu,7600,2,7.953200433514877e-05,0.004707810353899333,32.445135133882225,32.440427323528326
continuous_location,0.001,0,continuation_mu,7700,2,7.953200433514877e-05,0.004412461577544491,32.44513533297827,32.44072287140072
continuous_location,0.001,0,continuation_mu,7800,2,7.953200433514877e-05,0.004341924594676527,32.44513554908194,32.44079362448726
continuous_location,0.001,0,continuation_mu,7900,2,7.953200433514877e-05,0.00433932619829136,32.445135093655516,32.440795767457224
continuous_location,0.001,0,continuation_mu,8000,2,7.953200433514877e-05,0.0042000309425063165,32.445135223684105,32.4409351927416
continuous_location,0.001,0,continuation_mu,8100,2,7.953200433514877e-05,0.00391896963356686,32.44513545787621,32.441216488242645
continuous_location,0.001,0,continuation_mu,8200,2,7.953200433514877e-05,0.003634607307425597,32.44513507535729,32.44150046804987
continuous_location,0.001,0,continuation_mu,8300,2,7.953200433514877e-05,0.0034536167429521925,32.445135140015275,32.44168152327232
continuous_location,0.001,0,continuation_mu,8400,2,7.953200433514877e-05,0.003396967906510895,32.445135378954525,32.441738411048014
continuous_location,0.001,0,continuation_mu,8500,2,7.953200433514877e-05,0.0033755738042984262,32.445135069453215,32.44175949564892
continuous_location,0.001,0,continuation_mu,8600,2,7.953200433514877e-05,0.0032656039580345464,32.44513507848557,32.441869474527536
continuous_location,0.001,0,continuation_mu,8700,2,7.953200433514877e-05,0.003067026031139619,32.44513530899549,32.44206828296435
continuous_location,0.001,0,continuation_mu,8800,2,7.953200433514877e-05,0.002880972793363412,32.44513506924169,32.44225409644832
continuous_location,0.001,0,continuation_mu,8900,2,7.953200433514877e-05,0.002771792421050634,32.44513503554624,32.442363243125186
continuous_location,0.001,0,continuation_mu,9000,2,7.953200433514877e-05,0.0027340673196079024,32.44513524677896,32.44240117945935
continuous_location,0.001,0,continuation_mu,9100,2,7.953200433514877e-05,0.0027072079983625486,32.445135070334565,32.4424278623362
continuous_location,0.001,0,continuation_mu,9200,2,7.953200433514877e-05,0.00261549465195543,32.44513500758701,32.44251951293506
continuous_location,0.001,0,continuation_mu,9300,2,7.953200433514877e-05,0.002464142425395721,32.44513519207123,32.44267104964583
continuous_location,0.001,0,continuation_mu,9400,2,7.953200433514877e-05,0.0023330925184978923,32.44513507009359,32.442801977575094
continuous_location,0.001,0,continuation_mu,9500,2,7.953200433514877e-05,0.0022677925219625195,32.44513499113611,32.442867198614145
continuous_location,0.001,0,continuation_mu,9600,2,7.953200433514877e-05,0.0022482710989564225,32.44513514496552,32.44288687386656
continuous_location,0.001,0,continuation_mu,9700,2,7.953200433514877e-05,0.0022240210930135618,32.445135067254284,32.44291104616127
continuous_location,0.001,0,continuation_mu,9800,2,7.953200433514877e-05,0.00214626198290091,32.4451349829751,32.4429887209922
continuous_location,0.001,0,continuation_mu,9900,2,7.953200433514877e-05,0.0020242423441629853,32.44513510550086,32.4431108631567
continuous_location,0.001,0,continuation_mu,9921,2,7.953200433514877e-05,0.0019991300843784643,32.445135118039545,32.443135987955166
continuous_location,0.001,0,continuation_mu,9922,3,3.9766002167574387e-05,0.004626345289473477,32.44513511802308,32.44050877273361
continuous_location,0.001,0,continuation_mu,10000,3,3.9766002167574387e-05,2.27102479084531,32.48292963697889,30.211904846133578
continuous_location,0.001,0,continuation_mu,10100,3,3.9766002167574387e-05,2.077541619318879,32.471666947686444,30.394125328367565
continuous_location,0.001,0,continuation_mu,10200,3,3.9766002167574387e-05,1.7700147464779938,32.45846124854794,30.688446502069947
continuous_location,0.001,0,continuation_mu,10300,3,3.9766002167574387e-05,1.4053261470664928,32.44915805596124,31.04383190889475
continuous_location,0.001,0,continuation_mu,10400,3,3.9766002167574387e-05,1.0381144014234778,32.445474685035215,31.407360283611737
continuous_location,0.001,0,continuation_mu,10500,3,3.9766002167574387e-05,0.7122172392765762,32.44530943383599,31.73309219455941
continuous_location,0.001,0,continuation_mu,10600,3,3.9766002167574387e-05,0.45543632135662904,32.44579459673778,31.990358275381148
continuous_location,0.001,0,continuation_mu,10700,3,3.9766002167574387e-05,0.2783185459443658,32.4456801637889,32.167361617844534
continuous_location,0.001,0,continuation_mu,10800,3,3.9766002167574387e-05,0.17562727243795706,32.445285839173984,32.26965856673603
continuous_location,0.001,0,continuation_mu,10900,3,3.9766002167574387e-05,0.1304428235704833,32.4451453302084,32.314702506637914
continuous_location,0.001,0,continuation_mu,11000,3,3.9766002167574387e-05,0.11996710373544772,32.445241321338344,32.325274217602896
continuous_location,0.001,0,continuation_mu,11100,3,3.9766002167574387e-05,0.12216282256457589,32.44528922287793,32.323126400313356
continuous_location,0.001,0,continuation_mu,11200,3,3.9766002167574387e-05,0.12189306410374456,32.44521265853197,32.32331959442823
continuous_location,0.001,0,continuation_mu,11300,3,3.9766002167574387e-05,0.11286640516659219,32.44514451701858,32.33227811185199
continuous_location,0.001,0,continuation_mu,11400,3,3.9766002167574387e-05,0.09590520125104973,32.44515856563126,32.34925336438021
continuous_location,0.001,0,continuation_mu,11500,3,3.9766002167574387e-05,0.07573062534584096,32.44519031517167,32.36945968982583
continuous_location,0.001,0,continuation_mu,11600,3,3.9766002167574387e-05,0.0577274492345623,32.445177519900405,32.38745007066584
continuous_location,0.001,0,continuation_mu,11700,3,3.9766002167574387e-05,0.04561205100007015,32.445146128704515,32.399534077704445
continuous_location,0.001,0,continuation_mu,11800,3,3.9766002167574387e-05,0.0403398718730017,32.445141804659,32.404801932786
continuous_location,0.001,0,continuation_mu,11900,3,3.9766002167574387e-05,0.0400835416855756,32.44515689875078,32.405073357065206
continuous_location,0.001,0,continuation_mu,12000,3,3.9766002167574387e-05,0.04150579641452623,32.44515865887893,32.403652862464405
continuous_location,0.001,0,continuation_mu,12100,3,3.9766002167574387e-05,0.04170991993706963,32.445145135037656,32.403435215100586
continuous_location,0.001,0,continuation_mu,12200,3,3.9766002167574387e-05,0.039353423526719666,32.445138433469786,32.40578500994307
continuous_location,0.001,0,continuation_mu,12300,3,3.9766002167574387e-05,0.034710641166853407,32.445144309899455,32.4104336687326
continuous_location,0.001,0,continuation_mu,12400,3,3.9766002167574387e-05,0.02910370260994455,32.44514817368863,32.416044471078685
continuous_location,0.001,0,continuation_mu,12500,3,3.9766002167574387e-05,0.024114473033833406,32.445142981827566,32.42102850879373
continuous_location,0.001,0,continuation_mu,12600,3,3.9766002167574387e-05,0.020916223405897938,32.4451378245476,32.4242216011417
continuous_location,0.001,0,continuation_mu,12700,3,3.9766002167574387e-05,0.019827561967332485,32.4451394478797,32.425311885912365
continuous_location,0.001,0,continuation_mu,12800,3,3.9766002167574387e-05,0.02017425265576378,32.44514240710271,32.424968154446944
continuous_location,0.001,0,continuation_mu,12900,3,3.9766002167574387e-05,0.02076724178091638,32.445140769034055,32.42437352725314
continuous_location,0.001,0,continuation_mu,13000,3,3.9766002167574387e-05,0.020644224852127024,32.445137523514404,32.42449329866228
continuous_location,0.001,0,continuation_mu,13100,3,3.9766002167574387e-05,0.019451953294471025,32.44513754307547,32.425685589781
continuous_location,0.001,0,continuation_mu,13200,3,3.9766002167574387e-05,0.017424981375199877,32.44513933352623,32.42771435215103
continuous_location,0.001,0,continuation_mu,13300,3,3.9766002167574387e-05,0.015141994404011427,32.44513899326089,32.42999699885688
continuous_location,0.001,0,continuation_mu,13400,3,3.9766002167574387e-05,0.013234277437462083,32.44513710093063,32.43190282349317
continuous_location,0.001,0,continuation_mu,13500,3,3.9766002167574387e-05,0.012145215729155723,32.445136707612306,32.43299149188315
continuous_location,0.001,0,continuation_mu,13600,3,3.9766002167574387e-05,0.01192708201902093,32.44513773093912,32.4332106489201
continuous_location,0.001,0,continuation_mu,13700,3,3.9766002167574387e-05,0.012192841933256204,32.445137770141365,32.43294492820811
continuous_location,0.001,0,continuation_mu,13800,3,3.9766002167574387e-05,0.01239174473946747,32.44513662946854,32.432744884729075
continuous_location,0.001,0,continuation_mu,13900,3,3.9766002167574387e-05,0.012151129041782838,32.44513621425014,32.43298508520836
continuous_location,0.001,0,continuation_mu,14000,3,3.9766002167574387e-05,0.0114069170919322,32.44513686062707,32.43372994353514
continuous_location,0.001,0,continuation_mu,14100,3,3.9766002167574387e-05,0.010342952116154436,32.445137011087965,32.43479405897181
continuous_location,0.001,0,continuation_mu,14200,3,3.9766002167574387e-05,0.009254106941405382,32.4451362363523,32.43588212941089
continuous_location,0.001,0,continuation_mu,14300,3,3.9766002167574387e-05,0.008424130757404669,32.44513583688232,32.43671170612492
continuous_location,0.001,0,continuation_mu,14400,3,3.9766002167574387e-05,0.008025923824298786,32.44513631231114,32.43711038848684
continuous_location,0.001,0,continuation_mu,14500,3,3.9766002167574387e-05,0.00801970534134,32.44513655315266,32.43711684781132
continuous_location,0.001,0,continuation_mu,14600,3,3.9766002167574387e-05,0.008159648735414748,32.44513598321626,32.436976334480846
continuous_location,0.001,0,continuation_mu,14700,3,3.9766002167574387e-05,0.00817023943235995,32.44513554611781,32.43696530668545
continuous_location,0.001,0,continuation_mu,14800,3,3.9766002167574387e-05,0.007912619080045147,32.44513589507372,32.437223275993674
continuous_location,0.001,0,continuation_mu,14900,3,3.9766002167574387e-05,0.007416340619627704,32.445136242222766,32.43771990160314
continuous_location,0.001,0,continuation_mu,15000,3,3.9766002167574387e-05,0.006814008191575738,32.4451358567022,32.438321848510626
continuous_location,0.001,0,continuation_mu,15100,3,3.9766002167574387e-05,0.006261093252554417,32.44513536191964,32.438874268667085
continuous_location,0.001,0,continuation_mu,15200,3,3.9766002167574387e-05,0.005886271787794328,32.445135551648875,32.43924927986108
continuous_location,0.001,0,continuation_mu,15300,3,3.9766002167574387e-05,0.005746219515380346,32.445135976044554,32.439389756529174
continuous_location,0.001,0,continuation_mu,15400,3,3.9766002167574387e-05,0.00577634239971303,32.44513580006297,32.43935945766326
continuous_location,0.001,0,continuation_mu,15500,3,3.9766002167574387e-05,0.005820590644695756,32.44513528953855,32.43931469889385
continuous_location,0.001,0,continuation_mu,15600,3,3.9766002167574387e-05,0.005743829660865174,32.44513528748029,32.439391457819426
continuous_location,0.001,0,continuation_mu,15700,3,3.9766002167574387e-05,0.0055104000402579345,32.44513571281756,32.4396253127773
continuous_location,0.001,0,continuation_mu,15800,3,3.9766002167574387e-05,0.005175334874827797,32.44513575044746,32.439960415572635
continuous_location,0.001,0,continuation_mu,15900,3,3.9766002167574387e-05,0.004827603821041748,32.44513530350167,32.44030769968063
continuous_location,0.001,0,continuation_mu,16000,3,3.9766002167574387e-05,0.004545529063896936,32.44513512065716,32.440589591593266
continuous_location,0.001,0,continuation_mu,16100,3,3.9766002167574387e-05,0.004380769677652552,32.445135457726686,32.44075468804903
continuous_location,0.001,0,continuation_mu,16200,3,3.9766002167574387e-05,0.004337784407312029,32.445135665982484,32.44079788157517
continuous_location,0.001,0,continuation_mu,16300,3,3.9766002167574387e-05,0.004354424193650175,32.44513535773623,32.44078093354258
continuous_location,0.001,0,continuation_mu,16400,3,3.9766002167574387e-05,0.004336133956606147,32.445135053933946,32.44079891997734
continuous_location,0.001,0,continuation_mu,16500,3,3.9766002167574387e-05,0.0042246795848512875,32.445135238661535,32.440910559076684
continuous_location,0.001,0,continuation_mu,16600,3,3.9766002167574387e-05,0.004030337803726525,32.445135536112645,32.44110519830892
continuous_location,0.001,0,continuation_mu,16700,3,3.9766002167574387e-05,0.0038076048195065937,32.44513540459734,32.44132779977783
continuous_location,0.001,0,continuation_mu,16800,3,3.9766002167574387e-05,0.0036110324211051648,32.445135067291744,32.44152403487064
continuous_location,0.001,0,continuation_mu,16900,3,3.9766002167574387e-05,0.0034738758129861935,32.44513508304168,32.44166120722869
continuous_location,0.001,0,continuation_mu,17000,3,3.9766002167574387e-05,0.003407957384759186,32.44513537729704,32.44172741991228
continuous_location,0.001,0,continuation_mu,17100,3,3.9766002167574387e-05,0.003396046839554856,32.4451354114726,32.441739364633044
continuous_location,0.001,0,continuation_mu,17200,3,3.9766002167574387e-05,0.0033886782176111296,32.445135124725404,32.44174644650779
continuous_location,0.001,0,continuation_mu,17300,3,3.9766002167574387e-05,0.0033337656336200894,32.445135002629655,32.441801236996035
continuous_location,0.001,0,continuation_mu,17400,3,3.9766002167574387e-05,0.003215873126443114,32.44513521970773,32.44191934658129
continuous_location,0.001,0,continuation_mu,17500,3,3.9766002167574387e-05,0.003063545946531576,32.4451353684016,32.44207182245507
continuous_location,0.001,0,continuation_mu,17600,3,3.9766002167574387e-05,0.0029210600417002297,32.44513518738514,32.44221412734344
continuous_location,0.001,0,continuation_mu,17700,3,3.9766002167574387e-05,0.002817068685864399,32.44513498936253,32.442317920676665
continuous_location,0.001,0,continuation_mu,17800,3,3.9766002167574387e-05,0.0027582858856973758,32.4451350923758,32.4423768064901
continuous_location,0.001,0,continuation_mu,17900,3,3.9766002167574387e-05,0.0027365608288434373,32.44513528616802,32.442398725339174
continuous_location,0.001,0,continuation_mu,18000,3,3.9766002167574387e-05,0.00272842474542756,32.44513522595624,32.442406801210815
continuous_location,0.001,0,continuation_mu,18100,3,3.9766002167574387e-05,0.002699488024411778,32.44513502018139,32.44243553215698
continuous_location,0.001,0,continuation_mu,18200,3,3.9766002167574387e-05,0.0026264959315724923,32.44513501235244,32.442508516420865
continuous_location,0.001,0,continuation_mu,18300,3,3.9766002167574387e-05,0.0025171117073128357,32.445135187599554,32.44261807589224
continuous_location,0.001,0,continuation_mu,18400,3,3.9766002167574387e-05,0.0024041545282997845,32.44513522735795,32.44273107282965
continuous_location,0.001,0,continuation_mu,18500,3,3.9766002167574387e-05,0.0023189557618295,32.44513506672247,32.44281611096064
continuous_location,0.001,0,continuation_mu,18600,3,3.9766002167574387e-05,0.002271564435950779,32.44513498091763,32.44286341648168
continuous_location,0.001,0,continuation_mu,18700,3,3.9766002167574387e-05,0.0022537069505261798,32.44513509683628,32.442881389885756
continuous_location,0.001,0,continuation_mu,18800,3,3.9766002167574387e-05,0.002248557559298092,32.44513519468252,32.44288663712322
continuous_location,0.001,0,continuation_mu,18900,3,3.9766002167574387e-05,0.0022340388283481616,32.445135105038,32.44290106620965
continuous_location,0.001,0,continuation_mu,19000,3,3.9766002167574387e-05,0.002189724988305386,32.44513498626064,32.442945261272335
continuous_location,0.001,0,continuation_mu,19100,3,3.9766002167574387e-05,0.0021113133520103133,32.44513503075065,32.44302371739864
continuous_location,0.001,0,continuation_mu,19200,3,3.9766002167574387e-05,0.0020177186930325774,32.445135141749766,32.443117423056734
continuous_location,0.001,0,continuation_mu,19300,3,3.9766002167574387e-05,0.001938952672624339,32.44513512166841,32.44319616899578
continuous_location,0.001,0,continuation_mu,19400,3,3.9766002167574387e-05,0.001893845345435352,32.445135010201746,32.44324116485631
continuous_location,0.001,0,continuation_mu,19500,3,3.9766002167574387e-05,0.0018799169296457308,32.44513499509254,32.44325507816289
continuous_location,0.001,0,continuation_mu,19600,3,3.9766002167574387e-05,0.0018813698938799917,32.44513508549322,32.44325371559934
continuous_location,0.001,0,continuation_mu,19700,3,3.9766002167574387e-05,0.0018791448696759971,32.44513511483626,32.443255969966586
continuous_location,0.001,0,continuation_mu,19800,3,3.9766002167574387e-05,0.0018558959919872109,32.44513503550937,32.44327913951738
continuous_location,0.001,0,continuation_mu,19900,3,3.9766002167574387e-05,0.001802730701719213,32.44513498544243,32.44333225474071
continuous_location,0.001,0,continuation_mu,20000,3,3.9766002167574387e-05,0.0017271507836298383,32.44513503931533,32.4434078885317
continuous_location,0.001,0,continuation_mu,20100,3,3.9766002167574387e-05,0.0016520414513792048,32.445135091394455,32.443483049943076
continuous_location,0.001,0,continuation_mu,20200,3,3.9766002167574387e-05,0.0016013034730235631,32.44513505101975,32.443533747546724
continuous_location,0.001,0,continuation_mu,20300,3,3.9766002167574387e-05,0.0015832077956616786,32.44513499150562,32.44355178370996
continuous_location,0.001,0,continuation_mu,20400,3,3.9766002167574387e-05,0.0015876420328737595,32.44513500954504,32.44354736751217
continuous_location,0.001,0,continuation_mu,20500,3,3.9766002167574387e-05,0.00159603375188766,32.4451350617113,32.44353902795941
continuous_location,0.001,0,continuation_mu,20600,3,3.9766002167574387e-05,0.0015905782313794248,32.44513505332315,32.44354447509177
continuous_location,0.001,0,continuation_mu,20700,3,3.9766002167574387e-05,0.001559695072295142,32.445135002288495,32.4435753072162
continuous_location,0.001,0,continuation_mu,20800,3,3.9766002167574387e-05,0.0015033185357324896,32.445134995395975,32.44363167686024
continuous_location,0.001,0,continuation_mu,20900,3,3.9766002167574387e-05,0.0014355720016538953,32.44513503481547,32.44369946281382
continuous_location,0.001,0,continuation_mu,21000,3,3.9766002167574387e-05,0.00137884644254882,32.44513504523195,32.4437561987894
continuous_location,0.001,0,continuation_mu,21100,3,3.9766002167574387e-05,0.0013498715404622885,32.44513501004687,32.443785138506406
continuous_location,0.001,0,continuation_mu,21200,3,3.9766002167574387e-05,0.0013489265258854743,32.44513499155716,32.443786065031276
continuous_location,0.001,0,continuation_mu,21300,3,3.9766002167574387e-05,0.0013619751288729276,32.44513501552071,32.44377304039184
continuous_location,0.001,0,continuation_mu,21400,3,3.9766002167574387e-05,0.001370520961025079,32.44513503248159,32.44376451152056
continuous_location,0.001,0,continuation_mu,21500,3,3.9766002167574387e-05,0.0013597239871288025,32.44513501188138,32.443775287894255
continuous_location,0.001,0,continuation_mu,21600,3,3.9766002167574387e-05,0.0013236315603393223,32.44513499168985,32.44381136012951
continuous_location,0.001,0,continuation_mu,21700,3,3.9766002167574387e-05,0.001268442857750074,32.445135004029936,32.443866561172186
continuous_location,0.001,0,continuation_mu,21800,3,3.9766002167574387e-05,0.0012111354337207558,32.44513502035915,32.44392388492543
continuous_location,0.001,0,continuation_mu,21900,3,3.9766002167574387e-05,0.0011710227602108603,32.445135008988444,32.44396398622823
continuous_location,0.001,0,continuation_mu,22000,3,3.9766002167574387e-05,0.0011580037479035354,32.44513499125741,32.44397698750951
continuous_location,0.001,0,continuation_mu,22100,3,3.9766002167574387e-05,0.0011669729068373158,32.4451349975132,32.44396802460636
continuous_location,0.001,0,continuation_mu,22200,3,3.9766002167574387e-05,0.001182537474257117,32.445135011598374,32.44395247412412
continuous_location,0.001,0,continuation_mu,22300,3,3.9766002167574387e-05,0.0011878546220813746,32.44513500451991,32.44394714989783
continuous_location,0.001,0,continuation_mu,22400,3,3.9766002167574387e-05,0.0011717392205881083,32.445134988746126,32.44396324952554
continuous_location,0.001,0,continuation_mu,22500,3,3.9766002167574387e-05,0.001133159244183446,32.44513499245445,32.444001833210265
continuous_location,0.001,0,continuation_mu,22600,3,3.9766002167574387e-05,0.0010822894507711567,32.445135006016926,32.444052716566155
continuous_location,0.001,0,continuation_mu,22700,3,3.9766002167574387e-05,0.0010362695259829025,32.445135001285564,32.44409873175958
continuous_location,0.001,0,continuation_mu,22800,3,3.9766002167574387e-05,0.0010101178515071751,32.445134985209144,32.44412486735764
continuous_location,0.001,0,continuation_mu,22900,3,3.9766002167574387e-05,0.0010080525800546525,32.445134986601786,32.44412693402173
continuous_location,0.001,0,continuation_mu,23000,3,3.9766002167574387e-05,0.0010218211931842802,32.44513500159068,32.444113180397494
continuous_location,0.001,0,continuation_mu,23100,3,3.9766002167574387e-05,0.0010362802293428786,32.445135000312284,32.44409872008294
continuous_location,0.001,0,continuation_mu,23200,3,3.9766002167574387e-05,0.0010370424374315235,32.445134982773425,32.44409794033599
continuous_location,0.001,0,continuation_mu,23300,3,3.9766002167574387e-05,0.0010166942319429495,32.44513497977759,32.44411828554565
continuous_location,0.001,0,continuation_mu,23348,3,3.9766002167574387e-05,0.0009998797656507463,32.44513498680858,32.44413510704293
continuous_location,0.0001,0,fixed_mu,0,1,1.9537482007770036e-06,5.795582781682089,35.48054020594655,29.684957424264457
continuous_location,0.0001,0,fixed_mu,1,1,1.9537482007770036e-06,5.795581499555585,35.48053892382004,29.684957424264457
continuous_location,0.0001,0,fixed_mu,1000,1,1.9537482007770036e-06,4.844898913401437,35.355661387034445,30.510762473633008
continuous_location,0.0001,0,fixed_mu,2000,1,1.9537482007770036e-06,2.8824300612613243,35.2287966966269,32.34636663536558
continuous_location,0.0001,0,fixed_mu,3000,1,1.9537482007770036e-06,1.241465130264828,35.223998285825,33.98253315556017
continuous_location,0.0001,0,fixed_mu,4000,1,1.9537482007770036e-06,0.4423981758640778,35.22140017206546,34.77900199620138
continuous_location,0.0001,0,fixed_mu,5000,1,1.9537482007770036e-06,0.2920227624724774,35.22102995772181,34.92900719524933
continuous_location,0.0001,0,fixed_mu,6000,1,1.9537482007770036e-06,0.2915697117834881,35.220587195327,34.92901748354351
continuous_location,0.0001,0,fixed_mu,7000,1,1.9537482007770036e-06,0.21014363361711474,35.220538948178934,35.01039531456182
continuous_location,0.0001,0,fixed_mu,8000,1,1.9537482007770036e-06,0.11981924464848959,35.22038488041088,35.10056563576239
continuous_location,0.0001,0,fixed_mu,9000,1,1.9537482007770036e-06,0.09707889190141117,35.22039237672631,35.1233134848249
continuous_location,0.0001,0,fixed_mu,10000,1,1.9537482007770036e-06,0.10138949802464481,35.220313470509446,35.1189239724848
continuous_location,0.0001,0,fixed_mu,11000,1,1.9537482007770036e-06,0.0817603233561428,35.22033302632866,35.13857270297252
continuous_location,0.0001,0,fixed_mu,12000,1,1.9537482007770036e-06,0.05524997254357089,35.22028289910193,35.16503292655836
continuous_location,0.0001,0,fixed_mu,13000,1,1.9537482007770036e-06,0.048514446211193274,35.220303901671905,35.17178945546071
continuous_location,0.0001,0,fixed_mu,14000,1,1.9537482007770036e-06,0.050703179175840773,35.2202683180656,35.16956513888976
continuous_location,0.0001,0,fixed_mu,15000,1,1.9537482007770036e-06,0.04271001255802531,35.220287503989,35.177577491430974
continuous_location,0.0001,0,fixed_mu,16000,1,1.9537482007770036e-06,0.03175635885155259,35.22026090857106,35.18850454971951
continuous_location,0.0001,0,fixed_mu,17000,1,1.9537482007770036e-06,0.029253162525563425,35.220277295402084,35.19102413287652
continuous_location,0.0001,0,fixed_mu,18000,1,1.9537482007770036e-06,0.030267806449188583,35.22025704032791,35.18998923387872
continuous_location,0.0001,0,fixed_mu,19000,1,1.9537482007770036e-06,0.02599618870608822,35.2202704563673,35.194274267661214
continuous_location,0.0001,0,fixed_mu,20000,1,1.9537482007770036e-06,0.02059348643997083,35.22025499865043,35.19966151221046
continuous_location,0.0001,0,fixed_mu,21000,1,1.9537482007770036e-06,0.01964530136710607,35.220265642859815,35.20062034149271
continuous_location,0.0001,0,fixed_mu,22000,1,1.9537482007770036e-06,0.020076013046988805,35.22025392218141,35.200177909134425
continuous_location,0.0001,0,fixed_mu,23000,1,1.9537482007770036e-06,0.017392568175104373,35.22026214978102,35.20286958160592
continuous_location,0.0001,0,fixed_mu,24000,1,1.9537482007770036e-06,0.014414739233401974,35.220253342544055,35.20583860331065
continuous_location,0.0001,0,fixed_mu,25000,1,1.9537482007770036e-06,0.014136370772327211,35.22025957690122,35.20612320612889
continuous_location,0.0001,0,fixed_mu,26000,1,1.9537482007770036e-06,0.014280631944892264,35.22025300710099,35.2059723751561
continuous_location,0.0001,0,fixed_mu,27000,1,1.9537482007770036e-06,0.01241705989544073,35.22025767270725,35.20784061281181
continuous_location,0.0001,0,fixed_mu,28000,1,1.9537482007770036e-06,0.010642827690261925,35.22025277826268,35.20960995057242
continuous_location,0.0001,0,fixed_mu,29000,1,1.9537482007770036e-06,0.01066618474899883,35.22025626675267,35.20959008200367
continuous_location,0.0001,0,fixed_mu,30000,1,1.9537482007770036e-06,0.010675054993988908,35.220252588435514,35.209577533441525
continuous_location,0.0001,0,fixed_mu,31000,1,1.9537482007770036e-06,0.009298083452499384,35.22025523230089,35.210957148848394
continuous_location,0.0001,0,fixed_mu,32000,1,1.9537482007770036e-06,0.0081793245577515,35.22025240977641,35.212073085218655
continuous_location,0.0001,0,fixed_mu,33000,1,1.9537482007770036e-06,0.008328919348208785,35.2202544721018,35.21192555275359
continuous_location,0.0001,0,fixed_mu,34000,1,1.9537482007770036e-06,0.00827773267022991,35.22025223664263,35.2119745039724
continuous_location,0.0001,0,fixed_mu,35000,1,1.9537482007770036e-06,0.007222753456026965,35.22025390860001,35.21303115514398
continuous_location,0.0001,0,fixed_mu,36000,1,1.9537482007770036e-06,0.00648863188729365,35.22025207468103,35.213763442793734
continuous_location,0.0001,0,fixed_mu,37000,1,1.9537482007770036e-06,0.006676127034737078,35.22025348169663,35.21357735466189
continuous_location,0.0001,0,fixed_mu,38000,1,1.9537482007770036e-06,0.0065991770356816915,35.220251932269335,35.21365275523365
continuous_location,0.0001,0,fixed_mu,39000,1,1.9537482007770036e-06,0.005776150626999765,35.22025314544015,35.21447699481315
continuous_location,0.0001,0,fixed_mu,40000,1,1.9537482007770036e-06,0.005282578049140341,35.22025181718446,35.21496923913532
continuous_location,0.0001,0,fixed_mu,41000,1,1.9537482007770036e-06,0.005464650761155099,35.22025286738587,35.21478821662471
continuous_location,0.0001,0,fixed_mu,42000,1,1.9537482007770036e-06,0.005374395453998204,35.220251733012525,35.21487733755853
continuous_location,0.0001,0,fixed_mu,43000,1,1.9537482007770036e-06,0.0047286604089720186,35.22025262601369,35.21552396560472
continuous_location,0.0001,0,fixed_mu,44000,1,1.9537482007770036e-06,0.004394378994291515,35.22025167957452,35.215857300580225
continuous_location,0.0001,0,fixed_mu,45000,1,1.9537482007770036e-06,0.004552285443054416,35.22025240930452,35.21570012386147
continuous_location,0.0001,0,fixed_mu,46000,1,1.9537482007770036e-06,0.004450994587209323,35.22025165242124,35.21580065783403
continuous_location,0.0001,0,fixed_mu,47000,1,1.9537482007770036e-06,0.0039449662246227035,35.2202522118828,35.21630724565818
continuous_location,0.0001,0,fixed_mu,48000,1,1.9537482007770036e-06,0.0037220805175834926,35.22025164482936,35.21652956431178
continuous_location,0.0001,0,fixed_mu,49000,1,1.9537482007770036e-06,0.0038502955847974363,35.2202520330789,35.2164017374941
continuous_location,0.0001,0,fixed_mu,50000,1,1.9537482007770036e-06,0.003737042850666228,35.220251648635326,35.21651460578466
continuous_location,0.0001,0,fixed_mu,51000,1,1.9537482007770036e-06,0.003341490224300969,35.22025187438745,35.21691038416315
continuous_location,0.0001,0,fixed_mu,52000,1,1.9537482007770036e-06,0.003200612072397746,35.22025165618849,35.21705104411609
continuous_location,0.0001,0,fixed_mu,53000,1,1.9537482007770036e-06,0.0033002874310241737,35.22025173794064,35.21695145050962
continuous_location,0.0001,0,fixed_mu,54000,1,1.9537482007770036e-06,0.0031745843482653413,35.22025166110968,35.21707707676141
continuous_location,0.0001,0,fixed_mu,55000,1,1.9537482007770036e-06,0.0028649739917199213,35.22025162498971,35.21738665099799
continuous_location,0.0001,0,fixed_mu,56000,1,1.9537482007770036e-06,0.00278690673642501,35.22025165928735,35.217464752550924
continuous_location,0.0001,0,fixed_mu,57000,1,1.9537482007770036e-06,0.002862272067901017,35.22025153537637,35.21738926330847
continuous_location,0.0001,0,fixed_mu,58000,1,1.9537482007770036e-06,0.0027253382692649097,35.22025164888281,35.21752631061354
continuous_location,0.0001,0,fixed_mu,59000,1,1.9537482007770036e-06,0.00248084488939071,35.22025146719588,35.21777062230649
continuous_location,0.0001,0,fixed_mu,60000,1,1.9537482007770036e-06,0.0024516068127127255,35.2202516302682,35.21780002345549
continuous_location,0.0001,0,fixed_mu,61000,1,1.9537482007770036e-06,0.002508079279522235,35.22025141718987,35.21774333791035
continuous_location,0.0001,0,fixed_mu,62000,1,1.9537482007770036e-06,0.0023627389159486256,35.220251605372155,35.21788886645621
continuous_location,0.0001,0,fixed_mu,63000,1,1.9537482007770036e-06,0.0021663390138968452,35.2202513811686,35.218085042154705
continuous_location,0.0001,0,fixed_mu,64000,1,1.9537482007770036e-06,0.0021743296215319674,35.22025157704693,35.2180772474254
continuous_location,0.0001,0,fixed_mu,65000,1,1.9537482007770036e-06,0.0022174280538038715,35.22025135477899,35.218033926725184
continuous_location,0.0001,0,fixed_mu,66000,1,1.9537482007770036e-06,0.0020674876117041663,35.22025154827584,35.218184060664136
continuous_location,0.0001,0,fixed_mu,67000,1,1.9537482007770036e-06,0.00190612747124419,35.220251334039666,35.21834520656842
continuous_location,0.0001,0,fixed_mu,68000,1,1.9537482007770036e-06,0.0019408751825906734,35.220251521596836,35.218310646414245
continuous_location,0.0001,0,fixed_mu,69000,1,1.9537482007770036e-06,0.001975432501822638,35.22025131590078,35.21827588339896
continuous_location,0.0001,0,fixed_mu,70000,1,1.9537482007770036e-06,0.0018250702492252913,35.22025149865617,35.21842642840694
continuous_location,0.0001,0,fixed_mu,71000,1,1.9537482007770036e-06,0.0016894500894224507,35.22025129843146,35.218561848342034
continuous_location,0.0001,0,fixed_mu,72000,1,1.9537482007770036e-06,0.0017414389368113348,35.22025148005981,35.218510041123
continuous_location,0.0001,0,fixed_mu,73000,1,1.9537482007770036e-06,0.0017709958914196022,35.220251280898154,35.218480285006734
continuous_location,0.0001,0,fixed_mu,74000,1,1.9537482007770036e-06,0.001624326282808397,35.22025146542097,35.218627139138164
continuous_location,0.0001,0,fixed_mu,75000,1,1.9537482007770036e-06,0.001508291060744682,35.220251263532454,35.21874297247171
continuous_location,0.0001,0,fixed_mu,76000,1,1.9537482007770036e-06,0.0015693176899205241,35.22025145361704,35.21868213592712
continuous_location,0.0001,0,fixed_mu,77000,1,1.9537482007770036e-06,0.001595802185448747,35.22025124723713,35.21865544505168
continuous_location,0.0001,0,fixed_mu,78000,1,1.9537482007770036e-06,0.0014565478101076224,35.220251443135545,35.21879489532544
continuous_location,0.0001,0,fixed_mu,79000,1,1.9537482007770036e-06,0.0013563103835991797,35.220251233172604,35.218894922789005
continuous_location,0.0001,0,fixed_mu,80000,1,1.9537482007770036e-06,0.0014198878839124518,35.22025143245386,35.218831544569944
continuous_location,0.0001,0,fixed_mu,81000,1,1.9537482007770036e-06,0.001443685042552545,35.22025122240352,35.218807537360966
continuous_location,0.0001,0,fixed_mu,82000,1,1.9537482007770036e-06,0.0013148605501314137,35.2202514203576,35.21893655980747
continuous_location,0.0001,0,fixed_mu,83000,1,1.9537482007770036e-06,0.0012282844850659558,35.220251215609025,35.21902293112396
continuous_location,0.0001,0,fixed_mu,84000,1,1.9537482007770036e-06,0.0012898060738137929,35.22025140615638,35.218961600082565
continuous_location,0.0001,0,fixed_mu,85000,1,1.9537482007770036e-06,0.0013101865817262137,35.22025121292875,35.218941026347025
continuous_location,0.0001,0,fixed_mu,86000,1,1.9537482007770036e-06,0.0011937995386972489,35.220251389760115,35.21905759022142
continuous_location,0.0001,0,fixed_mu,87000,1,1.9537482007770036e-06,0.0011198328042993921,35.2202512139488,35.2191313811445
continuous_location,0.0001,0,fixed_mu,88000,1,1.9537482007770036e-06,0.0011764430359946232,35.22025137162973,35.219074928593734
continuous_location,0.0001,0,fixed_mu,89000,1,1.9537482007770036e-06,0.0011921761533457698,35.22025121779777,35.21905904164442
continuous_location,0.0001,0,fixed_mu,90000,1,1.9537482007770036e-06,0.0010890449588316642,35.220251352617915,35.21916230765908
continuous_location,0.0001,0,fixed_mu,91000,1,1.9537482007770036e-06,0.0010272668167843335,35.22025122334313,35.21922395652635
continuous_location,0.0001,0,fixed_mu,92000,1,1.9537482007770036e-06,0.001077548377288906,35.22025133376027,35.21917378538298
continuous_location,0.0001,0,fixed_mu,93000,1,1.9537482007770036e-06,0.0010874780789578153,35.22025122940037,35.21916375132141
continuous_location,0.0001,0,fixed_mu,94000,1,1.9537482007770036e-06,0.0009972689284580838,35.22025131604553,35.21925404711707
continuous_location,0.0001,0,fixed_mu,95000,1,1.9537482007770036e-06,0.0009474826595265995,35.22025123495308,35.219303752293555
continuous_location,0.0001,0,fixed_mu,96000,1,1.9537482007770036e-06,0.000991098884625785,35.22025130023748,35.21926020135285
continuous_location,0.0001,0,fixed_mu,97000,1,1.9537482007770036e-06,0.0009945232933219472,35.220251239291265,35.21925671599794
continuous_location,0.0001,0,fixed_mu,98000,1,1.9537482007770036e-06,0.0009160221175008587,35.22025128674687,35.21933526462937
continuous_location,0.0001,0,fixed_mu,99000,1,1.9537482007770036e-06,0.0008778851638595597,35.2202512421011,35.21937335693724
continuous_location,0.0001,0,fixed_mu,100000,1,1.9537482007770036e-06,0.0009152547015602863,35.22025127560878,35.21933602090722
continuous_location,0.0001,0,fixed_mu,101000,1,1.9537482007770036e-06,0.000912067838577002,35.220251243440416,35.21933917560184
continuous_location,0.0001,0,fixed_mu,102000,1,1.9537482007770036e-06,0.0008435982913113094,35.22025126651562,35.21940766822431
continuous_location,0.0001,0,fixed_mu,103000,1,1.9537482007770036e-06,0.0008163510131851126,35.2202512436732,35.21943489266001
continuous_location,0.0001,0,fixed_mu,104000,1,1.9537482007770036e-06,0.0008483542320618653,35.22025125893736,35.2194029047053
continuous_location,0.0001,0,fixed_mu,105000,1,1.9537482007770036e-06,0.0008390095004315867,35.220251243325855,35.21941223382542
continuous_location,0.0001,0,fixed_mu,106000,1,1.9537482007770036e-06,0.0007788542263043041,35.22025125224796,35.21947239802166
continuous_location,0.0001,0,fixed_mu,107000,1,1.9537482007770036e-06,0.0007612211142458136,35.22025124295705,35.2194900218428
continuous_location,0.0001,0,fixed_mu,108000,1,1.9537482007770036e-06,0.0007889125837365896,35.22025124587767,35.21946233329393
continuous_location,0.0001,0,fixed_mu,109000,1,1.9537482007770036e-06,0.0007743008153795472,35.22025124301396,35.21947694219858
continuous_location,0.0001,0,fixed_mu,110000,1,1.9537482007770036e-06,0.0007210058187467894,35.220251239414246,35.2195302335955
continuous_location,0.0001,0,fixed_mu,111000,1,1.9537482007770036e-06,0.0007112901513011138,35.220251243753296,35.219539953601995
continuous_location,0.0001,0,fixed_mu,112000,1,1.9537482007770036e-06,0.0007356220487224618,35.220251232677334,35.21951561062861
continuous_location,0.0001,0,fixed_mu,113000,1,1.9537482007770036e-06,0.0007169278481100605,35.22025124519241,35.2195343173443
continuous_location,0.0001,0,fixed_mu,114000,1,1.9537482007770036e-06,0.0006694436440781715,35.22025122572075,35.21958178207667
continuous_location,0.0001,0,fixed_mu,115000,1,1.9537482007770036e-06,0.0006657606014925932,35.2202512471343,35.21958548653281
continuous_location,0.0001,0,fixed_mu,116000,1,1.9537482007770036e-06,0.0006873648976863933,35.22025121879716,35.21956385389947
continuous_location,0.0001,0,fixed_mu,117000,1,1.9537482007770036e-06,0.0006659172077050357,35.22025124922204,35.21958533201433
continuous_location,0.0001,0,fixed_mu,118000,1,1.9537482007770036e-06,0.0006236046069290069,35.220251212275734,35.219627607668805
continuous_location,0.0001,0,fixed_mu,119000,1,1.9537482007770036e-06,0.0006241505858710639,35.22025125103284,35.21962710044697
continuous_location,0.0001,0,fixed_mu,120000,1,1.9537482007770036e-06,0.0006432382454306662,35.22025120654993,35.2196079683045
continuous_location,0.0001,0,fixed_mu,121000,1,1.9537482007770036e-06,0.0006203482523403636,35.2202512521694,35.21963090391706
continuous_location,0.0001,0,fixed_mu,122000,1,1.9537482007770036e-06,0.0005829103260950319,35.22025120194495,35.21966829161885
continuous_location,0.0001,0,fixed_mu,123000,1,1.9537482007770036e-06,0.0005861729170959507,35.22025125234343,35.219665079426335
continuous_location,0.0001,0,fixed_mu,124000,1,1.9537482007770036e-06,0.0006025746245370556,35.22025119865065,35.219648624026114
continuous_location,0.0001,0,fixed_mu,125000,1,1.9537482007770036e-06,0.0005793676220449129,35.22025125142571,35.21967188380366
continuous_location,0.0001,0,fixed_mu,126000,1,1.9537482007770036e-06,0.0005467566481769381,35.220251196687286,35.21970444003911
continuous_location,0.0001,0,fixed_mu,127000,1,1.9537482007770036e-06,0.0005516184451721529,35.220251249461406,35.21969963101623
continuous_location,0.0001,0,fixed_mu,128000,1,1.9537482007770036e-06,0.0005649371895088962,35.22025119590994,35.21968625872043
continuous_location,0.0001,0,fixed_mu,129000,1,1.9537482007770036e-06,0.0005422124925686944,35.220251246647486,35.21970903415492
continuous_location,0.0001,0,fixed_mu,130000,1,1.9537482007770036e-06,0.0005145280295835164,35.22025119604605,35.219736668016466
continuous_location,0.0001,0,fixed_mu,131000,1,1.9537482007770036e-06,0.0005202728309541271,35.22025124328222,35.219730970451266
continuous_location,0.0001,0,fixed_mu,132000,1,1.9537482007770036e-06,0.0005300794520550767,35.22025119675533,35.21972111730327
continuous_location,0.0001,0,fixed_mu,133000,1,1.9537482007770036e-06,0.0005082429273031153,35.220251239699046,35.21974299677174
continuous_location,0.0001,0,fixed_mu,134000,1,1.9537482007770036e-06,0.00048561783896161614,35.220251197698005,35.21976557985904
continuous_location,0.0001,0,fixed_mu,135000,1,1.9537482007770036e-06,0.0004918776138325143,35.22025123620014,35.21975935858631
continuous_location,0.0001,0,fixed_mu,136000,1,1.9537482007770036e-06,0.0004978776056319134,35.22025119859559,35.21975332098996
continuous_location,0.0001,0,fixed_mu,137000,1,1.9537482007770036e-06,0.0004769716531995982,35.22025123300319,35.21977426134999
continuous_location,0.0001,0,fixed_mu,138000,1,1.9537482007770036e-06,0.0004594499577450506,35.22025119927387,35.21979174931612
continuous_location,0.0001,0,fixed_mu,139000,1,1.9537482007770036e-06,0.00046612698346848447,35.22025123021121,35.21978510322774
continuous_location,0.0001,0,fixed_mu,140000,1,1.9537482007770036e-06,0.00046825652432147535,35.220251199679105,35.21978294315478
continuous_location,0.0001,0,fixed_mu,141000,1,1.9537482007770036e-06,0.0004480742519987757,35.22025122780898,35.21980315355698
continuous_location,0.0001,0,fixed_mu,142000,1,1.9537482007770036e-06,0.00043550487369969915,35.22025119986901,35.21981569499531
continuous_location,0.0001,0,fixed_mu,143000,1,1.9537482007770036e-06,0.000442682647417314,35.22025122568501,35.219808543037594
continuous_location,0.0001,0,fixed_mu,144000,1,1.9537482007770036e-06,0.0004411311749024094,35.220251199979955,35.21981006880505
continuous_location,0.0001,0,fixed_mu,145000,1,1.9537482007770036e-06,0.00042136947291027127,35.220251223670715,35.219829854197805
continuous_location,0.0001,0,fixed_mu,146000,1,1.9537482007770036e-06,0.0004133500866529971,35.220251200182844,35.21983785009619
continuous_location,0.0001,0,fixed_mu,147000,1,1.9537482007770036e-06,0.0004211930851383272,35.220251221588825,35.21983002850369
continuous_location,0.0001,0,fixed_mu,148000,1,1.9537482007770036e-06,0.0004163748462104877,35.220251200634266,35.219834825788055
continuous_location,0.0001,0,fixed_mu,149000,1,1.9537482007770036e-06,0.00039677337634458354,35.22025121929755,35.21985444592121
continuous_location,0.0001,0,fixed_mu,150000,1,1.9537482007770036e-06,0.00039266625594081006,35.2202512014378,35.21985853518186
continuous_location,0.0001,0,fixed_mu,151000,1,1.9537482007770036e-06,0.0004013131733273667,35.22025121672434,35.219849903551015
continuous_location,0.0001,0,fixed_mu,152000,1,1.9537482007770036e-06,0.00039381216952705245,35.22025120261805,35.219857390448524
continuous_location,0.0001,0,fixed_mu,153000,1,1.9537482007770036e-06,0.0003742428603814574,35.22025121388005,35.219876971019666
continuous_location,0.0001,0,fixed_mu,154000,1,1.9537482007770036e-06,0.0003732566842913343,35.22025120411699,35.2198779474327
continuous_location,0.0001,0,fixed_mu,155000,1,1.9537482007770036e-06,0.0003827261240658686,35.220251210855196,35.21986848473113
continuous_location,0.0001,0,fixed_mu,156000,1,1.9537482007770036e-06,0.0003732269574499014,35.22025120580607,35.21987797884862
continuous_location,0.0001,0,fixed_mu,157000,1,1.9537482007770036e-06,0.00035372690809509777,35.22025120779759,35.21989748088949
continuous_location,0.0001,0,fixed_mu,158000,1,1.9537482007770036e-06,0.0003550327711252521,35.22025120751546,35.219896174744335
continuous_location,0.0001,0,fixed_mu,159000,1,1.9537482007770036e-06,0.00036516796225782855,35.22025120488053,35.219886036918275
continuous_location,0.0001,0,fixed_mu,160000,1,1.9537482007770036e-06,0.0003543757114883306,35.22025120906809,35.2198968333566
continuous_location,0.0001,0,fixed_mu,161000,1,1.9537482007770036e-06,0.0003351372178670431,35.22025120226625,35.21991606504838
continuous_location,0.0001,0,fixed_mu,162000,1,1.9537482007770036e-06,0.0003379786410988572,35.22025121031505,35.21991323167395
continuous_location,0.0001,0,fixed_mu,163000,1,1.9537482007770036e-06,0.00034844902740616135,35.22025120007537,35.21990275104796
continuous_location,0.0001,0,fixed_mu,164000,1,1.9537482007770036e-06,0.00033700354008914246,35.220251211161155,35.219914207621066
continuous_location,0.0001,0,fixed_mu,165000,1,1.9537482007770036e-06,0.00031833922048463137,35.220251198365865,35.21993285914538
continuous_location,0.0001,0,fixed_mu,166000,1,1.9537482007770036e-06,0.00032210718479319667,35.22025121157906,35.21992910439427
continuous_location,0.0001,0,fixed_mu,167000,1,1.9537482007770036e-06,0.00033246380488805016,35.22025119712759,35.2199187333227
continuous_location,0.0001,0,fixed_mu,168000,1,1.9537482007770036e-06,0.00032086348659987607,35.220251211607426,35.219930348120826
continuous_location,0.0001,0,fixed_mu,169000,1,1.9537482007770036e-06,0.00030315698472094255,35.22025119629,35.21994803930528
continuous_location,0.0001,0,fixed_mu,170000,1,1.9537482007770036e-06,0.0003074219087011443,35.22025121133664,35.21994378942794
continuous_location,0.0001,0,fixed_mu,171000,1,1.9537482007770036e-06,0.00031718330941288286,35.22025119574266,35.21993401243325
continuous_location,0.0001,0,fixed_mu,172000,1,1.9537482007770036e-06,0.00030573919192278254,35.22025121088454,35.21994547169262
continuous_location,0.0001,0,fixed_mu,173000,1,1.9537482007770036e-06,0.00028938479408679996,35.22025119536115,35.219961810567064
continuous_location,0.0001,0,fixed_mu,174000,1,1.9537482007770036e-06,0.0002938938625050014,35.22025121036937,35.219957316506864
continuous_location,0.0001,0,fixed_mu,175000,1,1.9537482007770036e-06,0.0003026314999345914,35.22025119503428,35.219948563534345
continuous_location,0.0001,0,fixed_mu,176000,1,1.9537482007770036e-06,0.0002914662999700113,35.22025120988467,35.2199597435847
continuous_location,0.0001,0,fixed_mu,177000,1,1.9537482007770036e-06,0.0002768021011405608,35.220251194685275,35.219974392584135
continuous_location,0.0001,0,fixed_mu,178000,1,1.9537482007770036e-06,0.0002814546267089213,35.220251209482306,35.2199697548556
continuous_location,0.0001,0,fixed_mu,179000,1,1.9537482007770036e-06,0.00028885397032496485,35.220251194284046,35.21996234031372
continuous_location,0.0001,0,fixed_mu,180000,1,1.9537482007770036e-06,0.00027794500913813636,35.22025120916573,35.21997326415659
continuous_location,0.0001,0,fixed_mu,181000,1,1.9537482007770036e-06,0.00026519187109386166,35.22025119384802,35.21998600197693
continuous_location,0.0001,0,fixed_mu,182000,1,1.9537482007770036e-06,0.0002700003915734328,35.22025120889485,35.21998120850328
continuous_location,0.0001,0,fixed_mu,183000,1,1.9537482007770036e-06,0.00027588935891742494,35.220251193432304,35.21997530407339
continuous_location,0.0001,0,fixed_mu,184000,1,1.9537482007770036e-06,0.0002651379909792695,35.22025120859985,35.21998607060887
continuous_location,0.0001,0,fixed_mu,185000,1,1.9537482007770036e-06,0.0002543616464834031,35.22025119311247,35.219996831465984
continuous_location,0.0001,0,fixed_mu,186000,1,1.9537482007770036e-06,0.00025940139379088123,35.22025120820098,35.21999180680719
continuous_location,0.0001,0,fixed_mu,187000,1,1.9537482007770036e-06,0.00026375078775231486,35.22025119296362,35.21998744217587
continuous_location,0.0001,0,fixed_mu,188000,1,1.9537482007770036e-06,0.000253053734816433,35.22025120762899,35.219998153894174
continuous_location,0.0001,0,fixed_mu,189000,1,1.9537482007770036e-06,0.0002441631706915359,35.22025119304137,35.22000702987068
continuous_location,0.0001,0,fixed_mu,190000,1,1.9537482007770036e-06,0.00024951389436722593,35.22025120684231,35.220001692947946
continuous_location,0.0001,0,fixed_mu,191000,1,1.9537482007770036e-06,0.00025241883784588026,35.22025119336763,35.219998774529785
continuous_location,0.0001,0,fixed_mu,192000,1,1.9537482007770036e-06,0.00024172147836765134,35.2202512058369,35.220009484358535
continuous_location,0.0001,0,fixed_mu,193000,1,1.9537482007770036e-06,0.000234504055200091,35.22025119392517,35.22001668986997
continuous_location,0.0001,0,fixed_mu,194000,1,1.9537482007770036e-06,0.00024019454050261402,35.22025120464766,35.22001101010716
continuous_location,0.0001,0,fixed_mu,195000,1,1.9537482007770036e-06,0.00024184303377694505,35.22025119466051,35.220009351626736
continuous_location,0.0001,0,fixed_mu,196000,1,1.9537482007770036e-06,0.00023116657098398719,35.220251203341135,35.22002003677015
continuous_location,0.0001,0,fixed_mu,197000,1,1.9537482007770036e-06,0.00022534656846318057,35.22025119549482,35.220025848926355
continuous_location,0.0001,0,fixed_mu,198000,1,1.9537482007770036e-06,0.00023131669889409068,35.22025120200207,35.220019885303174
continuous_location,0.0001,0,fixed_mu,199000,1,1.9537482007770036e-06,0.0002319478939583064,35.220251196339284,35.220019248445325
continuous_location,0.0001,0,fixed_mu,200000,1,1.9537482007770036e-06,0.00022139321874448115,35.220251200716554,35.22002980749781
continuous_location,0.0001,0,fixed_mu,201000,1,1.9537482007770036e-06,0.0002166935993699326,35.22025119711222,35.22003450351285
continuous_location,0.0001,0,fixed_mu,202000,1,1.9537482007770036e-06,0.00022278584147983338,35.220251199556095,35.220028413714616
continuous_location,0.0001,0,fixed_mu,203000,1,1.9537482007770036e-06,0.00022264152402584614,35.22025119775325,35.220028556229224
continuous_location,0.0001,0,fixed_mu,204000,1,1.9537482007770036e-06,0.00021237690634734463,35.22025119856544,35.220038821659095
continuous_location,0.0001,0,fixed_mu,205000,1,1.9537482007770036e-06,0.00020856709315353328,35.22025119823262,35.220042631139464
continuous_location,0.0001,0,fixed_mu,206000,1,1.9537482007770036e-06,0.00021454916867469365,35.2202511977569,35.22003664858823
continuous_location,0.0001,0,fixed_mu,207000,1,1.9537482007770036e-06,0.00021382670519898284,35.22025119855327,35.22003737184807
continuous_location,0.0001,0,fixed_mu,208000,1,1.9537482007770036e-06,0.00020406467218947455,35.220251197111544,35.220047132439355
continuous_location,0.0001,0,fixed_mu,209000,1,1.9537482007770036e-06,0.0002009866398395843,35.220251198746254,35.220050212106415
continuous_location,0.0001,0,fixed_mu,210000,1,1.9537482007770036e-06,0.00020659558190772032,35.22025119658712,35.22004460100521
continuous_location,0.0001,0,fixed_mu,211000,1,1.9537482007770036e-06,0.00020541427888787211,35.22025119886043,35.220045784581544
continuous_location,0.0001,0,fixed_mu,212000,1,1.9537482007770036e-06,0.0001963801175506319,35.22025119612973,35.22005481601218
continuous_location,0.0001,0,fixed_mu,213000,1,1.9537482007770036e-06,0.0001939543545645961,35.22025119894956,35.220057244595
continuous_location,0.0001,0,fixed_mu,214000,1,1.9537482007770036e-06,0.00019894568743694663,35.2202511956876,35.220052250000165
continuous_location,0.0001,0,fixed_mu,215000,1,1.9537482007770036e-06,0.00019733660145959675,35.220251199059085,35.220053862457625
continuous_location,0.0001,0,fixed_mu,216000,1,1.9537482007770036e-06,0.00018923126070546914,35.220251195222694,35.22006196396199
continuous_location,0.0001,0,fixed_mu,217000,1,1.9537482007770036e-06,0.000187448210702712,35.220251199216065,35.22006375100536
continuous_location,0.0001,0,fixed_mu,218000,1,1.9537482007770036e-06,0.00019163552212120294,35.22025119471889,35.22005955919677
continuous_location,0.0001,0,fixed_mu,219000,1,1.9537482007770036e-06,0.00018955704676670848,35.220251199423785,35.22006164237702
continuous_location,0.0001,0,fixed_mu,220000,1,1.9537482007770036e-06,0.00018252088289472113,35.220251194184364,35.22006867330147
continuous_location,0.0001,0,fixed_mu,221000,1,1.9537482007770036e-06,0.00018142236316265326,35.22025119966212,35.22006977729896
continuous_location,0.0001,0,fixed_mu,222000,1,1.9537482007770036e-06,0.0001846997437837672,35.22025119364854,35.22006649390475
continuous_location,0.0001,0,fixed_mu,223000,1,1.9537482007770036e-06,0.00018207191191521588,35.22025119989311,35.2200691279812
continuous_location,0.0001,0,fixed_mu,224000,1,1.9537482007770036e-06,0.00017615893091971202,35.220251193154354,35.220075034223434
continuous_location,0.0001,0,fixed_mu,225000,1,1.9537482007770036e-06,0.0001758117227694811,35.22025120007031,35.22007538834754
continuous_location,0.0001,0,fixed_mu,226000,1,1.9537482007770036e-06,0.00017815914011265477,35.22025119274796,35.22007303360785
continuous_location,0.0001,0,fixed_mu,227000,1,1.9537482007770036e-06,0.00017490378037621213,35.22025120014956,35.220076296369186
continuous_location,0.0001,0,fixed_mu,228000,1,1.9537482007770036e-06,0.00017007489079645666,35.22025119246796,35.220081117577166
continuous_location,0.0001,0,fixed_mu,229000,1,1.9537482007770036e-06,0.0001705389523678491,35.22025120009886,35.22008066114649
continuous_location,0.0001,0,fixed_mu,230000,1,1.9537482007770036e-06,0.00017201444230607876,35.22025119233705,35.220079177894746
continuous_location,0.0001,0,fixed_mu,231000,1,1.9537482007770036e-06,0.00016808882083552135,35.22025119990521,35.22008311108438
continuous_location,0.0001,0,fixed_mu,232000,1,1.9537482007770036e-06,0.0001642265638466256,35.220251192357026,35.22008696579318
continuous_location,0.0001,0,fixed_mu,233000,1,1.9537482007770036e-06,0.00016552335586794698,35.220251199577056,35.22008567622119
continuous_location,0.0001,0,fixed_mu,234000,1,1.9537482007770036e-06,0.00016624563642864132,35.22025119250879,35.22008494687236
continuous_location,0.0001,0,fixed_mu,235000,1,1.9537482007770036e-06,0.00016166260061112325,35.22025119914223,35.22008953654162
continuous_location,0.0001,0,fixed_mu,236000,1,1.9537482007770036e-06,0.0001586020305737179,35.22025119275652,35.22009259072595
continuous_location,0.0001,0,fixed_mu,237000,1,1.9537482007770036e-06,0.00016069120105299817,35.220251198641854,35.2200905074408
continuous_location,0.0001,0,fixed_mu,238000,1,1.9537482007770036e-06,0.00016081484751850894,35.22025119305518,35.22009037820766
continuous_location,0.0001,0,fixed_mu,239000,1,1.9537482007770036e-06,0.00015564871758755316,35.22025119812181,35.22009554940422
continuous_location,0.0001,0,fixed_mu,240000,1,1.9537482007770036e-06,0.0001532139514566211,35.22025119335952,35.22009797940807
continuous_location,0.0001,0,fixed_mu,241000,1,1.9537482007770036e-06,0.00015598582380249582,35.220251197623824,35.22009521180002
continuous_location,0.0001,0,fixed_mu,242000,1,1.9537482007770036e-06,0.00015567145328532206,35.220251193632535,35.22009552217925
continuous_location,0.0001,0,fixed_mu,243000,1,1.9537482007770036e-06,0.0001500524282960214,35.22025119717794,35.22010114474964
continuous_location,0.0001,0,fixed_mu,244000,1,1.9537482007770036e-06,0.00014808836810686898,35.22025119385167,35.22010310548356
continuous_location,0.0001,0,fixed_mu,245000,1,1.9537482007770036e-06,0.0001513747294339396,35.220251196797896,35.22009982206846
continuous_location,0.0001,0,fixed_mu,246000,1,1.9537482007770036e-06,0.00015075906170380904,35.220251194011524,35.22010043494982
continuous_location,0.0001,0,fixed_mu,247000,1,1.9537482007770036e-06,0.00014485908970129913,35.22025119648038,35.22010633739068
continuous_location,0.0001,0,fixed_mu,248000,1,1.9537482007770036e-06,0.00014325205637533145,35.2202511941228,35.22010794206643
continuous_location,0.0001,0,fixed_mu,249000,1,1.9537482007770036e-06,0.00014685117565704786,35.22025119620786,35.220104345032205
continuous_location,0.0001,0,fixed_mu,250000,1,1.9537482007770036e-06,0.00014602405200747626,35.220251194207826,35.22010517015582
continuous_location,0.0001,0,fixed_mu,251000,1,1.9537482007770036e-06,0.00014003607326174006,35.22025119595431,35.22011115988105
continuous_location,0.0001,0,fixed_mu,252000,1,1.9537482007770036e-06,0.000138722293549165,35.22025119429397,35.22011247200042
continuous_location,0.0001,0,fixed_mu,253000,1,1.9537482007770036e-06,0.00014242956527255046,35.220251195692356,35.22010876612708
continuous_location,0.0001,0,fixed_mu,254000,1,1.9537482007770036e-06,0.00014142438173792016,35.22025119440632,35.220109770024585
continuous_location,0.0001,0,fixed_mu,255000,1,1.9537482007770036e-06,0.00013553707518099145,35.22025119540024,35.22011565832506
continuous_location,0.0001,0,fixed_mu,256000,1,1.9537482007770036e-06,0.000134501061637593,35.22025119456149,35.220116693499854
continuous_location,0.0001,0,fixed_mu,257000,1,1.9537482007770036e-06,0.00013813635580817163,35.220251195067064,35.220113058711256
continuous_location,0.0001,0,fixed_mu,258000,1,1.9537482007770036e-06,0.00013693630754119113,35.22025119476356,35.22011425845602
continuous_location,0.0001,0,fixed_mu,259000,1,1.9537482007770036e-06,0.00013130844909881034,35.220251194695265,35.22011988624617
continuous_location,0.0001,0,fixed_mu,260000,1,1.9537482007770036e-06,0.00013057360282431318,35.22025119500326,35.22012062140043
continuous_location,0.0001,0,fixed_mu,261000,1,1.9537482007770036e-06,0.00013399970996630373,35.22025119430004,35.220117194590074
continuous_location,0.0001,0,fixed_mu,262000,1,1.9537482007770036e-06,0.0001325567057222088,35.22025119525994,35.22011863855422
continuous_location,0.0001,0,fixed_mu,263000,1,1.9537482007770036e-06,0.0001272972032708708,35.220251193905845,35.220123896702574
continuous_location,0.0001,0,fixed_mu,264000,1,1.9537482007770036e-06,0.00012691014573817938,35.22025119550628,35.22012428536054
continuous_location,0.0001,0,fixed_mu,265000,1,1.9537482007770036e-06,0.0001300409916495937,35.22025119354103,35.22012115254938
continuous_location,0.0001,0,fixed_mu,266000,1,1.9537482007770036e-06,0.00012830009252695618,35.220251195714084,35.22012289562156
continuous_location,0.0001,0,fixed_mu,267000,1,1.9537482007770036e-06,0.00012345941893698864,35.22025119323174,35.2201277338128
continuous_location,0.0001,0,fixed_mu,268000,1,1.9537482007770036e-06,0.0001234697646452787,35.22025119586019,35.22012772609555
continuous_location,0.0001,0,fixed_mu,269000,1,1.9537482007770036e-06,0.0001262697703481308,35.22025119299664,35.220124923226294
continuous_location,0.0001,0,fixed_mu,270000,1,1.9537482007770036e-06,0.00012419147434172828,35.22025119593102,35.22012700445668
continuous_location,0.0001,0,fixed_mu,271000,1,1.9537482007770036e-06,0.00011976688824688608,35.22025119284329,35.220131425955046
continuous_location,0.0001,0,fixed_mu,272000,1,1.9537482007770036e-06,0.00012020592021855236,35.22025119592493,35.22013099000471
continuous_location,0.0001,0,fixed_mu,273000,1,1.9537482007770036e-06,0.00012268231907341942,35.220251192767186,35.22012851044811
continuous_location,0.0001,0,fixed_mu,274000,1,1.9537482007770036e-06,0.00012025761675715785,35.2202511958519,35.220130938235144
continuous_location,0.0001,0,fixed_mu,275000,1,1.9537482007770036e-06,0.00011620977058157678,35.22025119275322,35.220134982982636
continuous_location,0.0001,0,fixed_mu,276000,1,1.9537482007770036e-06,0.00011707329989718573,35.22025119573085,35.220134122430956
continuous_location,0.0001,0,fixed_mu,277000,1,1.9537482007770036e-06,0.00011926269045403615,35.220251192779465,35.22013193008901
continuous_location,0.0001,0,fixed_mu,278000,1,1.9537482007770036e-06,0.0001165194490724275,35.220251195585234,35.22013467613616
continuous_location,0.0001,0,fixed_mu,279000,1,1.9537482007770036e-06,0.00011279432663258149,35.22025119282196,35.22013839849533
continuous_location,0.0001,0,fixed_mu,280000,1,1.9537482007770036e-06,0.00011403490931627402,35.22025119543791,35.220137160528594
continuous_location,0.0001,0,fixed_mu,281000,1,1.9537482007770036e-06,0.00011598555274616729,35.22025119285988,35.22013520730713
continuous_location,0.0001,0,fixed_mu,282000,1,1.9537482007770036e-06,0.00011298725218011896,35.22025119530648,35.2201382080543
continuous_location,0.0001,0,fixed_mu,283000,1,1.9537482007770036e-06,0.00010953666284052588,35.22025119287937,35.220141656216526
continuous_location,0.0001,0,fixed_mu,284000,1,1.9537482007770036e-06,0.00011106761673573828,35.22025119520014,35.220140127583406
continuous_location,0.0001,0,fixed_mu,285000,1,1.9537482007770036e-06,0.00011282044954441517,35.22025119287596,35.22013837242642
continuous_location,0.0001,0,fixed_mu,286000,1,1.9537482007770036e-06,0.00010965886722402729,35.22025119511841,35.220141536251184
continuous_location,0.0001,0,fixed_mu,287000,1,1.9537482007770036e-06,0.00010645482434767928,35.22025119285455,35.2201447380302
continuous_location,0.0001,0,fixed_mu,288000,1,1.9537482007770036e-06,0.00010816435342775321,35.22025119505225,35.22014303069882
continuous_location,0.0001,0,fixed_mu,289000,1,1.9537482007770036e-06,0.00010973723377816214,35.22025119282736,35.220141455593584
continuous_location,0.0001,0,fixed_mu,290000,1,1.9537482007770036e-06,0.00010652030589852757,35.22025119498693,35.22014467468103
continuous_location,0.0001,0,fixed_mu,291000,1,1.9537482007770036e-06,0.00010356178218273726,35.22025119281046,35.220147631028276
continuous_location,0.0001,0,fixed_mu,292000,1,1.9537482007770036e-06,0.00010533219973041241,35.22025119490594,35.22014586270621
continuous_location,0.0001,0,fixed_mu,293000,1,1.9537482007770036e-06,0.00010671189637179168,35.22025119281946,35.22014448092309
continuous_location,0.0001,0,fixed_mu,294000,1,1.9537482007770036e-06,0.00010354811631430039,35.220251194795274,35.22014764667896
continuous_location,0.0001,0,fixed_mu,295000,1,1.9537482007770036e-06,0.00010086093591610279,35.2202511928657,35.22015033192979
continuous_location,0.0001,0,fixed_mu,296000,1,1.9537482007770036e-06,0.00010258711921551367,35.22025119464682,35.220148607527605
continuous_location,0.0001,0,fixed_mu,297000,1,1.9537482007770036e-06,0.00010373134309560328,35.22025119295338,35.22014746161028
continuous_location,0.0001,0,fixed_mu,298000,1,1.9537482007770036e-06,0.00010071320196658462,35.22025119446036,35.22015048125839
continuous_location,0.0001,0,fixed_mu,298192,1,1.9537482007770036e-06,9.999733199350658e-05,35.22025119398316,35.220151196651166
continuous_location,0.0001,0,continuation_mu,0,1,1.562998560621603e-05,5.795582781682089,35.48054020594655,29.684957424264457
continuous_location,0.0001,0,continuation_mu,1,1,1.562998560621603e-05,5.795572524757791,35.48052994902225,29.684957424264457
continuous_location,0.0001,0,continuation_mu,1000,1,1.562998560621603e-05,1.46463706492235,35.22275259689702,33.75811553197467
continuous_location,0.0001,0,continuation_mu,2000,1,1.562998560621603e-05,0.29788987265368405,35.221032233947334,34.92314236129365
continuous_location,0.0001,0,continuation_mu,3000,1,1.562998560621603e-05,0.10085346443416654,35.220286078379644,35.11943261394548
continuous_location,0.0001,0,continuation_mu,4000,1,1.562998560621603e-05,0.07237620725024385,35.22034280495196,35.14796659770172
continuous_location,0.0001,0,continuation_mu,5000,1,1.562998560621603e-05,0.05008370207783486,35.220262430053545,35.17017872797571
continuous_location,0.0001,0,continuation_mu,6000,1,1.562998560621603e-05,0.029255883249348358,35.22027494299636,35.19101905974701
continuous_location,0.0001,0,continuation_mu,7000,1,1.562998560621603e-05,0.021454859990079456,35.22025762504601,35.19880276505593
continuous_location,0.0001,0,continuation_mu,8000,1,1.562998560621603e-05,0.018632515780033998,35.220258037008286,35.20162552122825
continuous_location,0.0001,0,continuation_mu,9000,1,1.562998560621603e-05,0.014357774494527575,35.22025623029145,35.20589845579692
continuous_location,0.0001,0,continuation_mu,10000,1,1.562998560621603e-05,0.010527622424106653,35.22025345946389,35.209725837039784
continuous_location,0.0001,0,continuation_mu,11000,1,1.562998560621603e-05,0.00912709647104748,35.22025436444669,35.21112726797564
continuous_location,0.0001,0,continuation_mu,12000,1,1.562998560621603e-05,0.008271401722993232,35.22025195618215,35.21198055445916
continuous_location,0.0001,0,continuation_mu,13000,1,1.562998560621603e-05,0.006596566687363747,35.22025360388337,35.21365703719601
continuous_location,0.0001,0,continuation_mu,14000,1,1.562998560621603e-05,0.005409517176040879,35.22025130384406,35.21484178666802
continuous_location,0.0001,0,continuation_mu,15000,1,1.562998560621603e-05,0.0051075950188774755,35.22025262284245,35.215145027823574
continuous_location,0.0001,0,continuation_mu,16000,1,1.562998560621603e-05,0.0045582509466299825,35.22025167475337,35.21569342380674
continuous_location,0.0001,0,continuation_mu,17000,1,1.562998560621603e-05,0.0037387593439959232,35.22025167223264,35.216512912888646
continuous_location,0.0001,0,continuation_mu,18000,1,1.562998560621603e-05,0.0033814396954880976,35.22025183671856,35.21687039702307
continuous_location,0.0001,0,continuation_mu,19000,1,1.562998560621603e-05,0.003224087803310738,35.22025136336178,35.21702727555847
continuous_location,0.0001,0,continuation_mu,20000,1,1.562998560621603e-05,0.002831239564343946,35.22025172349634,35.217420483931996
continuous_location,0.0001,0,continuation_mu,21000,1,1.562998560621603e-05,0.0024516990572607256,35.220251266989905,35.217799567932644
continuous_location,0.0001,0,continuation_mu,22000,1,1.562998560621603e-05,0.0023090535384753252,35.22025157898329,35.21794252544481
continuous_location,0.0001,0,continuation_mu,23000,1,1.562998560621603e-05,0.0022000532432429054,35.22025129818321,35.218051244939964
continuous_location,0.0001,0,continuation_mu,24000,1,1.562998560621603e-05,0.0019319331145410956,35.22025140270257,35.21831946958803
continuous_location,0.0001,0,continuation_mu,25000,1,1.562998560621603e-05,0.0017209719335014029,35.22025132799617,35.21853035606267
continuous_location,0.0001,0,continuation_mu,26000,1,1.562998560621603e-05,0.0016987944322508497,35.22025132530993,35.21855253087768
continuous_location,0.0001,0,continuation_mu,27000,1,1.562998560621603e-05,0.0015873381901627681,35.220251317738885,35.21866397954872
continuous_location,0.0001,0,continuation_mu,28000,1,1.562998560621603e-05,0.00136982227668625,35.22025125126437,35.218881428987686
continuous_location,0.0001,0,continuation_mu,29000,1,1.562998560621603e-05,0.001314532016131409,35.220251347146714,35.21893681513058
continuous_location,0.0001,0,continuation_mu,30000,1,1.562998560621603e-05,0.0013042868337080904,35.22025119705419,35.21894691022048
continuous_location,0.0001,0,continuation_mu,31000,1,1.562998560621603e-05,0.001153959318102693,35.220251318793224,35.21909735947512
continuous_location,0.0001,0,continuation_mu,32000,1,1.562998560621603e-05,0.0010509447155016005,35.22025122084308,35.21920027612758
continuous_location,0.0001,0,continuation_mu,33000,1,1.562998560621603e-05,0.0010567369270688687,35.2202512601214,35.21919452319433
continuous_location,0.0001,0,continuation_mu,34000,1,1.562998560621603e-05,0.0009919124095887355,35.2202512429893,35.21925933057971
continuous_location,0.0001,0,continuation_mu,35000,1,1.562998560621603e-05,0.0008848667916296904,35.22025122353619,35.21936635674456
continuous_location,0.0001,0,continuation_mu,36000,1,1.562998560621603e-05,0.000857665716686995,35.220251255347144,35.21939358963046
continuous_location,0.0001,0,continuation_mu,37000,1,1.562998560621603e-05,0.0008438790435292276,35.22025120094853,35.219407321905
continuous_location,0.0001,0,continuation_mu,38000,1,1.562998560621603e-05,0.0007741661820332979,35.22025124844332,35.219477082261285
continuous_location,0.0001,0,continuation_mu,39000,1,1.562998560621603e-05,0.000716599611678248,35.220251206584855,35.21953460697318
continuous_location,0.0001,0,continuation_mu,40000,1,1.562998560621603e-05,0.0007078499136810024,35.22025122820833,35.21954337829465
continuous_location,0.0001,0,continuation_mu,41000,1,1.562998560621603e-05,0.0006819441691803263,35.220251209382546,35.219569265213366
continuous_location,0.0001,0,continuation_mu,42000,1,1.562998560621603e-05,0.000623450068239606,35.22025122145239,35.219627771384154
continuous_location,0.0001,0,continuation_mu,43000,1,1.562998560621603e-05,0.0005968726262040036,35.22025120928223,35.21965433665603
continuous_location,0.0001,0,continuation_mu,44000,1,1.562998560621603e-05,0.0005924550495990388,35.220251207470504,35.219658752420905
continuous_location,0.0001,0,continuation_mu,45000,1,1.562998560621603e-05,0.0005559873687204231,35.2202512191365,35.21969523176778
continuous_location,0.0001,0,continuation_mu,46000,1,1.562998560621603e-05,0.000517413376385889,35.22025119541137,35.219733782034986
continuous_location,0.0001,0,continuation_mu,47000,1,1.562998560621603e-05,0.000509415250618872,35.22025121834928,35.219741803098664
continuous_location,0.0001,0,continuation_mu,48000,1,1.562998560621603e-05,0.0004952091203236364,35.2202511959984,35.21975598687808
continuous_location,0.0001,0,continuation_mu,49000,1,1.562998560621603e-05,0.0004627131148069452,35.22025121161653,35.21978849850172
continuous_location,0.0001,0,continuation_mu,50000,1,1.562998560621603e-05,0.0004422572331819197,35.22025119935414,35.219808942120956
continuous_location,0.0001,0,continuation_mu,51000,1,1.562998560621603e-05,0.0004350047727683659,35.220251202734346,35.21981619796158
continuous_location,0.0001,0,continuation_mu,52000,1,1.562998560621603e-05,0.0004193242794059415,35.220251205718775,35.21983188143937
continuous_location,0.0001,0,continuation_mu,52646,1,1.562998560621603e-05,0.00039998084583459104,35.22025120774528,35.21985122689944
continuous_location,0.0001,0,continuation_mu,52647,2,7.814992803108014e-06,0.0014814950305748198,35.220251207744965,35.21876971271439
continuous_location,0.0001,0,continuation_mu,53000,2,7.814992803108014e-06,5.291302412721002,35.40940405932086,30.11810164659986
continuous_location,0.0001,0,continuation_mu,54000,2,7.814992803108014e-06,1.6391292733659668,35.22177938770767,33.5826501143417
continuous_location,0.0001,0,continuation_mu,55000,2,7.814992803108014e-06,0.29933617955858693,35.220550317445806,34.92121413788722
continuous_location,0.0001,0,continuation_mu,56000,2,7.814992803108014e-06,0.24010412737699482,35.220374721841914,34.98027059446492
continuous_location,0.0001,0,continuation_mu,57000,2,7.814992803108014e-06,0.09751182456292895,35.220320869531115,35.122809044968186
continuous_location,0.0001,0,continuation_mu,58000,2,7.814992803108014e-06,0.08969453626611568,35.22029665850642,35.130602122240305
continuous_location,0.0001,0,continuation_mu,59000,2,7.814992803108014e-06,0.048430604690814505,35.22028319790549,35.17185259321467
continuous_location,0.0001,0,continuation_mu,60000,2,7.814992803108014e-06,0.04596739151885032,35.22027464219482,35.17430725067597
continuous_location,0.0001,0,continuation_mu,61000,2,7.814992803108014e-06,0.029115228754861278,35.220268795815706,35.191153567060844
continuous_location,0.0001,0,continuation_mu,62000,2,7.814992803108014e-06,0.02768216807514534,35.22026462306878,35.192582454993634
continuous_location,0.0001,0,continuation_mu,63000,2,7.814992803108014e-06,0.019505589007991375,35.2202615950348,35.20075600602681
continuous_location,0.0001,0,continuation_mu,64000,2,7.814992803108014e-06,0.018400481351932285,35.22025938064005,35.20185889928812
continuous_location,0.0001,0,continuation_mu,65000,2,7.814992803108014e-06,0.014001450372447266,35.22025776509108,35.20625631471863
continuous_location,0.0001,0,continuation_mu,66000,2,7.814992803108014e-06,0.013080024599609885,35.22025658593241,35.2071765613328
continuous_location,0.0001,0,continuation_mu,67000,2,7.814992803108014e-06,0.010539503634952041,35.220255722112,35.20971621847705
continuous_location,0.0001,0,continuation_mu,68000,2,7.814992803108014e-06,0.00976328921155556,35.220255077507275,35.21049178829572
continuous_location,0.0001,0,continuation_mu,69000,2,7.814992803108014e-06,0.008214803930052028,35.220254579894586,35.212039775964534
continuous_location,0.0001,0,continuation_mu,70000,2,7.814992803108014e-06,0.007563568322240144,35.22025417551579,35.21269060719355
continuous_location,0.0001,0,continuation_mu,71000,2,7.814992803108014e-06,0.006578415705888574,35.220253827817395,35.213675412111506
continuous_location,0.0001,0,continuation_mu,72000,2,7.814992803108014e-06,0.006032440794783156,35.22025351397965,35.214221073184866
continuous_location,0.0001,0,continuation_mu,73000,2,7.814992803108014e-06,0.005385417779031343,35.22025322232446,35.21486780454543
continuous_location,0.0001,0,continuation_mu,74000,2,7.814992803108014e-06,0.004923614378490981,35.220252949021535,35.215329334643044
continuous_location,0.0001,0,continuation_mu,75000,2,7.814992803108014e-06,0.004491518209874812,35.220252695173045,35.21576117696317
continuous_location,0.0001,0,continuation_mu,76000,2,7.814992803108014e-06,0.004093158543369668,35.22025246412879,35.21615930558542
continuous_location,0.0001,0,continuation_mu,77000,2,7.814992803108014e-06,0.0038063269632502283,35.22025225941532,35.21644593245207
continuous_location,0.0001,0,continuation_mu,78000,2,7.814992803108014e-06,0.003453126030045439,35.220252083290326,35.21679895726028
continuous_location,0.0001,0,continuation_mu,79000,2,7.814992803108014e-06,0.00327052555833518,35.220251936046836,35.2169814104885
continuous_location,0.0001,0,continuation_mu,80000,2,7.814992803108014e-06,0.002948087389128773,35.22025181585241,35.21730372846328
continuous_location,0.0001,0,continuation_mu,81000,2,7.814992803108014e-06,0.0028438386519624714,35.22025171918006,35.2174078805281
continuous_location,0.0001,0,continuation_mu,82000,2,7.814992803108014e-06,0.0025422431323818273,35.22025164139548,35.217709398263096
continuous_location,0.0001,0,continuation_mu,83000,2,7.814992803108014e-06,0.002498188756305808,35.220251577613894,35.21775338885759
continuous_location,0.0001,0,continuation_mu,84000,2,7.814992803108014e-06,0.002211821626175947,35.220251523323725,35.21803970169755
continuous_location,0.0001,0,continuation_mu,85000,2,7.814992803108014e-06,0.0022135514092695985,35.220251475007345,35.218037923598075
continuous_location,0.0001,0,continuation_mu,86000,2,7.814992803108014e-06,0.0019404057461116508,35.22025143033809,35.218311024591976
continuous_location,0.0001,0,continuation_mu,87000,2,7.814992803108014e-06,0.0019753782244933404,35.220251388282165,35.21827601005767
continuous_location,0.0001,0,continuation_mu,88000,2,7.814992803108014e-06,0.0017160668057343287,35.22025134883134,35.218535282025606
continuous_location,0.0001,0,continuation_mu,89000,2,7.814992803108014e-06,0.001772999829704247,35.220251312717174,35.21847831288747
continuous_location,0.0001,0,continuation_mu,90000,2,7.814992803108014e-06,0.0015296806076534608,35.220251280953406,35.21872160034575
continuous_location,0.0001,0,continuation_mu,91000,2,7.814992803108014e-06,0.001598625314343849,35.22025125449408,35.218652629179736
continuous_location,0.0001,0,continuation_mu,92000,2,7.814992803108014e-06,0.001373994775043741,35.22025123390789,35.218877239132844
continuous_location,0.0001,0,continuation_mu,93000,2,7.814992803108014e-06,0.001446659242034798,35.22025121924233,35.218804560000294
continuous_location,0.0001,0,continuation_mu,94000,2,7.814992803108014e-06,0.001243122101818983,35.220251209981896,35.21900808788008
continuous_location,0.0001,0,continuation_mu,95000,2,7.814992803108014e-06,0.001313157609622806,35.22025120516309,35.218938047553465
continuous_location,0.0001,0,continuation_mu,96000,2,7.814992803108014e-06,0.001132239544169522,35.22025120354658,35.21911896400241
continuous_location,0.0001,0,continuation_mu,97000,2,7.814992803108014e-06,0.0011953462359102218,35.22025120384243,35.21905585760652
continuous_location,0.0001,0,continuation_mu,98000,2,7.814992803108014e-06,0.0010373813210975413,35.22025120490936,35.21921382358826
continuous_location,0.0001,0,continuation_mu,99000,2,7.814992803108014e-06,0.0010912014800723568,35.22025120590835,35.219160004428275
continuous_location,0.0001,0,continuation_mu,100000,2,7.814992803108014e-06,0.0009552939945649541,35.22025120637874,35.219295912384176
continuous_location,0.0001,0,continuation_mu,101000,2,7.814992803108014e-06,0.0009991246871905446,35.22025120623151,35.21925208154432
continuous_location,0.0001,0,continuation_mu,102000,2,7.814992803108014e-06,0.0008833489781920889,35.220251205678935,35.21936785670074
continuous_location,0.0001,0,continuation_mu,103000,2,7.814992803108014e-06,0.0009177317498938464,35.2202512051099,35.21933347336001
continuous_location,0.0001,0,continuation_mu,104000,2,7.814992803108014e-06,0.0008194958933671614,35.22025120495975,35.219431709066384
continuous_location,0.0001,0,continuation_mu,105000,2,7.814992803108014e-06,0.0008457486830621974,35.220251205580915,35.21940545689785
continuous_location,0.0001,0,continuation_mu,106000,2,7.814992803108014e-06,0.0007622220280154579,35.220251207161304,35.21948898513329
continuous_location,0.0001,0,continuation_mu,107000,2,7.814992803108014e-06,0.000781978643402681,35.220251209679844,35.21946923103644
continuous_location,0.0001,0,continuation_mu,108000,2,7.814992803108014e-06,0.0007104843587555365,35.22025121292245,35.21954072856369
continuous_location,0.0001,0,continuation_mu,109000,2,7.814992803108014e-06,0.0007253013068293512,35.22025121653071,35.21952591522388
continuous_location,0.0001,0,continuation_mu,110000,2,7.814992803108014e-06,0.000663602689243703,35.22025122008391,35.219587617394666
continuous_location,0.0001,0,continuation_mu,111000,2,7.814992803108014e-06,0.0006746803509756205,35.22025122318116,35.21957654283018
continuous_location,0.0001,0,continuation_mu,112000,2,7.814992803108014e-06,0.0006211294710212201,35.220251225517025,35.219630096046004
continuous_location,0.0001,0,continuation_mu,113000,2,7.814992803108014e-06,0.0006291741106565496,35.220251226927104,35.21962205281645
continuous_location,0.0001,0,continuation_mu,114000,2,7.814992803108014e-06,0.0005827268550930853,35.220251227404596,35.2196685005495
continuous_location,0.0001,0,continuation_mu,115000,2,7.814992803108014e-06,0.0005879535424000437,35.22025122708139,35.21966327353899
continuous_location,0.0001,0,continuation_mu,116000,2,7.814992803108014e-06,0.0005480778629802785,35.22025122618657,35.21970314832359
continuous_location,0.0001,0,continuation_mu,117000,2,7.814992803108014e-06,0.0005503271083142636,35.22025122498825,35.21970089787994
continuous_location,0.0001,0,continuation_mu,118000,2,7.814992803108014e-06,0.0005168416906897733,35.22025122373684,35.21973438204615
continuous_location,0.0001,0,continuation_mu,119000,2,7.814992803108014e-06,0.0005157623998428562,35.22025122261688,35.21973546021704
continuous_location,0.0001,0,continuation_mu,120000,2,7.814992803108014e-06,0.0004886452287138354,35.22025122172014,35.219762576491426
continuous_location,0.0001,0,continuation_mu,121000,2,7.814992803108014e-06,0.0004838902357562347,35.22025122103974,35.21976733080398
continuous_location,0.0001,0,continuation_mu,122000,2,7.814992803108014e-06,0.00046309435475677674,35.22025122048723,35.21978812613247
continuous_location,0.0001,0,continuation_mu,123000,2,7.814992803108014e-06,0.00045448298212846794,35.22025121992397,35.219796736941845
continuous_location,0.0001,0,continuation_mu,124000,2,7.814992803108014e-06,0.0004397915883842529,35.22025121920095,35.21981142761256
continuous_location,0.0001,0,continuation_mu,125000,2,7.814992803108014e-06,0.00042741077871966127,35.220251218195955,35.219823807417235
continuous_location,0.0001,0,continuation_mu,126000,2,7.814992803108014e-06,0.0004183550508258804,35.22025121684205,35.219832861791225
continuous_location,0.0001,0,continuation_mu,127000,2,7.814992803108014e-06,0.00040258922748392933,35.22025121514102,35.219848625913535
continuous_location,0.0001,0,continuation_mu,128000,2,7.814992803108014e-06,0.0003984390929403503,35.22025121316101,35.21985277406807
continuous_location,0.0001,0,continuation_mu,129000,2,7.814992803108014e-06,0.00037993424368920614,35.2202512110202,35.21987127677651
continuous_location,0.0001,0,continuation_mu,130000,2,7.814992803108014e-06,0.0003797560052589688,35.22025120886099,35.21987145285573
continuous_location,0.0001,0,continuation_mu,131000,2,7.814992803108014e-06,0.00035933406623911424,35.22025120682127,35.21989187275503
continuous_location,0.0001,0,continuation_mu,132000,2,7.814992803108014e-06,0.0003620939042079385,35.220251205008815,35.21988911110461
continuous_location,0.0001,0,continuation_mu,133000,2,7.814992803108014e-06,0.0003406395164518017,35.22025120348405,35.219910563967595
continuous_location,0.0001,0,continuation_mu,134000,2,7.814992803108014e-06,0.00034532363916639497,35.220251202254005,35.21990587861484
continuous_location,0.0001,0,continuation_mu,135000,2,7.814992803108014e-06,0.00032366726514965194,35.22025120127763,35.21992753401248
continuous_location,0.0001,0,continuation_mu,136000,2,7.814992803108014e-06,0.00032939026553435724,35.22025120048064,35.219921810215105
continuous_location,0.0001,0,continuation_mu,137000,2,7.814992803108014e-06,0.00030820995218761027,35.22025119977538,35.219942989823195
continuous_location,0.0001,0,continuation_mu,138000,2,7.814992803108014e-06,0.0003142907665818484,35.220251199081936,35.219936908315354
continuous_location,0.0001,0,continuation_mu,139000,2,7.814992803108014e-06,0.00029404983332170787,35.22025119834481,35.21995714851149
continuous_location,0.0001,0,continuation_mu,140000,2,7.814992803108014e-06,0.00030004528370142225,35.220251197543256,35.219951152259554
continuous_location,0.0001,0,continuation_mu,141000,2,7.814992803108014e-06,0.00028097518285363776,35.2202511966925,35.21997022150965
continuous_location,0.0001,0,continuation_mu,142000,2,7.814992803108014e-06,0.00028667083675770755,35.22025119583736,35.219964525000606
continuous_location,0.0001,0,continuation_mu,143000,2,7.814992803108014e-06,0.00026879835967719146,35.2202511950394,35.219982396679725
continuous_location,0.0001,0,continuation_mu,144000,2,7.814992803108014e-06,0.0002741638653276368,35.220251194361744,35.219977030496416
continuous_location,0.0001,0,continuation_mu,145000,2,7.814992803108014e-06,0.0002573720496599208,35.220251193854175,35.219993821804515
continuous_location,0.0001,0,continuation_mu,146000,2,7.814992803108014e-06,0.0002624931087282789,35.22025119354255,35.219988700433824
continuous_location,0.0001,0,continuation_mu,147000,2,7.814992803108014e-06,0.00024659861878717493,35.2202511934236,35.22000459480481
continuous_location,0.0001,0,continuation_mu,148000,2,7.814992803108014e-06,0.0002516005238177854,35.22025119346681,35.21999959294299
continuous_location,0.0001,0,continuation_mu,149000,2,7.814992803108014e-06,0.00023642885169294914,35.220251193621344,35.22001476476965
continuous_location,0.0001,0,continuation_mu,150000,2,7.814992803108014e-06,0.0002414069330072266,35.22025119382736,35.22000978689435
continuous_location,0.0001,0,continuation_mu,151000,2,7.814992803108014e-06,0.00022685020891799468,35.22025119402789,35.22002434381897
continuous_location,0.0001,0,continuation_mu,152000,2,7.814992803108014e-06,0.0002318203271371999,35.22025119417968,35.220019373852544
continuous_location,0.0001,0,continuation_mu,153000,2,7.814992803108014e-06,0.00021786879390361946,35.22025119426004,35.22003332546613
continuous_location,0.0001,0,continuation_mu,154000,2,7.814992803108014e-06,0.00022274615363215844,35.22025119426892,35.220028448115286
continuous_location,0.0001,0,continuation_mu,155000,2,7.814992803108014e-06,0.00020949111713974844,35.22025119422618,35.22004170310904
continuous_location,0.0001,0,continuation_mu,156000,2,7.814992803108014e-06,0.00021409890488399697,35.22025119416469,35.220037095259805
continuous_location,0.0001,0,continuation_mu,157000,2,7.814992803108014e-06,0.00020171066965701812,35.22025119412136,35.2200494834517
continuous_location,0.0001,0,continuation_mu,158000,2,7.814992803108014e-06,0.0002058130448787665,35.22025119412795,35.22004538108307
continuous_location,0.0001,0,continuation_mu,158450,2,7.814992803108014e-06,0.000199993337844262,35.220251197115076,35.22005120377723
continuous_location,0.0001,0,continuation_mu,158451,3,3.907496401554007e-06,0.0008668189582010655,35.22025119711502,35.21938437815682
continuous_location,0.0001,0,continuation_mu,159000,3,3.907496401554007e-06,5.195872063079328,35.397051764110046,30.201179701030718
continuous_location,0.0001,0,continuation_mu,160000,3,3.907496401554007e-06,2.5128577698288908,35.222613870998615,32.709756101169724
continuous_location,0.0001,0,continuation_mu,161000,3,3.907496401554007e-06,0.6563244019480763,35.223612866600966,34.56728846465289
continuous_location,0.0001,0,continuation_mu,162000,3,3.907496401554007e-06,0.29210426233812825,35.22105465442589,34.92895039208776
continuous_location,0.0001,0,continuation_mu,163000,3,3.907496401554007e-06,0.26505910204162575,35.22030097210252,34.955241870060895
continuous_location,0.0001,0,continuation_mu,164000,3,3.907496401554007e-06,0.12972980625225716,35.220456763187556,35.0907269569353
continuous_location,0.0001,0,continuation_mu,165000,3,3.907496401554007e-06,0.09885617123303092,35.22042587885936,35.12156970762633
continuous_location,0.0001,0,continuation_mu,166000,3,3.907496401554007e-06,0.09055189396531205,35.22029381296727,35.12974191900196
continuous_location,0.0001,0,continuation_mu,167000,3,3.907496401554007e-06,0.05371025669863627,35.220275052771896,35.16656479607326
continuous_location,0.0001,0,continuation_mu,168000,3,3.907496401554007e-06,0.05025204538972616,35.22030061727715,35.17004857188742
continuous_location,0.0001,0,continuation_mu,169000,3,3.907496401554007e-06,0.043646081265691805,35.220284442529234,35.17663836126354
continuous_location,0.0001,0,continuation_mu,170000,3,3.907496401554007e-06,0.02986583196840087,35.22025872313082,35.19039289116242
continuous_location,0.0001,0,continuation_mu,171000,3,3.907496401554007e-06,0.030356444360215562,35.22026326926898,35.18990682490877
continuous_location,0.0001,0,continuation_mu,172000,3,3.907496401554007e-06,0.024968732832213902,35.22027040291579,35.19530167008357
continuous_location,0.0001,0,continuation_mu,173000,3,3.907496401554007e-06,0.01951073318104335,35.220259527424716,35.20074879424367
continuous_location,0.0001,0,continuation_mu,174000,3,3.907496401554007e-06,0.020064790564788382,35.22025391907629,35.200189128511504
continuous_location,0.0001,0,continuation_mu,175000,3,3.907496401554007e-06,0.0159529875180624,35.220259440783835,35.20430645326577
continuous_location,0.0001,0,continuation_mu,176000,3,3.907496401554007e-06,0.014035320863186485,35.220258809091526,35.20622348822834
continuous_location,0.0001,0,continuation_mu,177000,3,3.907496401554007e-06,0.013991280947294626,35.2202535454021,35.20626226445481
continuous_location,0.0001,0,continuation_mu,178000,3,3.907496401554007e-06,0.011082952087875242,35.220253742340056,35.20917079025218
continuous_location,0.0001,0,continuation_mu,179000,3,3.907496401554007e-06,0.01069364662013328,35.220255959144986,35.20956231252485
continuous_location,0.0001,0,continuation_mu,180000,3,3.907496401554007e-06,0.010123358706032093,35.220254491914396,35.210131133208364
continuous_location,0.0001,0,continuation_mu,181000,3,3.907496401554007e-06,0.008243055254737897,35.22025217410462,35.212009118849885
continuous_location,0.0001,0,continuation_mu,182000,3,3.907496401554007e-06,0.008417976701494467,35.22025308720317,35.211835110501674
continuous_location,0.0001,0,continuation_mu,183000,3,3.907496401554007e-06,0.007554082073411905,35.22025432803727,35.21270024596386
continuous_location,0.0001,0,continuation_mu,184000,3,3.907496401554007e-06,0.006478622095002606,35.22025250973334,35.21377388763834
continuous_location,0.0001,0,continuation_mu,185000,3,3.907496401554007e-06,0.006742745374964443,35.2202515246065,35.21350877923154
continuous_location,0.0001,0,continuation_mu,186000,3,3.907496401554007e-06,0.005810567353812246,35.220253189840356,35.214442622486544
continuous_location,0.0001,0,continuation_mu,187000,3,3.907496401554007e-06,0.005308871515765645,35.22025296415475,35.21494409263899
continuous_location,0.0001,0,continuation_mu,188000,3,3.907496401554007e-06,0.005450294376643683,35.22025129868996,35.214801004313316
continuous_location,0.0001,0,continuation_mu,189000,3,3.907496401554007e-06,0.004614661254841224,35.220251993545524,35.21563733229068
continuous_location,0.0001,0,continuation_mu,190000,3,3.907496401554007e-06,0.004474164519223223,35.2202528095952,35.21577864507598
continuous_location,0.0001,0,continuation_mu,191000,3,3.907496401554007e-06,0.004432586010636896,35.22025169513862,35.215819109127985
continuous_location,0.0001,0,continuation_mu,192000,3,3.907496401554007e-06,0.003787129694373448,35.22025136886726,35.216464239172886
continuous_location,0.0001,0,continuation_mu,193000,3,3.907496401554007e-06,0.0038305261320417117,35.22025219543828,35.216421669306236
continuous_location,0.0001,0,continuation_mu,194000,3,3.907496401554007e-06,0.0036306068016358495,35.22025200447949,35.216621397677855
continuous_location,0.0001,0,continuation_mu,195000,3,3.907496401554007e-06,0.0032058028603358935,35.22025134489846,35.21704554203812
continuous_location,0.0001,0,continuation_mu,196000,3,3.907496401554007e-06,0.003300062150927374,35.220251591310635,35.21695152915971
continuous_location,0.0001,0,continuation_mu,197000,3,3.907496401554007e-06,0.0030060538058833686,35.22025194417328,35.217245890367394
continuous_location,0.0001,0,continuation_mu,198000,3,3.907496401554007e-06,0.002785197266717887,35.22025157177918,35.21746637451246
continuous_location,0.0001,0,continuation_mu,199000,3,3.907496401554007e-06,0.002844044189103556,35.220251306358584,35.21740726216948
continuous_location,0.0001,0,continuation_mu,200000,3,3.907496401554007e-06,0.0025282274031965812,35.22025164247379,35.217723415070594
continuous_location,0.0001,0,continuation_mu,201000,3,3.907496401554007e-06,0.002465351932940507,35.22025170150914,35.2177863495762
continuous_location,0.0001,0,continuation_mu,202000,3,3.907496401554007e-06,0.0024462543885377386,35.220251328322206,35.21780507393367
continuous_location,0.0001,0,continuation_mu,203000,3,3.907496401554007e-06,0.002168857134904556,35.22025136843883,35.218082511303926
continuous_location,0.0001,0,continuation_mu,204000,3,3.907496401554007e-06,0.0022053369332510897,35.220251618871686,35.218046281938435
continuous_location,0.0001,0,continuation_mu,205000,3,3.907496401554007e-06,0.0021019665243002805,35.22025145003178,35.21814948350748
continuous_location,0.0001,0,continuation_mu,206000,3,3.907496401554007e-06,0.0019010815269098202,35.22025127808318,35.21835019655627
continuous_location,0.0001,0,continuation_mu,207000,3,3.907496401554007e-06,0.0019792055814633613,35.22025142661465,35.21827222103319
continuous_location,0.0001,0,continuation_mu,208000,3,3.907496401554007e-06,0.0018106763342657928,35.22025148665488,35.218440810320615
continuous_location,0.0001,0,continuation_mu,209000,3,3.907496401554007e-06,0.001700167649076434,35.2202513385554,35.21855117090632
continuous_location,0.0001,0,continuation_mu,210000,3,3.907496401554007e-06,0.0017728380625854356,35.22025128430146,35.218478446238876
continuous_location,0.0001,0,continuation_mu,211000,3,3.907496401554007e-06,0.0015716510809227202,35.22025139988921,35.218679748808285
continuous_location,0.0001,0,continuation_mu,212000,3,3.907496401554007e-06,0.0015445563117566508,35.220251417614435,35.21870686130268
continuous_location,0.0001,0,continuation_mu,213000,3,3.907496401554007e-06,0.0015808495774223275,35.220251264541595,35.21867041496417
continuous_location,0.0001,0,continuation_mu,214000,3,3.907496401554007e-06,0.0013817284844179767,35.220251272851485,35.21886954436707
continuous_location,0.0001,0,continuation_mu,215000,3,3.907496401554007e-06,0.0014167281845232083,35.22025141698148,35.21883468879696
continuous_location,0.0001,0,continuation_mu,216000,3,3.907496401554007e-06,0.0014034533525872916,35.22025132358415,35.21884787023156
continuous_location,0.0001,0,continuation_mu,217000,3,3.907496401554007e-06,0.0012348591590907176,35.22025120317478,35.21901634401569
continuous_location,0.0001,0,continuation_mu,218000,3,3.907496401554007e-06,0.0013037973690686044,35.220251337191826,35.21894753982276
continuous_location,0.0001,0,continuation_mu,219000,3,3.907496401554007e-06,0.0012435401113748412,35.220251370540424,35.21900783042905
continuous_location,0.0001,0,continuation_mu,220000,3,3.907496401554007e-06,0.0011227914423557195,35.22025121938386,35.219128427941506
continuous_location,0.0001,0,continuation_mu,221000,3,3.907496401554007e-06,0.0011976979689194422,35.22025124677045,35.21905354880153
continuous_location,0.0001,0,continuation_mu,222000,3,3.907496401554007e-06,0.0011042933501386187,35.22025135247092,35.21914705912078
continuous_location,0.0001,0,continuation_mu,223000,3,3.907496401554007e-06,0.0010362711150690984,35.22025127645871,35.21921500534364
continuous_location,0.0001,0,continuation_mu,224000,3,3.907496401554007e-06,0.0010948037035802827,35.220251207709424,35.219156404005844
continuous_location,0.0001,0,continuation_mu,225000,3,3.907496401554007e-06,0.000987574659895074,35.22025128548806,35.219263710828166
continuous_location,0.0001,0,continuation_mu,226000,3,3.907496401554007e-06,0.0009663020802577194,35.22025131078292,35.21928500870266
continuous_location,0.0001,0,continuation_mu,227000,3,3.907496401554007e-06,0.0009949863417872962,35.22025122714619,35.219256240804405
continuous_location,0.0001,0,continuation_mu,228000,3,3.907496401554007e-06,0.0008931664836921982,35.220251222973765,35.21935805649007
continuous_location,0.0001,0,continuation_mu,229000,3,3.907496401554007e-06,0.000905235352540501,35.22025129509977,35.21934605974723
continuous_location,0.0001,0,continuation_mu,230000,3,3.907496401554007e-06,0.0009003131377127715,35.220251265643064,35.21935095250535
continuous_location,0.0001,0,continuation_mu,231000,3,3.907496401554007e-06,0.0008187752682786709,35.22025120281679,35.21943242754851
continuous_location,0.0001,0,continuation_mu,232000,3,3.907496401554007e-06,0.0008475440468913575,35.220251250278515,35.219403706231624
continuous_location,0.0001,0,continuation_mu,233000,3,3.907496401554007e-06,0.0008136721669700364,35.22025128047764,35.21943760831067
continuous_location,0.0001,0,continuation_mu,234000,3,3.907496401554007e-06,0.0007605487657755816,35.22025122077772,35.21949067201194
continuous_location,0.0001,0,continuation_mu,235000,3,3.907496401554007e-06,0.0007901617320555943,35.220251215757905,35.21946105402585
continuous_location,0.0001,0,continuation_mu,236000,3,3.907496401554007e-06,0.0007375994877492076,35.220251260563884,35.219513661076135
continuous_location,0.0001,0,continuation_mu,237000,3,3.907496401554007e-06,0.0007138378179760707,35.2202512444751,35.219537406657125
continuous_location,0.0001,0,continuation_mu,238000,3,3.907496401554007e-06,0.0007323374862906462,35.220251212632824,35.219518875146534
continuous_location,0.0001,0,continuation_mu,239000,3,3.907496401554007e-06,0.0006735023897306291,35.22025122716577,35.21957772477604
continuous_location,0.0001,0,continuation_mu,240000,3,3.907496401554007e-06,0.0006740092661559061,35.22025124668201,35.219577237415855
continuous_location,0.0001,0,continuation_mu,241000,3,3.907496401554007e-06,0.0006750840950644488,35.22025123082653,35.21957614673146
continuous_location,0.0001,0,continuation_mu,242000,3,3.907496401554007e-06,0.0006213503178997826,35.220251208160896,35.219629857842996
continuous_location,0.0001,0,continuation_mu,243000,3,3.907496401554007e-06,0.0006371748175482139,35.22025122635061,35.219614051533064
continuous_location,0.0001,0,continuation_mu,244000,3,3.907496401554007e-06,0.0006203902995522981,35.22025124494505,35.219630854645494
continuous_location,0.0001,0,continuation_mu,245000,3,3.907496401554007e-06,0.0005797744322606491,35.22025121303818,35.21967143860592
continuous_location,0.0001,0,continuation_mu,246000,3,3.907496401554007e-06,0.0006007084980055311,35.22025120311548,35.219650494617476
continuous_location,0.0001,0,continuation_mu,247000,3,3.907496401554007e-06,0.0005704015377361316,35.22025123915928,35.219680837621546
continuous_location,0.0001,0,continuation_mu,248000,3,3.907496401554007e-06,0.0005464401101562544,35.22025122893922,35.21970478882906
continuous_location,0.0001,0,continuation_mu,249000,3,3.907496401554007e-06,0.0005634523660802415,35.22025119584056,35.21968774347448
continuous_location,0.0001,0,continuation_mu,250000,3,3.907496401554007e-06,0.0005267537705364589,35.220251218564286,35.21972446479375
continuous_location,0.0001,0,continuation_mu,251000,3,3.907496401554007e-06,0.0005185587843214989,35.22025123630978,35.21973267752546
continuous_location,0.0001,0,continuation_mu,252000,3,3.907496401554007e-06,0.0005255890139963526,35.220251206491064,35.21972561747707
continuous_location,0.0001,0,continuation_mu,253000,3,3.907496401554007e-06,0.0004901812811510808,35.220251200527876,35.219761019246725
continuous_location,0.0001,0,continuation_mu,254000,3,3.907496401554007e-06,0.0004934339353042105,35.22025122691249,35.219757792977184
continuous_location,0.0001,0,continuation_mu,255000,3,3.907496401554007e-06,0.00048824956191140245,35.22025122163356,35.21976297207165
continuous_location,0.0001,0,continuation_mu,256000,3,3.907496401554007e-06,0.0004604256025757536,35.22025119745713,35.219790771854555
continuous_location,0.0001,0,continuation_mu,257000,3,3.907496401554007e-06,0.0004689400967237134,35.22025120864492,35.219782268548194
continuous_location,0.0001,0,continuation_mu,258000,3,3.907496401554007e-06,0.0004529843749878637,35.22025122667744,35.21979824230245
continuous_location,0.0001,0,continuation_mu,259000,3,3.907496401554007e-06,0.00043638749986030234,35.2202512071734,35.21981481967354
continuous_location,0.0001,0,continuation_mu,260000,3,3.907496401554007e-06,0.00044383465164798963,35.22025119577796,35.219807361126314
continuous_location,0.0001,0,continuation_mu,261000,3,3.907496401554007e-06,0.0004212401474248395,35.22025121834773,35.2198299782003
continuous_location,0.0001,0,continuation_mu,262000,3,3.907496401554007e-06,0.00041642901694416423,35.22025121747766,35.219834788460716
continuous_location,0.0001,0,continuation_mu,263000,3,3.907496401554007e-06,0.0004178393066354147,35.22025119568807,35.219833356381436
continuous_location,0.0001,0,continuation_mu,264000,3,3.907496401554007e-06,0.00039396571462901875,35.220251205231044,35.219857239516415
continuous_location,0.0001,0,continuation_mu,265000,3,3.907496401554007e-06,0.0003987428890184219,35.22025121831094,35.21985247542192
continuous_location,0.0001,0,continuation_mu,266000,3,3.907496401554007e-06,0.00039149403185945175,35.22025120394091,35.21985970990905
continuous_location,0.0001,0,continuation_mu,267000,3,3.907496401554007e-06,0.0003714159945218398,35.22025119821277,35.21987978221825
continuous_location,0.0001,0,continuation_mu,268000,3,3.907496401554007e-06,0.0003817192524095958,35.22025120979922,35.21986949054681
continuous_location,0.0001,0,continuation_mu,269000,3,3.907496401554007e-06,0.00036584641777892557,35.220251210298365,35.219885363880586
continuous_location,0.0001,0,continuation_mu,270000,3,3.907496401554007e-06,0.0003531563752900979,35.220251200791836,35.219898044416546
continuous_location,0.0001,0,continuation_mu,271000,3,3.907496401554007e-06,0.00036423850229283516,35.220251200145064,35.21988696164277
continuous_location,0.0001,0,continuation_mu,272000,3,3.907496401554007e-06,0.0003420729923959698,35.22025120852254,35.219909135530145
continuous_location,0.0001,0,continuation_mu,273000,3,3.907496401554007e-06,0.0003382199980705991,35.22025120750774,35.219912987509666
continuous_location,0.0001,0,continuation_mu,274000,3,3.907496401554007e-06,0.00034582786883419203,35.220251197031075,35.21990536916224
continuous_location,0.0001,0,continuation_mu,275000,3,3.907496401554007e-06,0.0003211333559178797,35.220251200943096,35.21993006758718
continuous_location,0.0001,0,continuation_mu,276000,3,3.907496401554007e-06,0.000325355346149081,35.2202512103353,35.21992585498915
continuous_location,0.0001,0,continuation_mu,277000,3,3.907496401554007e-06,0.00032665335606196777,35.22025120104332,35.219924547687256
continuous_location,0.0001,0,continuation_mu,278000,3,3.907496401554007e-06,0.0003035356953020596,35.220251194831356,35.219947659136054
continuous_location,0.0001,0,continuation_mu,279000,3,3.907496401554007e-06,0.00031330584393174377,35.22025120614861,35.21993790030468
continuous_location,0.0001,0,continuation_mu,280000,3,3.907496401554007e-06,0.00030736468449532595,35.22025120638972,35.21994384170522
continuous_location,0.0001,0,continuation_mu,281000,3,3.907496401554007e-06,0.00028925008268743113,35.22025119513624,35.219961945053555
continuous_location,0.0001,0,continuation_mu,282000,3,3.907496401554007e-06,0.00030106514886085733,35.22025119865239,35.21995013350353
continuous_location,0.0001,0,continuation_mu,283000,3,3.907496401554007e-06,0.00028884791667849186,35.22025120703313,35.21996235911645
continuous_location,0.0001,0,continuation_mu,284000,3,3.907496401554007e-06,0.00027776080808195047,35.2202512004644,35.21997343965632
continuous_location,0.0001,0,continuation_mu,285000,3,3.907496401554007e-06,0.00028805433574063954,35.2202511940526,35.21996313971686
continuous_location,0.0001,0,continuation_mu,286000,3,3.907496401554007e-06,0.0002719578806420486,35.220251202032365,35.21997924415172
continuous_location,0.0001,0,continuation_mu,287000,3,3.907496401554007e-06,0.0002682201386434713,35.22025120523884,35.219982985100195
continuous_location,0.0001,0,continuation_mu,288000,3,3.907496401554007e-06,0.0002741841783731047,35.22025119524309,35.219977011064714
continuous_location,0.0001,0,continuation_mu,289000,3,3.907496401554007e-06,0.00025729842930388713,35.220251195598344,35.21999389716904
continuous_location,0.0001,0,continuation_mu,290000,3,3.907496401554007e-06,0.0002596566824308866,35.22025120516399,35.21999154848156
continuous_location,0.0001,0,continuation_mu,291000,3,3.907496401554007e-06,0.00025979689206678813,35.22025119978206,35.219991402889995
continuous_location,0.0001,0,continuation_mu,292000,3,3.907496401554007e-06,0.00024509576322628845,35.220251192661905,35.22000609689868
continuous_location,0.0001,0,continuation_mu,293000,3,3.907496401554007e-06,0.00025119035026222036,35.22025120073589,35.220000010385625
continuous_location,0.0001,0,continuation_mu,294000,3,3.907496401554007e-06,0.00024551387198101793,35.220251202812385,35.220005688940404
continuous_location,0.0001,0,continuation_mu,295000,3,3.907496401554007e-06,0.00023517794649308144,35.220251194501486,35.22001601655499
continuous_location,0.0001,0,continuation_mu,296000,3,3.907496401554007e-06,0.0002422070084193706,35.22025119606053,35.22000898905211
continuous_location,0.0001,0,continuation_mu,297000,3,3.907496401554007e-06,0.00023203756101253248,35.22025120162164,35.22001916406063
continuous_location,0.0001,0,continuation_mu,298000,3,3.907496401554007e-06,0.00022704667081541174,35.22025119821243,35.220024151541615
continuous_location,0.0001,0,continuation_mu,299000,3,3.907496401554007e-06,0.00023245517338921218,35.220251194733166,35.22001873955978
continuous_location,0.0001,0,continuation_mu,300000,3,3.907496401554007e-06,0.0002199616630065293,35.22025119763202,35.22003123596901
continuous_location,0.0001,0,continuation_mu,301000,3,3.907496401554007e-06,0.00022001305290331175,35.22025119988511,35.22003118683221
continuous_location,0.0001,0,continuation_mu,302000,3,3.907496401554007e-06,0.0002220477721550651,35.220251196809365,35.22002914903721
continuous_location,0.0001,0,continuation_mu,303000,3,3.907496401554007e-06,0.00020963420534059196,35.22025119448648,35.22004156028114
continuous_location,0.0001,0,continuation_mu,304000,3,3.907496401554007e-06,0.0002133632116496642,35.220251198159495,35.220037834947846
continuous_location,0.0001,0,continuation_mu,305000,3,3.907496401554007e-06,0.00021137770706758374,35.22025119933552,35.220039821628454
continuous_location,0.0001,0,continuation_mu,306000,3,3.907496401554007e-06,0.00020109696384906783,35.22025119449399,35.22005009753014
continuous_location,0.0001,0,continuation_mu,307000,3,3.907496401554007e-06,0.00020651570987695322,35.220251194999875,35.22004467929
continuous_location,0.0001,0,continuation_mu,308000,3,3.907496401554007e-06,0.00020097745424862978,35.22025119943661,35.22005022198236
continuous_location,0.0001,0,continuation_mu,309000,3,3.907496401554007e-06,0.00019410213134563037,35.22025119678774,35.2200570946564
continuous_location,0.0001,0,continuation_mu,310000,3,3.907496401554007e-06,0.00019913448164743386,35.220251193428325,35.22005205894668
continuous_location,0.0001,0,continuation_mu,311000,3,3.907496401554007e-06,0.00019136417072473932,35.22025119687481,35.22005983270409
continuous_location,0.0001,0,continuation_mu,312000,3,3.907496401554007e-06,0.0001881915589478922,35.22025119855937,35.22006300700042
continuous_location,0.0001,0,continuation_mu,313000,3,3.907496401554007e-06,0.00019117251923006506,35.22025119465291,35.22006002213368
continuous_location,0.0001,0,continuation_mu,314000,3,3.907496401554007e-06,0.0001829103862931447,35.22025119390536,35.22006828351907
continuous_location,0.0001,0,continuation_mu,315000,3,3.907496401554007e-06,0.00018281578510936924,35.22025119784083,35.22006838205572
continuous_location,0.0001,0,continuation_mu,316000,3,3.907496401554007e-06,0.00018284120215383837,35.22025119720751,35.220068356005356
continuous_location,0.0001,0,continuation_mu,317000,3,3.907496401554007e-06,0.0001757674421583033,35.22025119293719,35.22007542549503
continuous_location,0.0001,0,continuation_mu,318000,3,3.907496401554007e-06,0.00017746470621204935,35.22025119516285,35.22007373045664
continuous_location,0.0001,0,continuation_mu,319000,3,3.907496401554007e-06,0.00017452027372399925,35.2202511985846,35.220076678310875
continuous_location,0.0001,0,continuation_mu,320000,3,3.907496401554007e-06,0.00016985041339268037,35.22025119436529,35.2200813439519
continuous_location,0.0001,0,continuation_mu,321000,3,3.907496401554007e-06,0.00017177902878984241,35.220251192777795,35.220079413749005
continuous_location,0.0001,0,continuation_mu,322000,3,3.907496401554007e-06,0.00016663760547430684,35.220251197582236,35.22008455997676
continuous_location,0.0001,0,continuation_mu,323000,3,3.907496401554007e-06,0.00016487780536778018,35.22025119646658,35.22008631866121
continuous_location,0.0001,0,continuation_mu,324000,3,3.907496401554007e-06,0.0001656161158862801,35.2202511924578,35.220085576341916
continuous_location,0.0001,0,continuation_mu,325000,3,3.907496401554007e-06,0.00015955261061861847,35.220251195197605,35.220091642586986
continuous_location,0.0001,0,continuation_mu,326000,3,3.907496401554007e-06,0.0001604508524337689,35.220251197178925,35.22009074632649
continuous_location,0.0001,0,continuation_mu,327000,3,3.907496401554007e-06,0.0001590567417011357,35.22025119399923,35.22009213725753
continuous_location,0.0001,0,continuation_mu,328000,3,3.907496401554007e-06,0.0001534717132827268,35.220251193469174,35.22009772175589
continuous_location,0.0001,0,continuation_mu,329000,3,3.907496401554007e-06,0.00015615290141113292,35.22025119594703,35.22009504304562
continuous_location,0.0001,0,continuation_mu,330000,3,3.907496401554007e-06,0.00015235602138830018,35.22025119566032,35.22009883963893
continuous_location,0.0001,0,continuation_mu,331000,3,3.907496401554007e-06,0.00014841129112852514,35.22025119355663,35.2201027822655
continuous_location,0.0001,0,continuation_mu,332000,3,3.907496401554007e-06,0.0001516461295025806,35.220251193999026,35.22009954786952
continuous_location,0.0001,0,continuation_mu,333000,3,3.907496401554007e-06,0.00014585632983710184,35.220251195893184,35.22010533956335
continuous_location,0.0001,0,continuation_mu,334000,3,3.907496401554007e-06,0.00014420909040069319,35.220251194851315,35.220106985760914
continuous_location,0.0001,0,continuation_mu,335000,3,3.907496401554007e-06,0.00014674278495618864,35.22025119301513,35.220104450230174
continuous_location,0.0001,0,continuation_mu,336000,3,3.907496401554007e-06,0.0001398883163048481,35.22025119467275,35.22011130635644
continuous_location,0.0001,0,continuation_mu,337000,3,3.907496401554007e-06,0.00014057487937435553,35.22025119576731,35.22011062088794
continuous_location,0.0001,0,continuation_mu,338000,3,3.907496401554007e-06,0.0001414344639769638,35.220251193574924,35.22010975911095
continuous_location,0.0001,0,continuation_mu,339000,3,3.907496401554007e-06,0.0001346863710409707,35.22025119330022,35.22011650692918
continuous_location,0.0001,0,continuation_mu,340000,3,3.907496401554007e-06,0.00013716570181543375,35.22025119529427,35.22011402959245
continuous_location,0.0001,0,continuation_mu,341000,3,3.907496401554007e-06,0.0001358747201933852,35.220251194787004,35.22011532006681
continuous_location,0.0001,0,continuation_mu,342000,3,3.907496401554007e-06,0.00013033757275593416,35.220251193052796,35.22012085548004
continuous_location,0.0001,0,continuation_mu,343000,3,3.907496401554007e-06,0.00013366793798752497,35.22025119383575,35.22011752589776
continuous_location,0.0001,0,continuation_mu,344000,3,3.907496401554007e-06,0.00013032315523986426,35.22025119527938,35.22012087212414
continuous_location,0.0001,0,continuation_mu,345000,3,3.907496401554007e-06,0.00012677160411556088,35.220251194026375,35.22012442242226
continuous_location,0.0001,0,continuation_mu,346000,3,3.907496401554007e-06,0.00012986706283868443,35.22025119267668,35.22012132561384
continuous_location,0.0001,0,continuation_mu,347000,3,3.907496401554007e-06,0.00012506872045037198,35.220251194498324,35.220126125777874
continuous_location,0.0001,0,continuation_mu,348000,3,3.907496401554007e-06,0.00012378834386339577,35.220251195179394,35.22012740683553
continuous_location,0.0001,0,continuation_mu,349000,3,3.907496401554007e-06,0.00012568875803253832,35.220251192723154,35.22012550396512
continuous_location,0.0001,0,continuation_mu,350000,3,3.907496401554007e-06,0.00012035370772878196,35.22025119311907,35.22013083941134
continuous_location,0.0001,0,continuation_mu,351000,3,3.907496401554007e-06,0.00012111276885917732,35.220251195393494,35.220130082624635
continuous_location,0.0001,0,continuation_mu,352000,3,3.907496401554007e-06,0.00012120273533611226,35.220251193727,35.220129990991666
continuous_location,0.0001,0,continuation_mu,353000,3,3.907496401554007e-06,0.0001163171869293933,35.22025119230732,35.220134875120394
continuous_location,0.0001,0,continuation_mu,354000,3,3.907496401554007e-06,0.00011846287804218036,35.22025119448339,35.22013273160535
continuous_location,0.0001,0,continuation_mu,355000,3,3.907496401554007e-06,0.00011659093451754643,35.22025119463077,35.22013460369625
continuous_location,0.0001,0,continuation_mu,356000,3,3.907496401554007e-06,0.00011296905201163554,35.22025119262532,35.22013822357331
continuous_location,0.0001,0,continuation_mu,357000,3,3.907496401554007e-06,0.00011561447712438166,35.220251193260474,35.22013557878335
continuous_location,0.0001,0,continuation_mu,358000,3,3.907496401554007e-06,0.00011209106432374938,35.22025119459512,35.2201391035308
continuous_location,0.0001,0,continuation_mu,359000,3,3.907496401554007e-06,0.00011019684617252778,35.220251193599815,35.22014099675364
continuous_location,0.0001,0,continuation_mu,360000,3,3.907496401554007e-06,0.00011244761196138597,35.2202511927023,35.22013874509034
continuous_location,0.0001,0,continuation_mu,361000,3,3.907496401554007e-06,0.00010793196534564231,35.22025119371361,35.22014326174826
continuous_location,0.0001,0,continuation_mu,362000,3,3.907496401554007e-06,0.00010780026860146563,35.22025119426073,35.22014339399213
continuous_location,0.0001,0,continuation_mu,363000,3,3.907496401554007e-06,0.00010896429815687725,35.22025119307209,35.22014222877393
continuous_location,0.0001,0,continuation_mu,364000,3,3.907496401554007e-06,0.00010427765563036928,35.22025119281403,35.2201469151584
continuous_location,0.0001,0,continuation_mu,365000,3,3.907496401554007e-06,0.00010554344388680192,35.22025119405777,35.22014565061388
continuous_location,0.0001,0,continuation_mu,366000,3,3.907496401554007e-06,0.00010527507239288525,35.22025119377833,35.22014591870594
continuous_location,0.0001,0,continuation_mu,367000,3,3.907496401554007e-06,0.0001011925669800462,35.22025119262976,35.22015000006278
continuous_location,0.0001,0,continuation_mu,368000,3,3.907496401554007e-06,0.00010321201500573807,35.22025119329354,35.22014798127854
continuous_location,0.0001,0,continuation_mu,369000,3,3.907496401554007e-06,0.00010156022892715555,35.220251194013855,35.22014963378493
continuous_location,0.0001,0,continuation_mu,369330,3,3.907496401554007e-06,9.999921838499404e-05,35.22025119343623,35.22015119421785
piecewise_linear_max_abs,0.01,0,fixed_mu,0,1,0.0007816249778396312,7.863339904677705,0.9913861479625616,-6.871953756715143
piecewise_linear_max_abs,0.01,0,fixed_mu,1,1,0.0007816249778396312,7.862720350151716,0.9907665934365724,-6.871953756715143
piecewise_linear_max_abs,0.01,0,fixed_mu,100,1,0.0007816249778396312,1.7155525506462777,0.917305919036461,-0.7982466316098168
piecewise_linear_max_abs,0.01,0,fixed_mu,200,1,0.0007816249778396312,1.0471372080042791,0.8501102235684292,-0.19702698443584987
piecewise_linear_max_abs,0.01,0,fixed_mu,300,1,0.0007816249778396312,0.8000446980027093,0.7940688326086885,-0.00597586539402073
piecewise_linear_max_abs,0.01,0,fixed_mu,400,1,0.0007816249778396312,0.5877667168761701,0.7516385420850507,0.16387182520888055
piecewise_linear_max_abs,0.01,0,fixed_mu,500,1,0.0007816249778396312,0.46152267406781555,0.7176586330189261,0.2561359589511105
piecewise_linear_max_abs,0.01,0,fixed_mu,600,1,0.0007816249778396312,0.36939060095711146,0.688407344061983,0.31901674310487155
piecewise_linear_max_abs,0.01,0,fixed_mu,700,1,0.0007816249778396312,0.3037893603319582,0.6629251799749942,0.35913581964303604
piecewise_linear_max_abs,0.01,0,fixed_mu,800,1,0.0007816249778396312,0.25095704140586683,0.6411166938005031,0.39015965239463624
piecewise_linear_max_abs,0.01,0,fixed_mu,900,1,0.0007816249778396312,0.2087675416448725,0.6206489246788558,0.4118813830339833
piecewise_linear_max_abs,0.01,0,fixed_mu,1000,1,0.0007816249778396312,0.17540317769192515,0.6036726487154579,0.42826947102353274
piecewise_linear_max_abs,0.01,0,fixed_mu,1100,1,0.0007816249778396312,0.1462627170230959,0.5889573897120818,0.4426946726889859
piecewise_linear_max_abs,0.01,0,fixed_mu,1200,1,0.0007816249778396312,0.12418837803690863,0.5756751103179092,0.45148673228100056
piecewise_linear_max_abs,0.01,0,fixed_mu,1300,1,0.0007816249778396312,0.10589211538325993,0.5623809151608525,0.4564887997775926
piecewise_linear_max_abs,0.01,0,fixed_mu,1400,1,0.0007816249778396312,0.08909145862513146,0.5524415119216992,0.46335005329656775
piecewise_linear_max_abs,0.01,0,fixed_mu,1500,1,0.0007816249778396312,0.07626724808737206,0.5429621274640568,0.46669487937668475
piecewise_linear_max_abs,0.01,0,fixed_mu,1600,1,0.0007816249778396312,0.06520038318837057,0.5352026283514212,0.4700022451630506
piecewise_linear_max_abs,0.01,0,fixed_mu,1700,1,0.0007816249778396312,0.05773408939499858,0.5297781496926814,0.47204406029768287
piecewise_linear_max_abs,0.01,0,fixed_mu,1800,1,0.0007816249778396312,0.04998871182868975,0.5255000238440544,0.4755113120153646
piecewise_linear_max_abs,0.01,0,fixed_mu,1900,1,0.0007816249778396312,0.043928533827663874,0.5217931115253104,0.4778645776976465
piecewise_linear_max_abs,0.01,0,fixed_mu,2000,1,0.0007816249778396312,0.0392840076005998,0.5186302827248228,0.479346275124223
piecewise_linear_max_abs,0.01,0,fixed_mu,2100,1,0.0007816249778396312,0.03493227499664198,0.5150893886915188,0.4801571136948768
piecewise_linear_max_abs,0.01,0,fixed_mu,2200,1,0.0007816249778396312,0.03160045076149648,0.5127064919041009,0.4811060411426044
piecewise_linear_max_abs,0.01,0,fixed_mu,2300,1,0.0007816249778396312,0.028947174044347768,0.5107080170723414,0.4817608430279936
piecewise_linear_max_abs,0.01,0,fixed_mu,2400,1,0.0007816249778396312,0.025894298846257713,0.5081641567847472,0.48226985793848953
piecewise_linear_max_abs,0.01,0,fixed_mu,2500,1,0.0007816249778396312,0.0238551990625121,0.5065387649728614,0.48268356591034933
piecewise_linear_max_abs,0.01,0,fixed_mu,2600,1,0.0007816249778396312,0.02237636405000676,0.5055866074257827,0.4832102433757759
piecewise_linear_max_abs,0.01,0,fixed_mu,2700,1,0.0007816249778396312,0.020521350274897432,0.5041838869410639,0.48366253666616643
piecewise_linear_max_abs,0.01,0,fixed_mu,2800,1,0.0007816249778396312,0.018901836688223372,0.502951050733186,0.48404921404496265
piecewise_linear_max_abs,0.01,0,fixed_mu,2900,1,0.0007816249778396312,0.0176632967532237,0.5020322428347459,0.4843689460815222
piecewise_linear_max_abs,0.01,0,fixed_mu,3000,1,0.0007816249778396312,0.01629639551645401,0.5010135053460945,0.48471710982964045
piecewise_linear_max_abs,0.01,0,fixed_mu,3100,1,0.0007816249778396312,0.01569591068549797,0.5007184702675755,0.4850225595820776
piecewise_linear_max_abs,0.01,0,fixed_mu,3200,1,0.0007816249778396312,0.014212302247947672,0.49959250349393686,0.4853802012459892
piecewise_linear_max_abs,0.01,0,fixed_mu,3300,1,0.0007816249778396312,0.01332546051195932,0.49892518707920597,0.48559972656724665
piecewise_linear_max_abs,0.01,0,fixed_mu,3400,1,0.0007816249778396312,0.012631812068641668,0.49843328917997876,0.4858014771113371
piecewise_linear_max_abs,0.01,0,fixed_mu,3500,1,0.0007816249778396312,0.011952664190401974,0.4979222089903154,0.48596954479991344
piecewise_linear_max_abs,0.01,0,fixed_mu,3600,1,0.0007816249778396312,0.011194309782911527,0.49732899878097997,0.48613468899806844
piecewise_linear_max_abs,0.01,0,fixed_mu,3700,1,0.0007816249778396312,0.010670054716533539,0.4969309718275555,0.486260917111022
piecewise_linear_max_abs,0.01,0,fixed_mu,3800,1,0.0007816249778396312,0.01021831800635059,0.4965803799135277,0.4863620619071771
piecewise_linear_max_abs,0.01,0,fixed_mu,3832,1,0.0007816249778396312,0.009994616200295292,0.496381021448669,0.48638640524837373
piecewise_linear_max_abs,0.01,0,continuation_mu,0,1,0.006252999822717049,4.617024380418977,0.9913861479625616,-3.625638232456416
piecewise_linear_max_abs,0.01,0,continuation_mu,1,1,0.006252999822717049,4.614401899855275,0.9887636673988592,-3.625638232456416
piecewise_linear_max_abs,0.01,0,continuation_mu,100,1,0.006252999822717049,0.8677306520312156,0.8052200994455101,-0.06251055258570548
piecewise_linear_max_abs,0.01,0,continuation_mu,200,1,0.006252999822717049,0.40908127760474133,0.7089795090492396,0.29989823144449823
piecewise_linear_max_abs,0.01,0,continuation_mu,300,1,0.006252999822717049,0.2425212825817729,0.639269841814357,0.39674855923258406
piecewise_linear_max_abs,0.01,0,continuation_mu,400,1,0.006252999822717049,0.14994261520252428,0.5916487591883777,0.4417061439858534
piecewise_linear_max_abs,0.01,0,continuation_mu,500,1,0.006252999822717049,0.10014879968015727,0.5622059204221581,0.46205712074200084
piecewise_linear_max_abs,0.01,0,continuation_mu,600,1,0.006252999822717049,0.06692261833764945,0.537782797995477,0.47086017965782756
piecewise_linear_max_abs,0.01,0,continuation_mu,700,1,0.006252999822717049,0.047850401649581376,0.5255647140386526,0.4777143123890712
piecewise_linear_max_abs,0.01,0,continuation_mu,764,1,0.006252999822717049,0.039923676213074355,0.519465813038495,0.4795421368254207
piecewise_linear_max_abs,0.01,0,continuation_mu,765,2,0.0031264999113585247,0.51703231883825,0.5194135349479061,0.002381216109656137
piecewise_linear_max_abs,0.01,0,continuation_mu,800,2,0.0031264999113585247,2.062893990738467,0.9367302115585004,-1.1261637791799668
piecewise_linear_max_abs,0.01,0,continuation_mu,900,2,0.0031264999113585247,0.8939886825006444,0.8105666704318871,-0.08342201206875732
piecewise_linear_max_abs,0.01,0,continuation_mu,1000,2,0.0031264999113585247,0.498061571516936,0.7298104685149909,0.2317488969980549
piecewise_linear_max_abs,0.01,0,continuation_mu,1100,2,0.0031264999113585247,0.32297141707506133,0.6750009350860772,0.35202951801101584
piecewise_linear_max_abs,0.01,0,continuation_mu,1200,2,0.0031264999113585247,0.22938767928329967,0.6330632306335253,0.40367555135022565
piecewise_linear_max_abs,0.01,0,continuation_mu,1300,2,0.0031264999113585247,0.15816319691127695,0.5971424045040032,0.4389792075927263
piecewise_linear_max_abs,0.01,0,continuation_mu,1400,2,0.0031264999113585247,0.11695657224708389,0.5701433840324875,0.45318681178540365
piecewise_linear_max_abs,0.01,0,continuation_mu,1500,2,0.0031264999113585247,0.08312521869015366,0.5481713391893553,0.4650461204992017
piecewise_linear_max_abs,0.01,0,continuation_mu,1600,2,0.0031264999113585247,0.06631316344824484,0.5374813080268375,0.47116814457859263
piecewise_linear_max_abs,0.01,0,continuation_mu,1700,2,0.0031264999113585247,0.050390067173982755,0.5269757333811753,0.47658566620719256
piecewise_linear_max_abs,0.01,0,continuation_mu,1800,2,0.0031264999113585247,0.03963765130912689,0.5190220868066777,0.47938443549755083
piecewise_linear_max_abs,0.01,0,continuation_mu,1900,2,0.0031264999113585247,0.03272964251329491,0.5134758359959919,0.480746193482697
piecewise_linear_max_abs,0.01,0,continuation_mu,2000,2,0.0031264999113585247,0.02827796421455786,0.5105976525222798,0.482319688307722
piecewise_linear_max_abs,0.01,0,continuation_mu,2100,2,0.0031264999113585247,0.023494809657243154,0.5067284768694604,0.4832336672122173
piecewise_linear_max_abs,0.01,0,continuation_mu,2200,2,0.0031264999113585247,0.021017238688440743,0.5050880128076631,0.4840707741192224
piecewise_linear_max_abs,0.01,0,continuation_mu,2239,2,0.0031264999113585247,0.0199913582664053,0.5043444881113146,0.4843531298449093
piecewise_linear_max_abs,0.01,0,continuation_mu,2240,3,0.0015632499556792624,0.401589553465746,0.5043059170035138,0.10271636353776781
piecewise_linear_max_abs,0.01,0,continuation_mu,2300,3,0.0015632499556792624,1.8677595228609536,0.9263354004380528,-0.9414241224229009
piecewise_linear_max_abs,0.01,0,continuation_mu,2400,3,0.0015632499556792624,0.9892519321904351,0.833613812252046,-0.15563811993838905
piecewise_linear_max_abs,0.01,0,continuation_mu,2500,3,0.0015632499556792624,0.6403086957528468,0.7660698299039337,0.12576113415108692
piecewise_linear_max_abs,0.01,0,continuation_mu,2600,3,0.0015632499556792624,0.4546766475004226,0.7141971321245266,0.25952048462410404
piecewise_linear_max_abs,0.01,0,continuation_mu,2700,3,0.0015632499556792624,0.3315850893786231,0.6775993896942492,0.3460143003156261
piecewise_linear_max_abs,0.01,0,continuation_mu,2800,3,0.0015632499556792624,0.25803310361622683,0.6427497518434027,0.38471664822717583
piecewise_linear_max_abs,0.01,0,continuation_mu,2900,3,0.0015632499556792624,0.19984119850504184,0.6156438559233298,0.415802657418288
piecewise_linear_max_abs,0.01,0,continuation_mu,3000,3,0.0015632499556792624,0.1546726363378922,0.594225126515206,0.4395524901773138
piecewise_linear_max_abs,0.01,0,continuation_mu,3100,3,0.0015632499556792624,0.12220700686255725,0.574228930345064,0.4520219234825067
piecewise_linear_max_abs,0.01,0,continuation_mu,3200,3,0.0015632499556792624,0.09758755053636725,0.5574656849824784,0.45987813444611114
piecewise_linear_max_abs,0.01,0,continuation_mu,3300,3,0.0015632499556792624,0.07856671303512486,0.5452758029043479,0.466709089869223
piecewise_linear_max_abs,0.01,0,continuation_mu,3400,3,0.0015632499556792624,0.06447303733344079,0.5350818480386559,0.4706088107052151
piecewise_linear_max_abs,0.01,0,continuation_mu,3500,3,0.0015632499556792624,0.054221483364366274,0.5290050913102129,0.4747836079458466
piecewise_linear_max_abs,0.01,0,continuation_mu,3600,3,0.0015632499556792624,0.044268539236531956,0.5224843351634925,0.4782157959269605
piecewise_linear_max_abs,0.01,0,continuation_mu,3700,3,0.0015632499556792624,0.0378276613927534,0.5176656654202207,0.47983800402746735
piecewise_linear_max_abs,0.01,0,continuation_mu,3800,3,0.0015632499556792624,0.03362755485171626,0.5144955637872244,0.48086800893550813
piecewise_linear_max_abs,0.01,0,continuation_mu,3900,3,0.0015632499556792624,0.028919329360733714,0.5108936401372262,0.48197431077649244
piecewise_linear_max_abs,0.01,0,continuation_mu,4000,3,0.0015632499556792624,0.025065123221573615,0.5077622229951202,0.4826970997735466
piecewise_linear_max_abs,0.01,0,continuation_mu,4100,3,0.0015632499556792624,0.02230080368968379,0.5056349987343729,0.4833341950446891
piecewise_linear_max_abs,0.01,0,continuation_mu,4200,3,0.0015632499556792624,0.020187247014005316,0.504172560522799,0.4839853135087937
piecewise_linear_max_abs,0.01,0,continuation_mu,4300,3,0.0015632499556792624,0.018153348632041932,0.5025137447036276,0.4843603960715857
piecewise_linear_max_abs,0.01,0,continuation_mu,4400,3,0.0015632499556792624,0.016735068992780877,0.5014313505312806,0.48469628153849975
piecewise_linear_max_abs,0.01,0,continuation_mu,4500,3,0.0015632499556792624,0.015135370968416495,0.5002205464613811,0.48508517549296465
piecewise_linear_max_abs,0.01,0,continuation_mu,4600,3,0.0015632499556792624,0.013893985247965146,0.4994305764240503,0.48553659117608516
piecewise_linear_max_abs,0.01,0,continuation_mu,4700,3,0.0015632499556792624,0.012985249828493362,0.4987851753727408,0.48579992554424745
piecewise_linear_max_abs,0.01,0,continuation_mu,4800,3,0.0015632499556792624,0.01201550817260344,0.498055121065489,0.48603961289288555
piecewise_linear_max_abs,0.01,0,continuation_mu,4900,3,0.0015632499556792624,0.011140232303269937,0.49737925170377645,0.4862390194005065
piecewise_linear_max_abs,0.01,0,continuation_mu,5000,3,0.0015632499556792624,0.010826302877965488,0.49726363704499515,0.48643733416702967
piecewise_linear_max_abs,0.01,0,continuation_mu,5100,3,0.0015632499556792624,0.010065612713921923,0.49664693307456287,0.48658132036064095
piecewise_linear_max_abs,0.01,0,continuation_mu,5110,3,0.0015632499556792624,0.00999790187872912,0.4965895954674177,0.4865916935886886
piecewise_linear_max_abs,0.001,0,fixed_mu,0,1,7.816249778396313e-05,7.970357229508509,0.9918076835657803,-6.9785495459427285
piecewise_linear_max_abs,0.001,0,fixed_mu,1,1,7.816249778396313e-05,7.970294783732361,0.9917452377896326,-6.9785495459427285
piecewise_linear_max_abs,0.001,0,fixed_mu,100,1,7.816249778396313e-05,3.379510324210478,0.9705108305963357,-2.408999493614142
piecewise_linear_max_abs,0.001,0,fixed_mu,200,1,7.816249778396313e-05,2.1414851543920927,0.9467682321417947,-1.194716922250298
piecewise_linear_max_abs,0.001,0,fixed_mu,300,1,7.816249778396313e-05,1.8308935533555486,0.9228899656722414,-0.9080035876833072
piecewise_linear_max_abs,0.001,0,fixed_mu,400,1,7.816249778396313e-05,1.5398943425963434,0.8997719207177719,-0.6401224218785715
piecewise_linear_max_abs,0.001,0,fixed_mu,500,1,7.816249778396313e-05,1.2025919666315354,0.8813106040981581,-0.32128136253337736
piecewise_linear_max_abs,0.001,0,fixed_mu,600,1,7.816249778396313e-05,1.053142312843403,0.865248626603461,-0.18789368623994207
piecewise_linear_max_abs,0.001,0,fixed_mu,700,1,7.816249778396313e-05,0.9305205048048091,0.8499069069936388,-0.08061359781117028
piecewise_linear_max_abs,0.001,0,fixed_mu,800,1,7.816249778396313e-05,0.8892391857836816,0.8334732184618006,-0.055765967321880994
piecewise_linear_max_abs,0.001,0,fixed_mu,900,1,7.816249778396313e-05,0.8346324131324037,0.816452350347578,-0.018180062784825646
piecewise_linear_max_abs,0.001,0,fixed_mu,1000,1,7.816249778396313e-05,0.7603311943862435,0.8005824488515695,0.04025125446532596
piecewise_linear_max_abs,0.001,0,fixed_mu,1100,1,7.816249778396313e-05,0.6953419363305899,0.7862678947753481,0.09092595844475815
piecewise_linear_max_abs,0.001,0,fixed_mu,1200,1,7.816249778396313e-05,0.6291096048909997,0.7730589808000383,0.14394937590903867
piecewise_linear_max_abs,0.001,0,fixed_mu,1300,1,7.816249778396313e-05,0.57615832290259,0.7604803469706699,0.18432202406807996
piecewise_linear_max_abs,0.001,0,fixed_mu,1400,1,7.816249778396313e-05,0.5370849595156513,0.7476886783641065,0.2106037188484552
piecewise_linear_max_abs,0.001,0,fixed_mu,1500,1,7.816249778396313e-05,0.4988666988548951,0.7356684073270512,0.2368017084721561
piecewise_linear_max_abs,0.001,0,fixed_mu,1600,1,7.816249778396313e-05,0.46281833631664937,0.7242893230912263,0.2614709867745769
piecewise_linear_max_abs,0.001,0,fixed_mu,1700,1,7.816249778396313e-05,0.42033468691660303,0.7148219982489081,0.2944873113323051
piecewise_linear_max_abs,0.001,0,fixed_mu,1800,1,7.816249778396313e-05,0.3915988268368462,0.7064202292055719,0.3148214023687257
piecewise_linear_max_abs,0.001,0,fixed_mu,1900,1,7.816249778396313e-05,0.36746821773471716,0.6977294038885073,0.3302611861537902
piecewise_linear_max_abs,0.001,0,fixed_mu,2000,1,7.816249778396313e-05,0.34551511260010054,0.6891942531530055,0.343679140552905
piecewise_linear_max_abs,0.001,0,fixed_mu,2100,1,7.816249778396313e-05,0.32189573659484816,0.6811686634069543,0.3592729268121061
piecewise_linear_max_abs,0.001,0,fixed_mu,2200,1,7.816249778396313e-05,0.3026390547223033,0.6740503890010905,0.3714113342787872
piecewise_linear_max_abs,0.001,0,fixed_mu,2300,1,7.816249778396313e-05,0.2886302918019918,0.6661247145511037,0.3774944227491119
piecewise_linear_max_abs,0.001,0,fixed_mu,2400,1,7.816249778396313e-05,0.27332109030203006,0.6586068152229929,0.38528572492096286
piecewise_linear_max_abs,0.001,0,fixed_mu,2500,1,7.816249778396313e-05,0.2610065066251984,0.6507026820815683,0.3896961754563699
piecewise_linear_max_abs,0.001,0,fixed_mu,2600,1,7.816249778396313e-05,0.2456034779714235,0.6440140390109119,0.3984105610394884
piecewise_linear_max_abs,0.001,0,fixed_mu,2700,1,7.816249778396313e-05,0.23064063189348932,0.6375178680903223,0.40687723619683297
piecewise_linear_max_abs,0.001,0,fixed_mu,2800,1,7.816249778396313e-05,0.219562723400472,0.6306555542131493,0.41109283081267733
piecewise_linear_max_abs,0.001,0,fixed_mu,2900,1,7.816249778396313e-05,0.20759342197337616,0.6241431259617785,0.4165497039884023
piecewise_linear_max_abs,0.001,0,fixed_mu,3000,1,7.816249778396313e-05,0.1958156875166746,0.6179115444566692,0.4220958569399946
piecewise_linear_max_abs,0.001,0,fixed_mu,3100,1,7.816249778396313e-05,0.1864247544987785,0.6109047744854459,0.4244800199866674
piecewise_linear_max_abs,0.001,0,fixed_mu,3200,1,7.816249778396313e-05,0.1762103451258416,0.6047527516191036,0.428542406493262
piecewise_linear_max_abs,0.001,0,fixed_mu,3300,1,7.816249778396313e-05,0.1653498165045328,0.599229696511611,0.43387988000707817
piecewise_linear_max_abs,0.001,0,fixed_mu,3400,1,7.816249778396313e-05,0.15417338772909234,0.5952814187452165,0.4411080310161241
piecewise_linear_max_abs,0.001,0,fixed_mu,3500,1,7.816249778396313e-05,0.14485526163709944,0.5907435103032741,0.44588824866617466
piecewise_linear_max_abs,0.001,0,fixed_mu,3600,1,7.816249778396313e-05,0.13770692781590488,0.5853390989574507,0.44763217114154585
piecewise_linear_max_abs,0.001,0,fixed_mu,3700,1,7.816249778396313e-05,0.13034656068616085,0.5806496113910675,0.45030305070490667
piecewise_linear_max_abs,0.001,0,fixed_mu,3800,1,7.816249778396313e-05,0.12356994395796028,0.5761215191634972,0.4525515752055369
piecewise_linear_max_abs,0.001,0,fixed_mu,3900,1,7.816249778396313e-05,0.11554252811884236,0.5727356361880827,0.4571931080692403
piecewise_linear_max_abs,0.001,0,fixed_mu,4000,1,7.816249778396313e-05,0.10950267635207167,0.5686873738493334,0.45918469749726176
piecewise_linear_max_abs,0.001,0,fixed_mu,4100,1,7.816249778396313e-05,0.10387358256223533,0.5646741519624464,0.4608005694002111
piecewise_linear_max_abs,0.001,0,fixed_mu,4200,1,7.816249778396313e-05,0.09766628639282021,0.5615634055843283,0.46389711919150806
piecewise_linear_max_abs,0.001,0,fixed_mu,4300,1,7.816249778396313e-05,0.09256424017339315,0.5581535875408493,0.46558934736745616
piecewise_linear_max_abs,0.001,0,fixed_mu,4400,1,7.816249778396313e-05,0.08736879008224091,0.5551530739053863,0.46778428382314535
piecewise_linear_max_abs,0.001,0,fixed_mu,4500,1,7.816249778396313e-05,0.08301238661749949,0.5520253954002375,0.46901300878273805
piecewise_linear_max_abs,0.001,0,fixed_mu,4600,1,7.816249778396313e-05,0.07848311831830235,0.5493688067212845,0.47088568840298217
piecewise_linear_max_abs,0.001,0,fixed_mu,4700,1,7.816249778396313e-05,0.07469878769677885,0.5464233474972137,0.4717245598004348
piecewise_linear_max_abs,0.001,0,fixed_mu,4800,1,7.816249778396313e-05,0.0712756666002029,0.5438798575534751,0.4726041909532722
piecewise_linear_max_abs,0.001,0,fixed_mu,4900,1,7.816249778396313e-05,0.06781754642318294,0.5414666268984023,0.47364908047521936
piecewise_linear_max_abs,0.001,0,fixed_mu,5000,1,7.816249778396313e-05,0.06466139163709955,0.5392143399896449,0.4745529483525453
piecewise_linear_max_abs,0.001,0,fixed_mu,5100,1,7.816249778396313e-05,0.06182732079963327,0.5369292995046215,0.47510197870498827
piecewise_linear_max_abs,0.001,0,fixed_mu,5200,1,7.816249778396313e-05,0.058947478359920424,0.5350150678430395,0.4760675894831191
piecewise_linear_max_abs,0.001,0,fixed_mu,5300,1,7.816249778396313e-05,0.056315255564261424,0.5331535685076307,0.4768383129433693
piecewise_linear_max_abs,0.001,0,fixed_mu,5400,1,7.816249778396313e-05,0.054014095772176196,0.5312760126669832,0.477261916894807
piecewise_linear_max_abs,0.001,0,fixed_mu,5500,1,7.816249778396313e-05,0.05159030804475484,0.5297767501860478,0.4781864421412929
piecewise_linear_max_abs,0.001,0,fixed_mu,5600,1,7.816249778396313e-05,0.04952062543921898,0.5281733996765868,0.47865277423736785
piecewise_linear_max_abs,0.001,0,fixed_mu,5700,1,7.816249778396313e-05,0.04766041004821309,0.5266340478369816,0.47897363778876856
piecewise_linear_max_abs,0.001,0,fixed_mu,5800,1,7.816249778396313e-05,0.04576952523092964,0.5252371975611998,0.47946767233027016
piecewise_linear_max_abs,0.001,0,fixed_mu,5900,1,7.816249778396313e-05,0.04401201009266287,0.5240281925229421,0.4800161824302792
piecewise_linear_max_abs,0.001,0,fixed_mu,6000,1,7.816249778396313e-05,0.042410617974694254,0.5227584188543615,0.4803478008796672
piecewise_linear_max_abs,0.001,0,fixed_mu,6100,1,7.816249778396313e-05,0.04087718292130843,0.5214390475621298,0.48056186464082135
piecewise_linear_max_abs,0.001,0,fixed_mu,6200,1,7.816249778396313e-05,0.03947140967945051,0.5202835365319294,0.48081212685247887
piecewise_linear_max_abs,0.001,0,fixed_mu,6300,1,7.816249778396313e-05,0.038060244626070494,0.5193341736182379,0.48127392899216737
piecewise_linear_max_abs,0.001,0,fixed_mu,6400,1,7.816249778396313e-05,0.03660123736702864,0.5185658213286846,0.4819645839616559
piecewise_linear_max_abs,0.001,0,fixed_mu,6500,1,7.816249778396313e-05,0.03535792615755762,0.5177732952543149,0.4824153690967573
piecewise_linear_max_abs,0.001,0,fixed_mu,6600,1,7.816249778396313e-05,0.034131113189314555,0.5168769966013723,0.48274588341205776
piecewise_linear_max_abs,0.001,0,fixed_mu,6700,1,7.816249778396313e-05,0.03295245087432763,0.5159806595863811,0.48302820871205343
piecewise_linear_max_abs,0.001,0,fixed_mu,6800,1,7.816249778396313e-05,0.03193238684909344,0.5152069654413783,0.4832745785922849
piecewise_linear_max_abs,0.001,0,fixed_mu,6900,1,7.816249778396313e-05,0.030841829592872183,0.5144439298330787,0.48360210024020656
piecewise_linear_max_abs,0.001,0,fixed_mu,7000,1,7.816249778396313e-05,0.029930310457567666,0.5137482612360846,0.48381795077851697
piecewise_linear_max_abs,0.001,0,fixed_mu,7100,1,7.816249778396313e-05,0.02895085602480374,0.5129042235085977,0.4839533674837939
piecewise_linear_max_abs,0.001,0,fixed_mu,7200,1,7.816249778396313e-05,0.028087533141978815,0.5122367582706503,0.4841492251286715
piecewise_linear_max_abs,0.001,0,fixed_mu,7300,1,7.816249778396313e-05,0.02723037460272837,0.5116069859443493,0.4843766113416209
piecewise_linear_max_abs,0.001,0,fixed_mu,7400,1,7.816249778396313e-05,0.026433983999850974,0.510985153152151,0.4845511691523
piecewise_linear_max_abs,0.001,0,fixed_mu,7500,1,7.816249778396313e-05,0.025690495137649427,0.5103416693847962,0.48465117424714677
piecewise_linear_max_abs,0.001,0,fixed_mu,7600,1,7.816249778396313e-05,0.024977748933393107,0.5097450432032314,0.48476729426983833
piecewise_linear_max_abs,0.001,0,fixed_mu,7700,1,7.816249778396313e-05,0.0243030101295183,0.5091639003183046,0.4848608901887863
piecewise_linear_max_abs,0.001,0,fixed_mu,7800,1,7.816249778396313e-05,0.023658583535250688,0.5086048889982863,0.4849463054630356
piecewise_linear_max_abs,0.001,0,fixed_mu,7900,1,7.816249778396313e-05,0.023051458592235063,0.5080611961177741,0.48500973752553905
piecewise_linear_max_abs,0.001,0,fixed_mu,8000,1,7.816249778396313e-05,0.022439775853220767,0.5075275862332247,0.4850878103800039
piecewise_linear_max_abs,0.001,0,fixed_mu,8100,1,7.816249778396313e-05,0.021884134152313384,0.5071169782637377,0.4852328441114243
piecewise_linear_max_abs,0.001,0,fixed_mu,8200,1,7.816249778396313e-05,0.02129810039242641,0.5066222064067303,0.48532410601430387
piecewise_linear_max_abs,0.001,0,fixed_mu,8300,1,7.816249778396313e-05,0.02073799914104868,0.506264430539485,0.4855264313984363
piecewise_linear_max_abs,0.001,0,fixed_mu,8400,1,7.816249778396313e-05,0.020144605849026442,0.5057795258351843,0.4856349199861578
piecewise_linear_max_abs,0.001,0,fixed_mu,8500,1,7.816249778396313e-05,0.019662016249532066,0.5054051218729485,0.48574310562341644
piecewise_linear_max_abs,0.001,0,fixed_mu,8600,1,7.816249778396313e-05,0.01918310759444619,0.5049932504160073,0.4858101428215611
piecewise_linear_max_abs,0.001,0,fixed_mu,8700,1,7.816249778396313e-05,0.018733535921414912,0.5046467327370892,0.48591319681567424
piecewise_linear_max_abs,0.001,0,fixed_mu,8800,1,7.816249778396313e-05,0.01828694619649307,0.504265585815723,0.48597863961922994
piecewise_linear_max_abs,0.001,0,fixed_mu,8900,1,7.816249778396313e-05,0.01786160162945849,0.5039034714424564,0.4860418698129979
piecewise_linear_max_abs,0.001,0,fixed_mu,9000,1,7.816249778396313e-05,0.017409429949984512,0.5036057149648441,0.48619628501485956
piecewise_linear_max_abs,0.001,0,fixed_mu,9100,1,7.816249778396313e-05,0.017020298161331104,0.5033191156112853,0.4862988174499542
piecewise_linear_max_abs,0.001,0,fixed_mu,9200,1,7.816249778396313e-05,0.01659338346533845,0.5029519690345026,0.4863585855691641
piecewise_linear_max_abs,0.001,0,fixed_mu,9300,1,7.816249778396313e-05,0.01618857835777826,0.5026711586721679,0.4864825803143897
piecewise_linear_max_abs,0.001,0,fixed_mu,9400,1,7.816249778396313e-05,0.015808824992436854,0.5023575139087746,0.48654868891633773
piecewise_linear_max_abs,0.001,0,fixed_mu,9500,1,7.816249778396313e-05,0.015464538912921488,0.502076023585776,0.4866114846728545
piecewise_linear_max_abs,0.001,0,fixed_mu,9600,1,7.816249778396313e-05,0.01508538812951754,0.5017974924213373,0.48671210429181977
piecewise_linear_max_abs,0.001,0,fixed_mu,9700,1,7.816249778396313e-05,0.014781266103189805,0.5015623646666502,0.48678109856346036
piecewise_linear_max_abs,0.001,0,fixed_mu,9800,1,7.816249778396313e-05,0.014431811997770494,0.5012549010497103,0.4868230890519398
piecewise_linear_max_abs,0.001,0,fixed_mu,9900,1,7.816249778396313e-05,0.014130049511635434,0.5009928120745238,0.4868627625628884
piecewise_linear_max_abs,0.001,0,fixed_mu,10000,1,7.816249778396313e-05,0.013820248248101241,0.5007257662639886,0.48690551801588733
piecewise_linear_max_abs,0.001,0,fixed_mu,10100,1,7.816249778396313e-05,0.013573966140011995,0.500525282920701,0.486951316780689
piecewise_linear_max_abs,0.001,0,fixed_mu,10200,1,7.816249778396313e-05,0.013263341651475358,0.5002519284853942,0.4869885868339189
piecewise_linear_max_abs,0.001,0,fixed_mu,10300,1,7.816249778396313e-05,0.012990916431765254,0.500014521926576,0.4870236054948108
piecewise_linear_max_abs,0.001,0,fixed_mu,10400,1,7.816249778396313e-05,0.012735159205635393,0.49978418665195445,0.48704902744631906
piecewise_linear_max_abs,0.001,0,fixed_mu,10500,1,7.816249778396313e-05,0.012501609904951194,0.4995822269107393,0.4870806170057881
piecewise_linear_max_abs,0.001,0,fixed_mu,10600,1,7.816249778396313e-05,0.012260828835724935,0.4994130911953301,0.4871522623596052
piecewise_linear_max_abs,0.001,0,fixed_mu,10700,1,7.816249778396313e-05,0.012015218392104676,0.49920955150622964,0.48719433311412497
piecewise_linear_max_abs,0.001,0,fixed_mu,10800,1,7.816249778396313e-05,0.01177786084818322,0.499033180516815,0.4872553196686318
piecewise_linear_max_abs,0.001,0,fixed_mu,10900,1,7.816249778396313e-05,0.01154061817175972,0.4988264278761911,0.48728580970443136
piecewise_linear_max_abs,0.001,0,fixed_mu,11000,1,7.816249778396313e-05,0.011301215830823164,0.4986299271920988,0.48732871136127565
piecewise_linear_max_abs,0.001,0,fixed_mu,11100,1,7.816249778396313e-05,0.011096457648519187,0.4984570197288819,0.4873605620803627
piecewise_linear_max_abs,0.001,0,fixed_mu,11200,1,7.816249778396313e-05,0.010872715615695694,0.49826051574551955,0.48738780012982386
piecewise_linear_max_abs,0.001,0,fixed_mu,11300,1,7.816249778396313e-05,0.010678192118777186,0.49809059720105386,0.4874124050822767
piecewise_linear_max_abs,0.001,0,fixed_mu,11400,1,7.816249778396313e-05,0.01048460695262643,0.49791931969365155,0.4874347127410251
piecewise_linear_max_abs,0.001,0,fixed_mu,11500,1,7.816249778396313e-05,0.010344093585345215,0.4978076652677028,0.4874635716823576
piecewise_linear_max_abs,0.001,0,fixed_mu,11600,1,7.816249778396313e-05,0.010122446194511803,0.4976187346267123,0.4874962884322005
piecewise_linear_max_abs,0.001,0,fixed_mu,11700,1,7.816249778396313e-05,0.009935107750826011,0.4974542214795388,0.4875191137287128
piecewise_linear_max_abs,0.001,0,fixed_mu,11800,1,7.816249778396313e-05,0.00982319465288789,0.49741663418181636,0.4875934395289285
piecewise_linear_max_abs,0.001,0,fixed_mu,11900,1,7.816249778396313e-05,0.009564331620760702,0.49723362190453074,0.48766929028377004
piecewise_linear_max_abs,0.001,0,fixed_mu,12000,1,7.816249778396313e-05,0.009414930969537272,0.4971278720555418,0.48771294108600455
piecewise_linear_max_abs,0.001,0,fixed_mu,12100,1,7.816249778396313e-05,0.00921445515561975,0.4969618164339201,0.4877473612783004
piecewise_linear_max_abs,0.001,0,fixed_mu,12200,1,7.816249778396313e-05,0.009061127077991393,0.49683678977866647,0.4877756627006751
piecewise_linear_max_abs,0.001,0,fixed_mu,12300,1,7.816249778396313e-05,0.00889387331494218,0.4967597050611508,0.4878658317462086
piecewise_linear_max_abs,0.001,0,fixed_mu,12400,1,7.816249778396313e-05,0.008733018033317885,0.4966491875525802,0.4879161695192623
piecewise_linear_max_abs,0.001,0,fixed_mu,12500,1,7.816249778396313e-05,0.008582728844836796,0.49652137604303626,0.48793864719819946
piecewise_linear_max_abs,0.001,0,fixed_mu,12600,1,7.816249778396313e-05,0.008411306397281715,0.4963796523458105,0.4879683459485288
piecewise_linear_max_abs,0.001,0,fixed_mu,12700,1,7.816249778396313e-05,0.008272534826785027,0.4962846223815699,0.48801208755478487
piecewise_linear_max_abs,0.001,0,fixed_mu,12800,1,7.816249778396313e-05,0.008134103059488529,0.49617485777365394,0.4880407547141654
piecewise_linear_max_abs,0.001,0,fixed_mu,12900,1,7.816249778396313e-05,0.008000580617020636,0.4960661834972249,0.4880656028802043
piecewise_linear_max_abs,0.001,0,fixed_mu,13000,1,7.816249778396313e-05,0.007873189983090612,0.4959634363660037,0.4880902463829131
piecewise_linear_max_abs,0.001,0,fixed_mu,13100,1,7.816249778396313e-05,0.007783459947844407,0.4958957727459122,0.48811231279806777
piecewise_linear_max_abs,0.001,0,fixed_mu,13200,1,7.816249778396313e-05,0.007626943026750266,0.495763703947266,0.4881367609205157
piecewise_linear_max_abs,0.001,0,fixed_mu,13300,1,7.816249778396313e-05,0.007498729367308388,0.4956539358482436,0.4881552064809352
piecewise_linear_max_abs,0.001,0,fixed_mu,13400,1,7.816249778396313e-05,0.007453820953554013,0.49563816631773083,0.4881843453641768
piecewise_linear_max_abs,0.001,0,fixed_mu,13500,1,7.816249778396313e-05,0.007262186278263916,0.495477303054929,0.48821511677666507
piecewise_linear_max_abs,0.001,0,fixed_mu,13600,1,7.816249778396313e-05,0.007158162929936984,0.49540205897615197,0.488243896046215
piecewise_linear_max_abs,0.001,0,fixed_mu,13700,1,7.816249778396313e-05,0.007029817888834722,0.49529482063415753,0.4882650027453228
piecewise_linear_max_abs,0.001,0,fixed_mu,13800,1,7.816249778396313e-05,0.006932565988026995,0.49521901883507063,0.48828645284704364
piecewise_linear_max_abs,0.001,0,fixed_mu,13900,1,7.816249778396313e-05,0.00681258929748102,0.4951219946291665,0.4883094053316855
piecewise_linear_max_abs,0.001,0,fixed_mu,14000,1,7.816249778396313e-05,0.0067303704840930845,0.495056906566237,0.48832653608214394
piecewise_linear_max_abs,0.001,0,fixed_mu,14100,1,7.816249778396313e-05,0.006624959184237111,0.49496543965760903,0.4883404804733719
piecewise_linear_max_abs,0.001,0,fixed_mu,14200,1,7.816249778396313e-05,0.006523340820217549,0.49488047242633604,0.4883571316061185
piecewise_linear_max_abs,0.001,0,fixed_mu,14300,1,7.816249778396313e-05,0.006435961725056338,0.4948094288052801,0.4883734670802238
piecewise_linear_max_abs,0.001,0,fixed_mu,14400,1,7.816249778396313e-05,0.006332883187994354,0.49472152524986956,0.4883886420618752
piecewise_linear_max_abs,0.001,0,fixed_mu,14500,1,7.816249778396313e-05,0.006249398563781261,0.49465117789604296,0.4884017793322617
piecewise_linear_max_abs,0.001,0,fixed_mu,14600,1,7.816249778396313e-05,0.006153857581900624,0.4945812766409386,0.48842741905903797
piecewise_linear_max_abs,0.001,0,fixed_mu,14700,1,7.816249778396313e-05,0.00606659470092985,0.494509372031826,0.48844277733089614
piecewise_linear_max_abs,0.001,0,fixed_mu,14800,1,7.816249778396313e-05,0.005985556567581263,0.4944397995557301,0.4884542429881488
piecewise_linear_max_abs,0.001,0,fixed_mu,14900,1,7.816249778396313e-05,0.005904801300487594,0.49437401623638844,0.48846921493590084
piecewise_linear_max_abs,0.001,0,fixed_mu,15000,1,7.816249778396313e-05,0.0058126851014465575,0.49429605849570357,0.488483373394257
piecewise_linear_max_abs,0.001,0,fixed_mu,15100,1,7.816249778396313e-05,0.005737492686242407,0.4942344386108417,0.4884969459245993
piecewise_linear_max_abs,0.001,0,fixed_mu,15200,1,7.816249778396313e-05,0.005655961515960595,0.4941648906048763,0.4885089290889157
piecewise_linear_max_abs,0.001,0,fixed_mu,15300,1,7.816249778396313e-05,0.005588522991577971,0.4941093895585784,0.48852086656700044
piecewise_linear_max_abs,0.001,0,fixed_mu,15400,1,7.816249778396313e-05,0.00550516182480576,0.49403891307397185,0.4885337512491661
piecewise_linear_max_abs,0.001,0,fixed_mu,15500,1,7.816249778396313e-05,0.005432074692651778,0.4939778744349794,0.48854579974232765
piecewise_linear_max_abs,0.001,0,fixed_mu,15600,1,7.816249778396313e-05,0.005359115253954716,0.4939169394793875,0.48855782422543276
piecewise_linear_max_abs,0.001,0,fixed_mu,15700,1,7.816249778396313e-05,0.005295082721051392,0.49386325849118196,0.48856817577013056
piecewise_linear_max_abs,0.001,0,fixed_mu,15800,1,7.816249778396313e-05,0.005231582666009427,0.4938107662182491,0.48857918355223967
piecewise_linear_max_abs,0.001,0,fixed_mu,15900,1,7.816249778396313e-05,0.005164288732755984,0.49375523035432567,0.4885909416215697
piecewise_linear_max_abs,0.001,0,fixed_mu,16000,1,7.816249778396313e-05,0.0050984403404731315,0.4937010251756929,0.4886025848352198
piecewise_linear_max_abs,0.001,0,fixed_mu,16100,1,7.816249778396313e-05,0.0050346843660572516,0.4936483766202284,0.4886136922541712
piecewise_linear_max_abs,0.001,0,fixed_mu,16200,1,7.816249778396313e-05,0.0049737841261225935,0.4935978805162267,0.4886240963901041
piecewise_linear_max_abs,0.001,0,fixed_mu,16300,1,7.816249778396313e-05,0.004907332240072726,0.4935412158157546,0.4886338835756819
piecewise_linear_max_abs,0.001,0,fixed_mu,16400,1,7.816249778396313e-05,0.004849300761587294,0.493492811165491,0.4886435104039037
piecewise_linear_max_abs,0.001,0,fixed_mu,16500,1,7.816249778396313e-05,0.004789648543574276,0.4934428218110273,0.488653173267453
piecewise_linear_max_abs,0.001,0,fixed_mu,16600,1,7.816249778396313e-05,0.004727589082674066,0.4933894470941124,0.48866185801143835
piecewise_linear_max_abs,0.001,0,fixed_mu,16700,1,7.816249778396313e-05,0.004664652464827834,0.4933360213547629,0.48867136888993506
piecewise_linear_max_abs,0.001,0,fixed_mu,16800,1,7.816249778396313e-05,0.004615815399712342,0.4932970574974581,0.48868124209774577
piecewise_linear_max_abs,0.001,0,fixed_mu,16900,1,7.816249778396313e-05,0.004568059671469227,0.4932595632693981,0.4886915035979289
piecewise_linear_max_abs,0.001,0,fixed_mu,17000,1,7.816249778396313e-05,0.004519793022262686,0.4932217012555178,0.4887019082332551
piecewise_linear_max_abs,0.001,0,fixed_mu,17100,1,7.816249778396313e-05,0.00446535579846169,0.4931753492951836,0.4887099934967219
piecewise_linear_max_abs,0.001,0,fixed_mu,17200,1,7.816249778396313e-05,0.004407520799251163,0.4931255885781969,0.4887180677789457
piecewise_linear_max_abs,0.001,0,fixed_mu,17300,1,7.816249778396313e-05,0.004347602099241343,0.49307406188392017,0.4887264597846788
piecewise_linear_max_abs,0.001,0,fixed_mu,17400,1,7.816249778396313e-05,0.004293957376756696,0.49302946461527375,0.48873550723851705
piecewise_linear_max_abs,0.001,0,fixed_mu,17500,1,7.816249778396313e-05,0.004243252286327159,0.4929869112757667,0.48874365898943956
piecewise_linear_max_abs,0.001,0,fixed_mu,17600,1,7.816249778396313e-05,0.004196964198190378,0.49294852346205287,0.4887515592638625
piecewise_linear_max_abs,0.001,0,fixed_mu,17700,1,7.816249778396313e-05,0.004153831421041088,0.49291304726712026,0.4887592158460792
piecewise_linear_max_abs,0.001,0,fixed_mu,17800,1,7.816249778396313e-05,0.0041052586655874745,0.4928719578222218,0.48876669915663434
piecewise_linear_max_abs,0.001,0,fixed_mu,17900,1,7.816249778396313e-05,0.004054858730107969,0.49282832314262176,0.4887734644125138
piecewise_linear_max_abs,0.001,0,fixed_mu,18000,1,7.816249778396313e-05,0.00401072346677972,0.49279119503178326,0.48878047156500354
piecewise_linear_max_abs,0.001,0,fixed_mu,18100,1,7.816249778396313e-05,0.003966459193687599,0.49275475755797205,0.48878829836428445
piecewise_linear_max_abs,0.001,0,fixed_mu,18200,1,7.816249778396313e-05,0.00392442292918227,0.4927218843159489,0.4887974613867666
piecewise_linear_max_abs,0.001,0,fixed_mu,18300,1,7.816249778396313e-05,0.003882910153390262,0.4926875651182914,0.48880465496490116
piecewise_linear_max_abs,0.001,0,fixed_mu,18400,1,7.816249778396313e-05,0.0038368034877642176,0.4926484023822099,0.4888115988944457
piecewise_linear_max_abs,0.001,0,fixed_mu,18500,1,7.816249778396313e-05,0.0037900654327033267,0.492608809677172,0.4888187442444687
piecewise_linear_max_abs,0.001,0,fixed_mu,18600,1,7.816249778396313e-05,0.003750404088462278,0.49257606571515367,0.4888256616266914
piecewise_linear_max_abs,0.001,0,fixed_mu,18700,1,7.816249778396313e-05,0.003710067458083499,0.49254213248650897,0.48883206502842547
piecewise_linear_max_abs,0.001,0,fixed_mu,18800,1,7.816249778396313e-05,0.0036687603017556136,0.49250654359875434,0.48883778329699873
piecewise_linear_max_abs,0.001,0,fixed_mu,18900,1,7.816249778396313e-05,0.003631888792067106,0.49247544272778637,0.48884355393571927
piecewise_linear_max_abs,0.001,0,fixed_mu,19000,1,7.816249778396313e-05,0.0035901677217852757,0.49243954342049945,0.4888493756987142
piecewise_linear_max_abs,0.001,0,fixed_mu,19100,1,7.816249778396313e-05,0.003551552264246749,0.4924070113728354,0.48885545910858863
piecewise_linear_max_abs,0.001,0,fixed_mu,19200,1,7.816249778396313e-05,0.0035117319685892823,0.4923728771525185,0.4888611451839292
piecewise_linear_max_abs,0.001,0,fixed_mu,19300,1,7.816249778396313e-05,0.0034774042515949843,0.49234452518799715,0.48886712093640217
piecewise_linear_max_abs,0.001,0,fixed_mu,19400,1,7.816249778396313e-05,0.0034419343167673144,0.4923143481899144,0.48887241387314706
piecewise_linear_max_abs,0.001,0,fixed_mu,19500,1,7.816249778396313e-05,0.003405424319456618,0.49228325885690255,0.48887783453744593
piecewise_linear_max_abs,0.001,0,fixed_mu,19600,1,7.816249778396313e-05,0.003367653497598322,0.4922506352740979,0.4888829817764996
piecewise_linear_max_abs,0.001,0,fixed_mu,19700,1,7.816249778396313e-05,0.0033305256147703743,0.492218730099053,0.4888882044842826
piecewise_linear_max_abs,0.001,0,fixed_mu,19800,1,7.816249778396313e-05,0.0032932595303770684,0.49218685106488813,0.48889359153451106
piecewise_linear_max_abs,0.001,0,fixed_mu,19900,1,7.816249778396313e-05,0.0032614642116085557,0.4921600152474789,0.4888985510358703
piecewise_linear_max_abs,0.001,0,fixed_mu,20000,1,7.816249778396313e-05,0.003229381354805827,0.49213269533832554,0.4889033139835197
piecewise_linear_max_abs,0.001,0,fixed_mu,20100,1,7.816249778396313e-05,0.0031956277148830203,0.49210394346694997,0.48890831575206695
piecewise_linear_max_abs,0.001,0,fixed_mu,20200,1,7.816249778396313e-05,0.0031627332983154566,0.4920767611783699,0.48891402788005445
piecewise_linear_max_abs,0.001,0,fixed_mu,20300,1,7.816249778396313e-05,0.003130417852817924,0.49205014226592164,0.4889197244131037
piecewise_linear_max_abs,0.001,0,fixed_mu,20400,1,7.816249778396313e-05,0.0030997082278185206,0.4920252180358301,0.4889255098080116
piecewise_linear_max_abs,0.001,0,fixed_mu,20500,1,7.816249778396313e-05,0.003075061927501954,0.49200830211868996,0.488933240191188
piecewise_linear_max_abs,0.001,0,fixed_mu,20600,1,7.816249778396313e-05,0.003044105839122402,0.4919835909249548,0.4889394850858324
piecewise_linear_max_abs,0.001,0,fixed_mu,20700,1,7.816249778396313e-05,0.0030100661787095806,0.49195503876215035,0.4889449725834408
piecewise_linear_max_abs,0.001,0,fixed_mu,20800,1,7.816249778396313e-05,0.002981058169813644,0.49193114484145983,0.4889500866716462
piecewise_linear_max_abs,0.001,0,fixed_mu,20900,1,7.816249778396313e-05,0.002947015062785774,0.49190209302361526,0.4889550779608295
piecewise_linear_max_abs,0.001,0,fixed_mu,21000,1,7.816249778396313e-05,0.002920982554520224,0.49188128976392276,0.48896030720940253
piecewise_linear_max_abs,0.001,0,fixed_mu,21100,1,7.816249778396313e-05,0.002897120023236721,0.4918625647888456,0.4889654447656089
piecewise_linear_max_abs,0.001,0,fixed_mu,21200,1,7.816249778396313e-05,0.002871174667987364,0.49184104256875105,0.4889698679007637
piecewise_linear_max_abs,0.001,0,fixed_mu,21300,1,7.816249778396313e-05,0.0028389796118861166,0.4918128217925056,0.48897384218061946
piecewise_linear_max_abs,0.001,0,fixed_mu,21400,1,7.816249778396313e-05,0.002811277043381244,0.49178917456943316,0.4889778975260519
piecewise_linear_max_abs,0.001,0,fixed_mu,21500,1,7.816249778396313e-05,0.0027851336651542047,0.4917674530988745,0.4889823194337203
piecewise_linear_max_abs,0.001,0,fixed_mu,21600,1,7.816249778396313e-05,0.0027546838855273537,0.49174130964533674,0.4889866257598094
piecewise_linear_max_abs,0.001,0,fixed_mu,21700,1,7.816249778396313e-05,0.0027264598510500226,0.49171715034845553,0.4889906904974055
piecewise_linear_max_abs,0.001,0,fixed_mu,21800,1,7.816249778396313e-05,0.0027019433656539915,0.49169675370227867,0.4889948103366247
piecewise_linear_max_abs,0.001,0,fixed_mu,21900,1,7.816249778396313e-05,0.0026799090887476007,0.4916788361245026,0.488998927035755
piecewise_linear_max_abs,0.001,0,fixed_mu,22000,1,7.816249778396313e-05,0.0026535373274625407,0.4916562761159747,0.48900273878851214
piecewise_linear_max_abs,0.001,0,fixed_mu,22100,1,7.816249778396313e-05,0.002630552391398311,0.4916368956924524,0.4890063433010541
piecewise_linear_max_abs,0.001,0,fixed_mu,22200,1,7.816249778396313e-05,0.0026067683505878736,0.49161684784789783,0.48901007949730996
piecewise_linear_max_abs,0.001,0,fixed_mu,22300,1,7.816249778396313e-05,0.002581098408655391,0.4915954324196582,0.4890143340110028
piecewise_linear_max_abs,0.001,0,fixed_mu,22400,1,7.816249778396313e-05,0.002555255818251001,0.49157362306529395,0.48901836724704295
piecewise_linear_max_abs,0.001,0,fixed_mu,22500,1,7.816249778396313e-05,0.0025321389645474035,0.4915538481998737,0.4890217092353263
piecewise_linear_max_abs,0.001,0,fixed_mu,22600,1,7.816249778396313e-05,0.0025099591828077195,0.4915347488650119,0.4890247896822042
piecewise_linear_max_abs,0.001,0,fixed_mu,22700,1,7.816249778396313e-05,0.002488459041212754,0.49151660652626555,0.4890281474850528
piecewise_linear_max_abs,0.001,0,fixed_mu,22800,1,7.816249778396313e-05,0.002465148365191794,0.49149685709341506,0.48903170872822327
piecewise_linear_max_abs,0.001,0,fixed_mu,22900,1,7.816249778396313e-05,0.0024427782571714296,0.49147807010101163,0.4890352918438402
piecewise_linear_max_abs,0.001,0,fixed_mu,23000,1,7.816249778396313e-05,0.0024219469329644916,0.4914606856955762,0.4890387387626117
piecewise_linear_max_abs,0.001,0,fixed_mu,23100,1,7.816249778396313e-05,0.002400634033764726,0.49144285187556014,0.4890422178417954
piecewise_linear_max_abs,0.001,0,fixed_mu,23200,1,7.816249778396313e-05,0.002376334689530024,0.4914217807442762,0.4890454460547462
piecewise_linear_max_abs,0.001,0,fixed_mu,23300,1,7.816249778396313e-05,0.0023532988427361623,0.491401996364853,0.4890486975221168
piecewise_linear_max_abs,0.001,0,fixed_mu,23400,1,7.816249778396313e-05,0.002333869303801528,0.49138585874417734,0.4890519894403758
piecewise_linear_max_abs,0.001,0,fixed_mu,23500,1,7.816249778396313e-05,0.002312749404781822,0.4913678712665325,0.48905512186175065
piecewise_linear_max_abs,0.001,0,fixed_mu,23600,1,7.816249778396313e-05,0.0022931253250918493,0.4913513065280625,0.4890581812029707
piecewise_linear_max_abs,0.001,0,fixed_mu,23700,1,7.816249778396313e-05,0.0022740875511614855,0.4913352427012889,0.48906115515012744
piecewise_linear_max_abs,0.001,0,fixed_mu,23800,1,7.816249778396313e-05,0.0022539944293740177,0.4913180313642388,0.4890640369348648
piecewise_linear_max_abs,0.001,0,fixed_mu,23900,1,7.816249778396313e-05,0.002233709799490058,0.49130061818786686,0.4890669083883768
piecewise_linear_max_abs,0.001,0,fixed_mu,24000,1,7.816249778396313e-05,0.0022148521134996435,0.4912846308289429,0.48906977871544327
piecewise_linear_max_abs,0.001,0,fixed_mu,24100,1,7.816249778396313e-05,0.002197530446539253,0.4912701163831152,0.48907258593657593
piecewise_linear_max_abs,0.001,0,fixed_mu,24200,1,7.816249778396313e-05,0.0021794603313938232,0.491254745895228,0.4890752855638342
piecewise_linear_max_abs,0.001,0,fixed_mu,24300,1,7.816249778396313e-05,0.0021594819023074696,0.4912374005659424,0.4890779186636349
piecewise_linear_max_abs,0.001,0,fixed_mu,24400,1,7.816249778396313e-05,0.002138744696392303,0.4912192987505545,0.4890805540541622
piecewise_linear_max_abs,0.001,0,fixed_mu,24500,1,7.816249778396313e-05,0.0021185058754710218,0.4912018229832108,0.4890833171077398
piecewise_linear_max_abs,0.001,0,fixed_mu,24600,1,7.816249778396313e-05,0.0021012195216955076,0.4911874347004167,0.4890862151787212
piecewise_linear_max_abs,0.001,0,fixed_mu,24700,1,7.816249778396313e-05,0.0020846760046557833,0.4911737183066723,0.4890890423020165
piecewise_linear_max_abs,0.001,0,fixed_mu,24800,1,7.816249778396313e-05,0.0020662596802838995,0.49115799636573004,0.48909173668544614
piecewise_linear_max_abs,0.001,0,fixed_mu,24900,1,7.816249778396313e-05,0.002050829159804979,0.49114514502940226,0.4890943158695973
piecewise_linear_max_abs,0.001,0,fixed_mu,25000,1,7.816249778396313e-05,0.002034681984755815,0.49113147474960345,0.48909679276484763
piecewise_linear_max_abs,0.001,0,fixed_mu,25100,1,7.816249778396313e-05,0.002017630280243099,0.4911168497349014,0.4890992194546583
piecewise_linear_max_abs,0.001,0,fixed_mu,25200,1,7.816249778396313e-05,0.001999867661286514,0.4911015604305284,0.48910169276924187
piecewise_linear_max_abs,0.001,0,fixed_mu,25300,1,7.816249778396313e-05,0.001981685914124176,0.49108594191190785,0.4891042559977837
piecewise_linear_max_abs,0.001,0,fixed_mu,25400,1,7.816249778396313e-05,0.001964037637099736,0.4910708821160745,0.4891068444789748
piecewise_linear_max_abs,0.001,0,fixed_mu,25500,1,7.816249778396313e-05,0.001947920321899943,0.49105729381001256,0.4891093734881126
piecewise_linear_max_abs,0.001,0,fixed_mu,25600,1,7.816249778396313e-05,0.001933151324943927,0.49104498710333483,0.4891118357783909
piecewise_linear_max_abs,0.001,0,fixed_mu,25700,1,7.816249778396313e-05,0.0019188418283399011,0.4910330830896032,0.4891142412612633
piecewise_linear_max_abs,0.001,0,fixed_mu,25800,1,7.816249778396313e-05,0.0019042002791220813,0.49102077743910416,0.4891165771599821
piecewise_linear_max_abs,0.001,0,fixed_mu,25900,1,7.816249778396313e-05,0.0018888763673955977,0.4910077225554036,0.489118846188008
piecewise_linear_max_abs,0.001,0,fixed_mu,26000,1,7.816249778396313e-05,0.0018730597813866878,0.49099411316667835,0.48912105338529166
piecewise_linear_max_abs,0.001,0,fixed_mu,26100,1,7.816249778396313e-05,0.0018572632741475914,0.49098045155928427,0.4891231882851367
piecewise_linear_max_abs,0.001,0,fixed_mu,26200,1,7.816249778396313e-05,0.001841816626800774,0.49096707648620985,0.4891252598594091
piecewise_linear_max_abs,0.001,0,fixed_mu,26300,1,7.816249778396313e-05,0.0018267367147352664,0.4909540440692533,0.48912730735451804
piecewise_linear_max_abs,0.001,0,fixed_mu,26400,1,7.816249778396313e-05,0.0018119970848691769,0.49094136847811903,0.48912937139324986
piecewise_linear_max_abs,0.001,0,fixed_mu,26500,1,7.816249778396313e-05,0.001797674668370497,0.4909291514723783,0.4891314768040078
piecewise_linear_max_abs,0.001,0,fixed_mu,26600,1,7.816249778396313e-05,0.0017838937248301212,0.4909175170001395,0.4891336232753094
piecewise_linear_max_abs,0.001,0,fixed_mu,26700,1,7.816249778396313e-05,0.001770663749588619,0.4909064380815076,0.48913577433191896
piecewise_linear_max_abs,0.001,0,fixed_mu,26800,1,7.816249778396313e-05,0.0017577888158587518,0.49089567185264543,0.4891378830367867
piecewise_linear_max_abs,0.001,0,fixed_mu,26900,1,7.816249778396313e-05,0.0017449714861034193,0.49088490139436386,0.48913992990826044
piecewise_linear_max_abs,0.001,0,fixed_mu,27000,1,7.816249778396313e-05,0.001731941152954719,0.4908738585521984,0.4891419173992437
piecewise_linear_max_abs,0.001,0,fixed_mu,27100,1,7.816249778396313e-05,0.0017185336922931893,0.4908623857474697,0.4891438520551765
piecewise_linear_max_abs,0.001,0,fixed_mu,27200,1,7.816249778396313e-05,0.0017047638853506797,0.49085050832122507,0.4891457444358744
piecewise_linear_max_abs,0.001,0,fixed_mu,27300,1,7.816249778396313e-05,0.0016907734076463399,0.4908383860565063,0.48914761264886
piecewise_linear_max_abs,0.001,0,fixed_mu,27400,1,7.816249778396313e-05,0.001676726775501125,0.49082619789441645,0.4891494711189153
piecewise_linear_max_abs,0.001,0,fixed_mu,27500,1,7.816249778396313e-05,0.0016628012793896696,0.4908141228715071,0.48915132159211744
piecewise_linear_max_abs,0.001,0,fixed_mu,27600,1,7.816249778396313e-05,0.0016491406675238074,0.49080230165038263,0.4891531609828588
piecewise_linear_max_abs,0.001,0,fixed_mu,27700,1,7.816249778396313e-05,0.0016362349206599514,0.4907912245978115,0.48915498967715154
piecewise_linear_max_abs,0.001,0,fixed_mu,27800,1,7.816249778396313e-05,0.0016238313227714962,0.49078064146398664,0.48915681014121515
piecewise_linear_max_abs,0.001,0,fixed_mu,27900,1,7.816249778396313e-05,0.0016113620518890537,0.49076998848628006,0.489158626434391
piecewise_linear_max_abs,0.001,0,fixed_mu,28000,1,7.816249778396313e-05,0.0015989057031162157,0.4907593461654397,0.4891604404623235
piecewise_linear_max_abs,0.001,0,fixed_mu,28100,1,7.816249778396313e-05,0.001586464451399372,0.4907487066564939,0.4891622422050945
piecewise_linear_max_abs,0.001,0,fixed_mu,28200,1,7.816249778396313e-05,0.0015739280390731358,0.4907379486844804,0.48916402064540726
piecewise_linear_max_abs,0.001,0,fixed_mu,28300,1,7.816249778396313e-05,0.0015611422586492285,0.49072695375755404,0.4891658114989048
piecewise_linear_max_abs,0.001,0,fixed_mu,28400,1,7.816249778396313e-05,0.0015487146127197149,0.4907164477656342,0.4891677331529145
piecewise_linear_max_abs,0.001,0,fixed_mu,28500,1,7.816249778396313e-05,0.001536547745257355,0.4907062888463601,0.48916974110110273
piecewise_linear_max_abs,0.001,0,fixed_mu,28600,1,7.816249778396313e-05,0.0015258890095597999,0.49069755812734783,0.48917166911778803
piecewise_linear_max_abs,0.001,0,fixed_mu,28700,1,7.816249778396313e-05,0.001516138977699255,0.49068968249800954,0.4891735435203103
piecewise_linear_max_abs,0.001,0,fixed_mu,28800,1,7.816249778396313e-05,0.0015062632236794715,0.49068166655692097,0.4891754033332415
piecewise_linear_max_abs,0.001,0,fixed_mu,28900,1,7.816249778396313e-05,0.0014964356625783992,0.4906736409085435,0.4891772052459651
piecewise_linear_max_abs,0.001,0,fixed_mu,29000,1,7.816249778396313e-05,0.0014866773356653207,0.49066557991308835,0.489178902577423
piecewise_linear_max_abs,0.001,0,fixed_mu,29100,1,7.816249778396313e-05,0.0014766510513036235,0.4906571578806776,0.489180506829374
piecewise_linear_max_abs,0.001,0,fixed_mu,29200,1,7.816249778396313e-05,0.0014663717593877967,0.4906483964063671,0.4891820246469793
piecewise_linear_max_abs,0.001,0,fixed_mu,29300,1,7.816249778396313e-05,0.0014561594723667692,0.4906396252328906,0.48918346576052385
piecewise_linear_max_abs,0.001,0,fixed_mu,29400,1,7.816249778396313e-05,0.0014459469552995374,0.49063084176551963,0.4891848948102201
piecewise_linear_max_abs,0.001,0,fixed_mu,29500,1,7.816249778396313e-05,0.0014352282133967553,0.49062159167268427,0.4891863634592875
piecewise_linear_max_abs,0.001,0,fixed_mu,29600,1,7.816249778396313e-05,0.0014238675143067314,0.4906117445825471,0.48918787706824035
piecewise_linear_max_abs,0.001,0,fixed_mu,29700,1,7.816249778396313e-05,0.0014124656253254875,0.49060189605427834,0.48918943042895285
piecewise_linear_max_abs,0.001,0,fixed_mu,29800,1,7.816249778396313e-05,0.0014015829769407073,0.4905925758545915,0.4891909928776508
piecewise_linear_max_abs,0.001,0,fixed_mu,29900,1,7.816249778396313e-05,0.0013911810938011526,0.4905836967479602,0.48919251565415905
piecewise_linear_max_abs,0.001,0,fixed_mu,30000,1,7.816249778396313e-05,0.0013811350269944955,0.4905751130910819,0.48919397806408743
piecewise_linear_max_abs,0.001,0,fixed_mu,30100,1,7.816249778396313e-05,0.0013715469440774841,0.49056694658129985,0.48919539963722236
piecewise_linear_max_abs,0.001,0,fixed_mu,30200,1,7.816249778396313e-05,0.0013623820653084762,0.49055919835305534,0.48919681628774686
piecewise_linear_max_abs,0.001,0,fixed_mu,30300,1,7.816249778396313e-05,0.0013533283110833683,0.49055157652049375,0.4891982482094104
piecewise_linear_max_abs,0.001,0,fixed_mu,30400,1,7.816249778396313e-05,0.0013441106359243782,0.4905437947055384,0.489199684069614
piecewise_linear_max_abs,0.001,0,fixed_mu,30500,1,7.816249778396313e-05,0.00133471178430844,0.490535806785445,0.48920109500113657
piecewise_linear_max_abs,0.001,0,fixed_mu,30600,1,7.816249778396313e-05,0.001325237751427566,0.4905277013864864,0.4892024636350588
piecewise_linear_max_abs,0.001,0,fixed_mu,30700,1,7.816249778396313e-05,0.0013156863013152331,0.49051950586788834,0.4892038195665731
piecewise_linear_max_abs,0.001,0,fixed_mu,30800,1,7.816249778396313e-05,0.0013055745954977938,0.49051090015806315,0.48920532556256535
piecewise_linear_max_abs,0.001,0,fixed_mu,30900,1,7.816249778396313e-05,0.0012947150450297595,0.4905018000175117,0.48920708497248194
piecewise_linear_max_abs,0.001,0,fixed_mu,31000,1,7.816249778396313e-05,0.0012855260107074717,0.490494280655479,0.48920875464477154
piecewise_linear_max_abs,0.001,0,fixed_mu,31100,1,7.816249778396313e-05,0.001276938688017093,0.49048741791886535,0.48921047923084826
piecewise_linear_max_abs,0.001,0,fixed_mu,31200,1,7.816249778396313e-05,0.0012694191970367141,0.49048177563877665,0.48921235644173994
piecewise_linear_max_abs,0.001,0,fixed_mu,31300,1,7.816249778396313e-05,0.0012627645037298074,0.4904770781354658,0.489214313631736
piecewise_linear_max_abs,0.001,0,fixed_mu,31400,1,7.816249778396313e-05,0.0012544669121189456,0.49047064072457336,0.4892161738124544
piecewise_linear_max_abs,0.001,0,fixed_mu,31500,1,7.816249778396313e-05,0.0012444793063088877,0.49046232188973515,0.48921784258342627
piecewise_linear_max_abs,0.001,0,fixed_mu,31600,1,7.816249778396313e-05,0.0012383581972619795,0.4904576741359328,0.4892193159386708
piecewise_linear_max_abs,0.001,0,fixed_mu,31700,1,7.816249778396313e-05,0.0012309316462648656,0.49045156078757246,0.4892206291413076
piecewise_linear_max_abs,0.001,0,fixed_mu,31800,1,7.816249778396313e-05,0.0012219836364638081,0.49044383195051083,0.489221848314047
piecewise_linear_max_abs,0.001,0,fixed_mu,31900,1,7.816249778396313e-05,0.0012123764186988684,0.4904354047710253,0.48922302835232645
piecewise_linear_max_abs,0.001,0,fixed_mu,32000,1,7.816249778396313e-05,0.0012030279955909662,0.4904272202590642,0.48922419226347325
piecewise_linear_max_abs,0.001,0,fixed_mu,32100,1,7.816249778396313e-05,0.0011941757217428517,0.4904195079569262,0.48922533223518333
piecewise_linear_max_abs,0.001,0,fixed_mu,32200,1,7.816249778396313e-05,0.0011855767382161764,0.49041199698935656,0.4892264202511404
piecewise_linear_max_abs,0.001,0,fixed_mu,32300,1,7.816249778396313e-05,0.0011769646309249815,0.4904044148738453,0.4892274502429203
piecewise_linear_max_abs,0.001,0,fixed_mu,32400,1,7.816249778396313e-05,0.0011681780780948836,0.4903966444049084,0.4892284663268135
piecewise_linear_max_abs,0.001,0,fixed_mu,32500,1,7.816249778396313e-05,0.0011591900957951817,0.490388726880586,0.4892295367847908
piecewise_linear_max_abs,0.001,0,fixed_mu,32600,1,7.816249778396313e-05,0.0011501717445302484,0.4903808648062414,0.48923069306171113
piecewise_linear_max_abs,0.001,0,fixed_mu,32700,1,7.816249778396313e-05,0.0011418431572491339,0.49037374597887967,0.48923190282163054
piecewise_linear_max_abs,0.001,0,fixed_mu,32800,1,7.816249778396313e-05,0.0011352180825194291,0.4903683391358612,0.48923312105334177
piecewise_linear_max_abs,0.001,0,fixed_mu,32900,1,7.816249778396313e-05,0.0011284028430038062,0.49036272233275763,0.4892343194897538
piecewise_linear_max_abs,0.001,0,fixed_mu,33000,1,7.816249778396313e-05,0.0011213168671657114,0.4903567992397079,0.48923548237254216
piecewise_linear_max_abs,0.001,0,fixed_mu,33100,1,7.816249778396313e-05,0.0011139412579539987,0.49035056496597906,0.48923662370802506
piecewise_linear_max_abs,0.001,0,fixed_mu,33200,1,7.816249778396313e-05,0.0011061294026102897,0.49034388929335404,0.48923775989074375
piecewise_linear_max_abs,0.001,0,fixed_mu,33300,1,7.816249778396313e-05,0.001097983052923801,0.49033687054600994,0.48923888749308614
piecewise_linear_max_abs,0.001,0,fixed_mu,33400,1,7.816249778396313e-05,0.0010899006244322051,0.49032990552401307,0.48924000489958086
piecewise_linear_max_abs,0.001,0,fixed_mu,33500,1,7.816249778396313e-05,0.00108217477596112,0.49032329593791746,0.48924112116195634
piecewise_linear_max_abs,0.001,0,fixed_mu,33600,1,7.816249778396313e-05,0.001074756601743998,0.4903170000290092,0.4892422434272652
piecewise_linear_max_abs,0.001,0,fixed_mu,33700,1,7.816249778396313e-05,0.0010674736794729633,0.4903108401804869,0.4892433665010139
piecewise_linear_max_abs,0.001,0,fixed_mu,33800,1,7.816249778396313e-05,0.0010602768752409064,0.49030475602761125,0.48924447915237035
piecewise_linear_max_abs,0.001,0,fixed_mu,33900,1,7.816249778396313e-05,0.0010532274140206965,0.49029880377946955,0.48924557636544885
piecewise_linear_max_abs,0.001,0,fixed_mu,34000,1,7.816249778396313e-05,0.0010463704274016883,0.49029303225268933,0.48924666182528764
piecewise_linear_max_abs,0.001,0,fixed_mu,34100,1,7.816249778396313e-05,0.0010396988648910255,0.49028743790473367,0.48924773903984264
piecewise_linear_max_abs,0.001,0,fixed_mu,34200,1,7.816249778396313e-05,0.0010331752081613743,0.4902819805449848,0.4892488053368234
piecewise_linear_max_abs,0.001,0,fixed_mu,34300,1,7.816249778396313e-05,0.0010267045132572594,0.4902765648470385,0.48924986033378126
piecewise_linear_max_abs,0.001,0,fixed_mu,34400,1,7.816249778396313e-05,0.0010201329015006033,0.4902710378841564,0.4892509049826558
piecewise_linear_max_abs,0.001,0,fixed_mu,34500,1,7.816249778396313e-05,0.001013356759108186,0.490265287597788,0.4892519308386798
piecewise_linear_max_abs,0.001,0,fixed_mu,34600,1,7.816249778396313e-05,0.0010064111174047374,0.4902593357529887,0.48925292463558395
piecewise_linear_max_abs,0.001,0,fixed_mu,34692,1,7.816249778396313e-05,0.0009999587408643928,0.49025376358883976,0.48925380484797537
piecewise_linear_max_abs,0.001,0,continuation_mu,0,1,0.000625299982271705,7.808574441019185,0.9918076835657803,-6.816766757453404
piecewise_linear_max_abs,0.001,0,continuation_mu,1,1,0.000625299982271705,7.808085133977842,0.9913183765244383,-6.816766757453404
piecewise_linear_max_abs,0.001,0,continuation_mu,100,1,0.000625299982271705,1.9228835014555807,0.9268751134772478,-0.9960083879783329
piecewise_linear_max_abs,0.001,0,continuation_mu,200,1,0.000625299982271705,1.1013011446144358,0.8715213518828839,-0.2297797927315519
piecewise_linear_max_abs,0.001,0,continuation_mu,300,1,0.000625299982271705,0.8542035350550357,0.8260537262574832,-0.028149808797552467
piecewise_linear_max_abs,0.001,0,continuation_mu,400,1,0.000625299982271705,0.670663021648971,0.7829924447074679,0.11232942305849691
piecewise_linear_max_abs,0.001,0,continuation_mu,500,1,0.000625299982271705,0.5350510503886085,0.746216919585748,0.21116586919713953
piecewise_linear_max_abs,0.001,0,continuation_mu,600,1,0.000625299982271705,0.42332027337662603,0.7163223000094906,0.29300202663286457
piecewise_linear_max_abs,0.001,0,continuation_mu,700,1,0.000625299982271705,0.34872370640269357,0.6917922085333266,0.343068502130633
piecewise_linear_max_abs,0.001,0,continuation_mu,800,1,0.000625299982271705,0.294617260098216,0.6700178622144445,0.3754006021162285
piecewise_linear_max_abs,0.001,0,continuation_mu,900,1,0.000625299982271705,0.25315676059449455,0.648529676649763,0.3953729160552685
piecewise_linear_max_abs,0.001,0,continuation_mu,1000,1,0.000625299982271705,0.21878872101665792,0.6297549757308374,0.41096625471417947
piecewise_linear_max_abs,0.001,0,continuation_mu,1100,1,0.000625299982271705,0.18793919338632242,0.6125057768617741,0.4245665834754517
piecewise_linear_max_abs,0.001,0,continuation_mu,1200,1,0.000625299982271705,0.15778412165190814,0.5970324397182668,0.43924831806635867
piecewise_linear_max_abs,0.001,0,continuation_mu,1300,1,0.000625299982271705,0.1345866546688524,0.5832902801112683,0.4487036254424159
piecewise_linear_max_abs,0.001,0,continuation_mu,1400,1,0.000625299982271705,0.11400936562003527,0.5716260338240367,0.4576166682040014
piecewise_linear_max_abs,0.001,0,continuation_mu,1500,1,0.000625299982271705,0.0979689636548649,0.5614922020459971,0.46352323839113224
piecewise_linear_max_abs,0.001,0,continuation_mu,1600,1,0.000625299982271705,0.08452249212725532,0.5532769922232813,0.468754500096026
piecewise_linear_max_abs,0.001,0,continuation_mu,1700,1,0.000625299982271705,0.07331685149410921,0.5455672382811958,0.4722503867870866
piecewise_linear_max_abs,0.001,0,continuation_mu,1800,1,0.000625299982271705,0.0641550083148622,0.5389066428071216,0.47475163449225943
piecewise_linear_max_abs,0.001,0,continuation_mu,1900,1,0.000625299982271705,0.05694123760929615,0.5333297598218476,0.47638852221255146
piecewise_linear_max_abs,0.001,0,continuation_mu,2000,1,0.000625299982271705,0.05014823749565667,0.5290118176379898,0.4788635801423331
piecewise_linear_max_abs,0.001,0,continuation_mu,2100,1,0.000625299982271705,0.04512767714215116,0.5247531577300573,0.4796254805879061
piecewise_linear_max_abs,0.001,0,continuation_mu,2200,1,0.000625299982271705,0.040982881410796645,0.5215121139331482,0.4805292325223516
piecewise_linear_max_abs,0.001,0,continuation_mu,2300,1,0.000625299982271705,0.03758673273779117,0.5193237168554335,0.4817369841176424
piecewise_linear_max_abs,0.001,0,continuation_mu,2400,1,0.000625299982271705,0.03346734887048858,0.5164596418849392,0.4829922930144506
piecewise_linear_max_abs,0.001,0,continuation_mu,2500,1,0.000625299982271705,0.030862890440422786,0.5144145644223094,0.4835516739818866
piecewise_linear_max_abs,0.001,0,continuation_mu,2600,1,0.000625299982271705,0.027944236996993777,0.5120560497231927,0.48411181272619896
piecewise_linear_max_abs,0.001,0,continuation_mu,2700,1,0.000625299982271705,0.02571099741698979,0.5102192396374632,0.4845082422204734
piecewise_linear_max_abs,0.001,0,continuation_mu,2800,1,0.000625299982271705,0.023982634074731335,0.5088818968007625,0.4848992627260311
piecewise_linear_max_abs,0.001,0,continuation_mu,2900,1,0.000625299982271705,0.022242666572764414,0.5073991959340712,0.4851565293613068
piecewise_linear_max_abs,0.001,0,continuation_mu,3000,1,0.000625299982271705,0.02076366623667575,0.5062628603908944,0.48549919415421866
piecewise_linear_max_abs,0.001,0,continuation_mu,3100,1,0.000625299982271705,0.019347212284833493,0.5051929729908734,0.4858457607060399
piecewise_linear_max_abs,0.001,0,continuation_mu,3200,1,0.000625299982271705,0.017814888371138093,0.5039772388309576,0.4861623504598195
piecewise_linear_max_abs,0.001,0,continuation_mu,3300,1,0.000625299982271705,0.01683616263864285,0.5032074039044253,0.48637124126578246
piecewise_linear_max_abs,0.001,0,continuation_mu,3400,1,0.000625299982271705,0.015772469080251206,0.5023295426141394,0.4865570735338882
piecewise_linear_max_abs,0.001,0,continuation_mu,3500,1,0.000625299982271705,0.014887659135306985,0.5015871433450219,0.48669948420971487
piecewise_linear_max_abs,0.001,0,continuation_mu,3600,1,0.000625299982271705,0.013986733375465799,0.500797054975254,0.48681032159978815
piecewise_linear_max_abs,0.001,0,continuation_mu,3700,1,0.000625299982271705,0.013095781725449951,0.5000199817106239,0.48692419998517394
piecewise_linear_max_abs,0.001,0,continuation_mu,3800,1,0.000625299982271705,0.012567504892553705,0.49969351018821523,0.4871260052956615
piecewise_linear_max_abs,0.001,0,continuation_mu,3900,1,0.000625299982271705,0.011820002347978031,0.4990474541933054,0.48722745184532734
piecewise_linear_max_abs,0.001,0,continuation_mu,4000,1,0.000625299982271705,0.011365033693209792,0.4986990847523786,0.4873340510591688
piecewise_linear_max_abs,0.001,0,continuation_mu,4100,1,0.000625299982271705,0.010738323131840533,0.49815533552076596,0.48741701238892543
piecewise_linear_max_abs,0.001,0,continuation_mu,4200,1,0.000625299982271705,0.010190108233719741,0.4977529709982016,0.48756286276448185
piecewise_linear_max_abs,0.001,0,continuation_mu,4300,1,0.000625299982271705,0.009784494677740507,0.49746075910636806,0.48767626442862755
piecewise_linear_max_abs,0.001,0,continuation_mu,4400,1,0.000625299982271705,0.009333576691396284,0.49717354936752245,0.48783997267612617
piecewise_linear_max_abs,0.001,0,continuation_mu,4500,1,0.000625299982271705,0.0088638929073106,0.49680776865759235,0.48794387575028175
piecewise_linear_max_abs,0.001,0,continuation_mu,4600,1,0.000625299982271705,0.008461316877043545,0.49649928021425144,0.4880379633372079
piecewise_linear_max_abs,0.001,0,continuation_mu,4700,1,0.000625299982271705,0.008088492527469182,0.49618739653906474,0.48809890401159556
piecewise_linear_max_abs,0.001,0,continuation_mu,4800,1,0.000625299982271705,0.0077825598711314115,0.4959409525098948,0.48815839263876337
piecewise_linear_max_abs,0.001,0,continuation_mu,4900,1,0.000625299982271705,0.007467305193218365,0.49568566815491893,0.48821836296170057
piecewise_linear_max_abs,0.001,0,continuation_mu,5000,1,0.000625299982271705,0.007192351535593888,0.4954639177610292,0.4882715662254353
piecewise_linear_max_abs,0.001,0,continuation_mu,5100,1,0.000625299982271705,0.00688106327311927,0.49521336374142677,0.4883323004683075
piecewise_linear_max_abs,0.001,0,continuation_mu,5200,1,0.000625299982271705,0.006673587952778726,0.4950543424969622,0.48838075454418345
piecewise_linear_max_abs,0.001,0,continuation_mu,5300,1,0.000625299982271705,0.006358977684137512,0.4947811478343111,0.4884221701501736
piecewise_linear_max_abs,0.001,0,continuation_mu,5400,1,0.000625299982271705,0.00620888223596977,0.4946756549418628,0.488466772705893
piecewise_linear_max_abs,0.001,0,continuation_mu,5500,1,0.000625299982271705,0.005932611114827069,0.49443329731684355,0.4885006862020165
piecewise_linear_max_abs,0.001,0,continuation_mu,5600,1,0.000625299982271705,0.0057152704637802865,0.4942524304556397,0.4885371599918594
piecewise_linear_max_abs,0.001,0,continuation_mu,5700,1,0.000625299982271705,0.005547017160014933,0.49412426236138696,0.488577245201372
piecewise_linear_max_abs,0.001,0,continuation_mu,5800,1,0.000625299982271705,0.005370810505015533,0.4939774080058898,0.48860659750087426
piecewise_linear_max_abs,0.001,0,continuation_mu,5900,1,0.000625299982271705,0.005132509465164192,0.4937699154517742,0.48863740598661
piecewise_linear_max_abs,0.001,0,continuation_mu,6000,1,0.000625299982271705,0.004972205198411739,0.49364047627144714,0.4886682710730354
piecewise_linear_max_abs,0.001,0,continuation_mu,6100,1,0.000625299982271705,0.0048496343293188415,0.4935469597127479,0.4886973253834291
piecewise_linear_max_abs,0.001,0,continuation_mu,6200,1,0.000625299982271705,0.004673851121627437,0.4933991131957342,0.48872526207410677
piecewise_linear_max_abs,0.001,0,continuation_mu,6300,1,0.000625299982271705,0.00450919348658485,0.49325795764342395,0.4887487641568391
piecewise_linear_max_abs,0.001,0,continuation_mu,6400,1,0.000625299982271705,0.004397905148709191,0.4931652839333547,0.4887673787846455
piecewise_linear_max_abs,0.001,0,continuation_mu,6500,1,0.000625299982271705,0.004298246110945703,0.4930843161506797,0.488786070039734
piecewise_linear_max_abs,0.001,0,continuation_mu,6600,1,0.000625299982271705,0.004172597605235695,0.4929782472677788,0.4888056496625431
piecewise_linear_max_abs,0.001,0,continuation_mu,6700,1,0.000625299982271705,0.004042858346598899,0.49286685174017736,0.48882399339357846
piecewise_linear_max_abs,0.001,0,continuation_mu,6736,1,0.000625299982271705,0.003998873785922119,0.49282866879909537,0.48882979501317325
piecewise_linear_max_abs,0.001,0,continuation_mu,6737,2,0.0003126499911358525,0.26455004238772406,0.4928228321637366,0.22827278977601256
piecewise_linear_max_abs,0.001,0,continuation_mu,6800,2,0.0003126499911358525,3.115857523132827,0.9623503048244463,-2.1535072183083805
piecewise_linear_max_abs,0.001,0,continuation_mu,6900,2,0.0003126499911358525,1.7650512086187766,0.9158645078044179,-0.8491867008143589
piecewise_linear_max_abs,0.001,0,continuation_mu,7000,2,0.0003126499911358525,1.1467465244724226,0.8765676109475025,-0.2701789135249201
piecewise_linear_max_abs,0.001,0,continuation_mu,7100,2,0.0003126499911358525,0.9166128954460981,0.8457873959351436,-0.07082549951095451
piecewise_linear_max_abs,0.001,0,continuation_mu,7200,2,0.0003126499911358525,0.8215612687539797,0.8117755358050817,-0.009785732948898063
piecewise_linear_max_abs,0.001,0,continuation_mu,7300,2,0.0003126499911358525,0.6719847277231356,0.7827702376586472,0.11078550993551162
piecewise_linear_max_abs,0.001,0,continuation_mu,7400,2,0.0003126499911358525,0.5697750724598519,0.7563454980393766,0.18657042557952463
piecewise_linear_max_abs,0.001,0,continuation_mu,7500,2,0.0003126499911358525,0.49227508243725226,0.7322582968070112,0.2399832143697589
piecewise_linear_max_abs,0.001,0,continuation_mu,7600,2,0.0003126499911358525,0.41473464030220275,0.7128926581186636,0.2981580178164609
piecewise_linear_max_abs,0.001,0,continuation_mu,7700,2,0.0003126499911358525,0.3620356294288385,0.69567678890452,0.3336411594756815
piecewise_linear_max_abs,0.001,0,continuation_mu,7800,2,0.0003126499911358525,0.314763566714245,0.6802987719571008,0.36553520524285577
piecewise_linear_max_abs,0.001,0,continuation_mu,7900,2,0.0003126499911358525,0.2855694618466124,0.6644950755873484,0.378925613740736
piecewise_linear_max_abs,0.001,0,continuation_mu,8000,2,0.0003126499911358525,0.25499528533037435,0.6495322410033956,0.3945369556730212
piecewise_linear_max_abs,0.001,0,continuation_mu,8100,2,0.0003126499911358525,0.22833101040782922,0.6363111213199029,0.40798011091207365
piecewise_linear_max_abs,0.001,0,continuation_mu,8200,2,0.0003126499911358525,0.20566882395278163,0.6232085879042383,0.41753976395145664
piecewise_linear_max_abs,0.001,0,continuation_mu,8300,2,0.0003126499911358525,0.18431825538575575,0.6101755194225476,0.4258572640367918
piecewise_linear_max_abs,0.001,0,continuation_mu,8400,2,0.0003126499911358525,0.1640429226160251,0.5989122421265155,0.4348693195104904
piecewise_linear_max_abs,0.001,0,continuation_mu,8500,2,0.0003126499911358525,0.14412439639202151,0.5901207011925126,0.4459963048004911
piecewise_linear_max_abs,0.001,0,continuation_mu,8600,2,0.0003126499911358525,0.12986927118611374,0.5808098750162359,0.4509406038301222
piecewise_linear_max_abs,0.001,0,continuation_mu,8700,2,0.0003126499911358525,0.1149961758121466,0.5727660599108703,0.45776988409872366
piecewise_linear_max_abs,0.001,0,continuation_mu,8800,2,0.0003126499911358525,0.10355550343685949,0.5645029238472798,0.46094742041042036
piecewise_linear_max_abs,0.001,0,continuation_mu,8900,2,0.0003126499911358525,0.09234038149416501,0.5584475584158171,0.46610717692165204
piecewise_linear_max_abs,0.001,0,continuation_mu,9000,2,0.0003126499911358525,0.08265928711211235,0.5524642665835808,0.4698049794714685
piecewise_linear_max_abs,0.001,0,continuation_mu,9100,2,0.0003126499911358525,0.07491957819266193,0.5467942013045803,0.4718746231119184
piecewise_linear_max_abs,0.001,0,continuation_mu,9200,2,0.0003126499911358525,0.06822701290656485,0.5421736477638056,0.47394663485724076
piecewise_linear_max_abs,0.001,0,continuation_mu,9300,2,0.0003126499911358525,0.062328806193298836,0.5377054406278221,0.47537663443452327
piecewise_linear_max_abs,0.001,0,continuation_mu,9400,2,0.0003126499911358525,0.05712350731420168,0.5339020932561944,0.47677858594199274
piecewise_linear_max_abs,0.001,0,continuation_mu,9500,2,0.0003126499911358525,0.05219786086725964,0.5303168735300541,0.47811901266279444
piecewise_linear_max_abs,0.001,0,continuation_mu,9600,2,0.0003126499911358525,0.048508274712921406,0.5272264663609535,0.4787181916480321
piecewise_linear_max_abs,0.001,0,continuation_mu,9700,2,0.0003126499911358525,0.044857986612382605,0.5244081043007034,0.4795501176883208
piecewise_linear_max_abs,0.001,0,continuation_mu,9800,2,0.0003126499911358525,0.04145142510043415,0.5218474598001832,0.48039603469974906
piecewise_linear_max_abs,0.001,0,continuation_mu,9900,2,0.0003126499911358525,0.0386622356777927,0.5199788282035984,0.4813165925258057
piecewise_linear_max_abs,0.001,0,continuation_mu,10000,2,0.0003126499911358525,0.03604159230463366,0.5181658833119032,0.4821242910072695
piecewise_linear_max_abs,0.001,0,continuation_mu,10100,2,0.0003126499911358525,0.03356114912798397,0.5167038657046581,0.4831427165766741
piecewise_linear_max_abs,0.001,0,continuation_mu,10200,2,0.0003126499911358525,0.03119729653761749,0.5148528463036035,0.483655549765986
piecewise_linear_max_abs,0.001,0,continuation_mu,10300,2,0.0003126499911358525,0.029412743126240093,0.5134583586073658,0.4840456154811257
piecewise_linear_max_abs,0.001,0,continuation_mu,10400,2,0.0003126499911358525,0.02762165368113101,0.5119206175569055,0.48429896387577454
piecewise_linear_max_abs,0.001,0,continuation_mu,10500,2,0.0003126499911358525,0.026133970398450113,0.5107603382817038,0.48462636788325364
piecewise_linear_max_abs,0.001,0,continuation_mu,10600,2,0.0003126499911358525,0.024608607481866884,0.509412101701984,0.48480349422011715
piecewise_linear_max_abs,0.001,0,continuation_mu,10700,2,0.0003126499911358525,0.023398282889926902,0.5084158762996227,0.4850175934096958
piecewise_linear_max_abs,0.001,0,continuation_mu,10800,2,0.0003126499911358525,0.022312234731692415,0.5075025843695173,0.4851903496378249
piecewise_linear_max_abs,0.001,0,continuation_mu,10900,2,0.0003126499911358525,0.021135546464530308,0.5066259140873547,0.4854903676228244
piecewise_linear_max_abs,0.001,0,continuation_mu,11000,2,0.0003126499911358525,0.01998619090759557,0.5057110464307936,0.485724855523198
piecewise_linear_max_abs,0.001,0,continuation_mu,11100,2,0.0003126499911358525,0.01904137913325299,0.504985035505822,0.485943656372569
piecewise_linear_max_abs,0.001,0,continuation_mu,11200,2,0.0003126499911358525,0.018100447961083455,0.5043384060864986,0.48623795812541515
piecewise_linear_max_abs,0.001,0,continuation_mu,11300,2,0.0003126499911358525,0.017306037413508002,0.5036864029522807,0.48638036553877273
piecewise_linear_max_abs,0.001,0,continuation_mu,11400,2,0.0003126499911358525,0.016494964395741385,0.503050078256921,0.48655511386117967
piecewise_linear_max_abs,0.001,0,continuation_mu,11500,2,0.0003126499911358525,0.015875521346623234,0.5025275623133048,0.4866520409666815
piecewise_linear_max_abs,0.001,0,continuation_mu,11600,2,0.0003126499911358525,0.015053379653496957,0.5017912946882894,0.48673791503479247
piecewise_linear_max_abs,0.001,0,continuation_mu,11700,2,0.0003126499911358525,0.014479413847765077,0.5013034093115273,0.4868239954637622
piecewise_linear_max_abs,0.001,0,continuation_mu,11800,2,0.0003126499911358525,0.013927105730438483,0.5008294638429625,0.48690235811252397
piecewise_linear_max_abs,0.001,0,continuation_mu,11900,2,0.0003126499911358525,0.013441765086004476,0.500496412016491,0.4870546469304865
piecewise_linear_max_abs,0.001,0,continuation_mu,12000,2,0.0003126499911358525,0.01281210254170928,0.4999544854851802,0.4871423829434709
piecewise_linear_max_abs,0.001,0,continuation_mu,12100,2,0.0003126499911358525,0.012269462555415889,0.4994829572255083,0.4872134946700924
piecewise_linear_max_abs,0.001,0,continuation_mu,12200,2,0.0003126499911358525,0.01187550943725213,0.4991793767969489,0.4873038673596968
piecewise_linear_max_abs,0.001,0,continuation_mu,12300,2,0.0003126499911358525,0.011410130895994741,0.4987924745062928,0.4873823436102981
piecewise_linear_max_abs,0.001,0,continuation_mu,12400,2,0.0003126499911358525,0.010988852689443274,0.4984259878692191,0.4874371351797758
piecewise_linear_max_abs,0.001,0,continuation_mu,12500,2,0.0003126499911358525,0.010587779390003493,0.49808162853905685,0.48749384914905336
piecewise_linear_max_abs,0.001,0,continuation_mu,12600,2,0.0003126499911358525,0.010267960718434,0.49782234481441173,0.48755438409597773
piecewise_linear_max_abs,0.001,0,continuation_mu,12700,2,0.0003126499911358525,0.009879915094685332,0.4974720814136562,0.48759216631897084
piecewise_linear_max_abs,0.001,0,continuation_mu,12800,2,0.0003126499911358525,0.009567123011689993,0.4972343411327682,0.4876672181210782
piecewise_linear_max_abs,0.001,0,continuation_mu,12900,2,0.0003126499911358525,0.009256468783828964,0.4970084833441288,0.4877520145602998
piecewise_linear_max_abs,0.001,0,continuation_mu,13000,2,0.0003126499911358525,0.008962888578938788,0.49684382199978844,0.48788093342084965
piecewise_linear_max_abs,0.001,0,continuation_mu,13100,2,0.0003126499911358525,0.008601625427911763,0.4965730430223998,0.48797141759448803
piecewise_linear_max_abs,0.001,0,continuation_mu,13200,2,0.0003126499911358525,0.00831687931081282,0.4963563323773595,0.48803945306654667
piecewise_linear_max_abs,0.001,0,continuation_mu,13300,2,0.0003126499911358525,0.008040587675239408,0.4961414274740544,0.48810083979881497
piecewise_linear_max_abs,0.001,0,continuation_mu,13400,2,0.0003126499911358525,0.00777480496267835,0.4959270058647033,0.48815220090202494
piecewise_linear_max_abs,0.001,0,continuation_mu,13500,2,0.0003126499911358525,0.007584678264273337,0.4957989418954395,0.48821426363116616
piecewise_linear_max_abs,0.001,0,continuation_mu,13600,2,0.0003126499911358525,0.0073016886564460926,0.4955734597363394,0.4882717710798933
piecewise_linear_max_abs,0.001,0,continuation_mu,13700,2,0.0003126499911358525,0.00712930518137761,0.4954356105237797,0.4883063053424021
piecewise_linear_max_abs,0.001,0,continuation_mu,13800,2,0.0003126499911358525,0.006896876153363263,0.49523075213121104,0.4883338759778478
piecewise_linear_max_abs,0.001,0,continuation_mu,13900,2,0.0003126499911358525,0.006671576541241286,0.4950361318540133,0.488364555312772
piecewise_linear_max_abs,0.001,0,continuation_mu,14000,2,0.0003126499911358525,0.006512468395351523,0.4949053122309943,0.4883928438356428
piecewise_linear_max_abs,0.001,0,continuation_mu,14100,2,0.0003126499911358525,0.006300695091541408,0.49472742289745936,0.48842672780591795
piecewise_linear_max_abs,0.001,0,continuation_mu,14200,2,0.0003126499911358525,0.006146294734120816,0.4946098704720313,0.4884635757379105
piecewise_linear_max_abs,0.001,0,continuation_mu,14300,2,0.0003126499911358525,0.006003563935251477,0.4944980245038848,0.4884944605686333
piecewise_linear_max_abs,0.001,0,continuation_mu,14400,2,0.0003126499911358525,0.005818918160450326,0.4943368781774507,0.4885179600170004
piecewise_linear_max_abs,0.001,0,continuation_mu,14500,2,0.0003126499911358525,0.00564723345574597,0.4941930020186053,0.4885457685628593
piecewise_linear_max_abs,0.001,0,continuation_mu,14600,2,0.0003126499911358525,0.005495680064484254,0.4940694911677436,0.48857381110325937
piecewise_linear_max_abs,0.001,0,continuation_mu,14700,2,0.0003126499911358525,0.00537234887383875,0.49396515603280455,0.4885928071589658
piecewise_linear_max_abs,0.001,0,continuation_mu,14800,2,0.0003126499911358525,0.005245228432147142,0.4938593196175326,0.48861409118538546
piecewise_linear_max_abs,0.001,0,continuation_mu,14900,2,0.0003126499911358525,0.005135751862188842,0.4937736509030153,0.48863789904082644
piecewise_linear_max_abs,0.001,0,continuation_mu,15000,2,0.0003126499911358525,0.004971509209444058,0.4936318909525867,0.48866038174314264
piecewise_linear_max_abs,0.001,0,continuation_mu,15100,2,0.0003126499911358525,0.004878555016126329,0.4935606810981302,0.4886821260820039
piecewise_linear_max_abs,0.001,0,continuation_mu,15200,2,0.0003126499911358525,0.004763057474517052,0.49346109200878785,0.4886980345342708
piecewise_linear_max_abs,0.001,0,continuation_mu,15300,2,0.0003126499911358525,0.004650550909731266,0.4933671345121289,0.4887165836023976
piecewise_linear_max_abs,0.001,0,continuation_mu,15400,2,0.0003126499911358525,0.004542523371525442,0.49327671022002595,0.4887341868485005
piecewise_linear_max_abs,0.001,0,continuation_mu,15500,2,0.0003126499911358525,0.004438142254632904,0.49318936937293284,0.48875122711829994
piecewise_linear_max_abs,0.001,0,continuation_mu,15600,2,0.0003126499911358525,0.004323011099625906,0.4930910033336013,0.4887679922339754
piecewise_linear_max_abs,0.001,0,continuation_mu,15700,2,0.0003126499911358525,0.004228809148276225,0.4930131133645241,0.48878430421624786
piecewise_linear_max_abs,0.001,0,continuation_mu,15800,2,0.0003126499911358525,0.004134696285785222,0.49293534491015245,0.48880064862436723
piecewise_linear_max_abs,0.001,0,continuation_mu,15900,2,0.0003126499911358525,0.0040453937365156345,0.4928608186778338,0.4888154249413182
piecewise_linear_max_abs,0.001,0,continuation_mu,16000,2,0.0003126499911358525,0.003960375773063407,0.4927877032473007,0.4888273274742373
piecewise_linear_max_abs,0.001,0,continuation_mu,16100,2,0.0003126499911358525,0.003867394037737615,0.4927055052562612,0.4888381112185236
piecewise_linear_max_abs,0.001,0,continuation_mu,16200,2,0.0003126499911358525,0.0037978875339553797,0.4926485034518904,0.488850615917935
piecewise_linear_max_abs,0.001,0,continuation_mu,16300,2,0.0003126499911358525,0.003728053372587692,0.49259203017788994,0.48886397680530225
piecewise_linear_max_abs,0.001,0,continuation_mu,16400,2,0.0003126499911358525,0.0036362865558255963,0.492513701708608,0.4888774151527824
piecewise_linear_max_abs,0.001,0,continuation_mu,16500,2,0.0003126499911358525,0.003557972077225191,0.4924472267693374,0.4888892546921122
piecewise_linear_max_abs,0.001,0,continuation_mu,16600,2,0.0003126499911358525,0.003489836048497841,0.49238894664495514,0.4888991105964573
piecewise_linear_max_abs,0.001,0,continuation_mu,16700,2,0.0003126499911358525,0.003416254255682427,0.49232512590214006,0.48890887164645763
piecewise_linear_max_abs,0.001,0,continuation_mu,16800,2,0.0003126499911358525,0.0033499740551372614,0.49226999602953775,0.4889200219744005
piecewise_linear_max_abs,0.001,0,continuation_mu,16900,2,0.0003126499911358525,0.003281320994064585,0.49221183789991985,0.48893051690585526
piecewise_linear_max_abs,0.001,0,continuation_mu,17000,2,0.0003126499911358525,0.003223915328305016,0.49216393433219396,0.48894001900388895
piecewise_linear_max_abs,0.001,0,continuation_mu,17100,2,0.0003126499911358525,0.0031667563251172037,0.49211649551070735,0.48894973918559015
piecewise_linear_max_abs,0.001,0,continuation_mu,17200,2,0.0003126499911358525,0.00309782999159941,0.4920572667523842,0.4889594367607848
piecewise_linear_max_abs,0.001,0,continuation_mu,17300,2,0.0003126499911358525,0.003036760963749441,0.492006171685594,0.4889694107218446
piecewise_linear_max_abs,0.001,0,continuation_mu,17400,2,0.0003126499911358525,0.002990885976539237,0.4919692444352643,0.48897835845872506
piecewise_linear_max_abs,0.001,0,continuation_mu,17500,2,0.0003126499911358525,0.0029309318506349213,0.49191814903270287,0.48898721718206795
piecewise_linear_max_abs,0.001,0,continuation_mu,17600,2,0.0003126499911358525,0.0028840272049892035,0.4918795306446284,0.4889955034396392
piecewise_linear_max_abs,0.001,0,continuation_mu,17700,2,0.0003126499911358525,0.002832893278879256,0.4918367305259374,0.48900383724705815
piecewise_linear_max_abs,0.001,0,continuation_mu,17800,2,0.0003126499911358525,0.0027786790820233387,0.49179064051403293,0.4890119614320096
piecewise_linear_max_abs,0.001,0,continuation_mu,17900,2,0.0003126499911358525,0.002722873325713082,0.49174241208164715,0.48901953875593407
piecewise_linear_max_abs,0.001,0,continuation_mu,18000,2,0.0003126499911358525,0.0026815860194481234,0.49170897105575306,0.48902738503630494
piecewise_linear_max_abs,0.001,0,continuation_mu,18100,2,0.0003126499911358525,0.0026418110106246617,0.49167626524861974,0.4890344542379951
piecewise_linear_max_abs,0.001,0,continuation_mu,18200,2,0.0003126499911358525,0.002592586595419777,0.4916332150159688,0.489040628420549
piecewise_linear_max_abs,0.001,0,continuation_mu,18300,2,0.0003126499911358525,0.0025392686390713903,0.491586000968445,0.4890467323293736
piecewise_linear_max_abs,0.001,0,continuation_mu,18400,2,0.0003126499911358525,0.0024901758313651823,0.4915433697654306,0.48905319393406543
piecewise_linear_max_abs,0.001,0,continuation_mu,18500,2,0.0003126499911358525,0.002443043651750243,0.491502595899608,0.48905955224785774
piecewise_linear_max_abs,0.001,0,continuation_mu,18600,2,0.0003126499911358525,0.0023956001913104097,0.4914612919016771,0.4890656917103667
piecewise_linear_max_abs,0.001,0,continuation_mu,18700,2,0.0003126499911358525,0.002354729991671245,0.4914266425026693,0.4890719125109981
piecewise_linear_max_abs,0.001,0,continuation_mu,18800,2,0.0003126499911358525,0.002317464836801675,0.4913955312249145,0.4890780663881128
piecewise_linear_max_abs,0.001,0,continuation_mu,18900,2,0.0003126499911358525,0.002276172158668266,0.49135997402127746,0.4890838018626092
piecewise_linear_max_abs,0.001,0,continuation_mu,19000,2,0.0003126499911358525,0.0022370642006376285,0.49132622514747104,0.4890891609468334
piecewise_linear_max_abs,0.001,0,continuation_mu,19100,2,0.0003126499911358525,0.0022024155608826868,0.4912967146632461,0.4890942991023634
piecewise_linear_max_abs,0.001,0,continuation_mu,19200,2,0.0003126499911358525,0.002169134640125747,0.491268396160462,0.4890992615203362
piecewise_linear_max_abs,0.001,0,continuation_mu,19300,2,0.0003126499911358525,0.0021365102257929203,0.49124049490221716,0.48910398467642424
piecewise_linear_max_abs,0.001,0,continuation_mu,19400,2,0.0003126499911358525,0.0021036264819337958,0.4912121973518289,0.4891085708698951
piecewise_linear_max_abs,0.001,0,continuation_mu,19500,2,0.0003126499911358525,0.0020690293018378325,0.49118220481450636,0.48911317551266853
piecewise_linear_max_abs,0.001,0,continuation_mu,19600,2,0.0003126499911358525,0.0020334527615760156,0.4911512654543974,0.4891178126928214
piecewise_linear_max_abs,0.001,0,continuation_mu,19700,2,0.0003126499911358525,0.0019999110866218417,0.4911224619193661,0.48912255083274425
piecewise_linear_max_abs,0.001,0,continuation_mu,19701,3,0.00015632499556792625,0.24593483091409607,0.4911197402826428,0.24518490936854676
piecewise_linear_max_abs,0.001,0,continuation_mu,19800,3,0.00015632499556792625,2.7034753976448647,0.9601888332198094,-1.743286564425055
piecewise_linear_max_abs,0.001,0,continuation_mu,19900,3,0.00015632499556792625,1.9377744033655249,0.9268654318873935,-1.0109089714781314
piecewise_linear_max_abs,0.001,0,continuation_mu,20000,3,0.00015632499556792625,1.4701660682238564,0.8945082439816884,-0.575657824242168
piecewise_linear_max_abs,0.001,0,continuation_mu,20100,3,0.00015632499556792625,1.0963166346444855,0.870585443684059,-0.2257311909604265
piecewise_linear_max_abs,0.001,0,continuation_mu,20200,3,0.00015632499556792625,0.9302246011364831,0.8488292008681622,-0.08139540026832093
piecewise_linear_max_abs,0.001,0,continuation_mu,20300,3,0.00015632499556792625,0.8500439067057719,0.8255237506694354,-0.024520156036336505
piecewise_linear_max_abs,0.001,0,continuation_mu,20400,3,0.00015632499556792625,0.7632473260682752,0.802517098667236,0.039269772598960806
piecewise_linear_max_abs,0.001,0,continuation_mu,20500,3,0.00015632499556792625,0.6713004472109183,0.7818211633559407,0.11052071614502235
piecewise_linear_max_abs,0.001,0,continuation_mu,20600,3,0.00015632499556792625,0.5860759282540594,0.7636463204417437,0.17757039218768433
piecewise_linear_max_abs,0.001,0,continuation_mu,20700,3,0.00015632499556792625,0.5322685300602669,0.745951187331541,0.2136826572712741
piecewise_linear_max_abs,0.001,0,continuation_mu,20800,3,0.00015632499556792625,0.48045957913098614,0.7291614651819359,0.24870188605094978
piecewise_linear_max_abs,0.001,0,continuation_mu,20900,3,0.00015632499556792625,0.4229331393146253,0.7151756765281092,0.2922425372134839
piecewise_linear_max_abs,0.001,0,continuation_mu,21000,3,0.00015632499556792625,0.37902446226928904,0.7032758915582954,0.32425142928900635
piecewise_linear_max_abs,0.001,0,continuation_mu,21100,3,0.00015632499556792625,0.34780918851152715,0.6909545952572141,0.343145406745687
piecewise_linear_max_abs,0.001,0,continuation_mu,21200,3,0.00015632499556792625,0.31622704553288195,0.6799054682858952,0.3636784227530132
piecewise_linear_max_abs,0.001,0,continuation_mu,21300,3,0.00015632499556792625,0.2925375025355363,0.6688573278029065,0.37631982526737023
piecewise_linear_max_abs,0.001,0,continuation_mu,21400,3,0.00015632499556792625,0.2717778915003563,0.6581581391635121,0.38638024766315576
piecewise_linear_max_abs,0.001,0,continuation_mu,21500,3,0.00015632499556792625,0.2529147624304635,0.6477903416644382,0.39487557923397465
piecewise_linear_max_abs,0.001,0,continuation_mu,21600,3,0.00015632499556792625,0.2328304769696104,0.6384581940987162,0.4056277171291058
piecewise_linear_max_abs,0.001,0,continuation_mu,21700,3,0.00015632499556792625,0.2161378128997843,0.628806282249335,0.4126684693495507
piecewise_linear_max_abs,0.001,0,continuation_mu,21800,3,0.00015632499556792625,0.19888418550200743,0.6201300736952279,0.42124588819322045
piecewise_linear_max_abs,0.001,0,continuation_mu,21900,3,0.00015632499556792625,0.18495557530765872,0.6103692496903295,0.42541367438267075
piecewise_linear_max_abs,0.001,0,continuation_mu,22000,3,0.00015632499556792625,0.17137633251213458,0.6015215902302751,0.4301452577181405
piecewise_linear_max_abs,0.001,0,continuation_mu,22100,3,0.00015632499556792625,0.1545573840735608,0.5957070688685602,0.4411496847949994
piecewise_linear_max_abs,0.001,0,continuation_mu,22200,3,0.00015632499556792625,0.142295037561479,0.5888548534904356,0.44655981592895666
piecewise_linear_max_abs,0.001,0,continuation_mu,22300,3,0.00015632499556792625,0.13223162405062416,0.5821605447136019,0.44992892066297774
piecewise_linear_max_abs,0.001,0,continuation_mu,22400,3,0.00015632499556792625,0.12293651584264592,0.5758041111111177,0.4528675952684718
piecewise_linear_max_abs,0.001,0,continuation_mu,22500,3,0.00015632499556792625,0.1122292321807733,0.5704674119911946,0.45823817981042125
piecewise_linear_max_abs,0.001,0,continuation_mu,22600,3,0.00015632499556792625,0.10431255484790991,0.5648477873074939,0.46053523245958394
piecewise_linear_max_abs,0.001,0,continuation_mu,22700,3,0.00015632499556792625,0.09600470665638505,0.5608070219644827,0.4648023153080977
piecewise_linear_max_abs,0.001,0,continuation_mu,22800,3,0.00015632499556792625,0.08862947999011422,0.5562323351382704,0.4676028551481562
piecewise_linear_max_abs,0.001,0,continuation_mu,22900,3,0.00015632499556792625,0.0819541405879115,0.5519273874451073,0.46997324685719577
piecewise_linear_max_abs,0.001,0,continuation_mu,23000,3,0.00015632499556792625,0.07632997119758178,0.547672313527644,0.4713423423300622
piecewise_linear_max_abs,0.001,0,continuation_mu,23100,3,0.00015632499556792625,0.07123364994034809,0.5439206452190386,0.4726869952786905
piecewise_linear_max_abs,0.001,0,continuation_mu,23200,3,0.00015632499556792625,0.06640796951966782,0.5404890879710239,0.4740811184513561
piecewise_linear_max_abs,0.001,0,continuation_mu,23300,3,0.00015632499556792625,0.062212884302429994,0.5374950960397089,0.4752822117372789
piecewise_linear_max_abs,0.001,0,continuation_mu,23400,3,0.00015632499556792625,0.05831594459976874,0.5345988901446115,0.47628294554484274
piecewise_linear_max_abs,0.001,0,continuation_mu,23500,3,0.00015632499556792625,0.05494738605209243,0.5320908356968279,0.4771434496447355
piecewise_linear_max_abs,0.001,0,continuation_mu,23600,3,0.00015632499556792625,0.05162935073172248,0.5298441223732533,0.4782147716415308
piecewise_linear_max_abs,0.001,0,continuation_mu,23700,3,0.00015632499556792625,0.04876128028982246,0.527626983359498,0.4788657030696755
piecewise_linear_max_abs,0.001,0,continuation_mu,23800,3,0.00015632499556792625,0.046203050254810696,0.5256116547284146,0.47940860447360395
piecewise_linear_max_abs,0.001,0,continuation_mu,23900,3,0.00015632499556792625,0.043737457335465746,0.5237383022063017,0.48000084487083594
piecewise_linear_max_abs,0.001,0,continuation_mu,24000,3,0.00015632499556792625,0.04153563718842057,0.5218891479571504,0.4803535107687298
piecewise_linear_max_abs,0.001,0,continuation_mu,24100,3,0.00015632499556792625,0.03946902227846083,0.5203584237920029,0.4808894015135421
piecewise_linear_max_abs,0.001,0,continuation_mu,24200,3,0.00015632499556792625,0.03733372632948867,0.5189533526888584,0.4816196263593698
piecewise_linear_max_abs,0.001,0,continuation_mu,24300,3,0.00015632499556792625,0.03540618313368549,0.5178923385708257,0.48248615543714024
piecewise_linear_max_abs,0.001,0,continuation_mu,24400,3,0.00015632499556792625,0.033676934985032436,0.5165331911227027,0.48285625613767025
piecewise_linear_max_abs,0.001,0,continuation_mu,24500,3,0.00015632499556792625,0.032123232274180624,0.5152663848627377,0.48314315258855706
piecewise_linear_max_abs,0.001,0,continuation_mu,24600,3,0.00015632499556792625,0.030654581977715534,0.5142900214802406,0.4836354395025251
piecewise_linear_max_abs,0.001,0,continuation_mu,24700,3,0.00015632499556792625,0.029321384854102683,0.5132630572948416,0.4839416724407389
piecewise_linear_max_abs,0.001,0,continuation_mu,24800,3,0.00015632499556792625,0.028063692222182857,0.5122739238784908,0.48421023165630794
piecewise_linear_max_abs,0.001,0,continuation_mu,24900,3,0.00015632499556792625,0.026925642047369358,0.5112952591910608,0.4843696171436914
piecewise_linear_max_abs,0.001,0,continuation_mu,25000,3,0.00015632499556792625,0.025833034783451003,0.5104389548097925,0.4846059200263415
piecewise_linear_max_abs,0.001,0,continuation_mu,25100,3,0.00015632499556792625,0.024815416852627448,0.5095942531920507,0.4847788363394232
piecewise_linear_max_abs,0.001,0,continuation_mu,25200,3,0.00015632499556792625,0.02387281084929782,0.5087699726255288,0.484897161776231
piecewise_linear_max_abs,0.001,0,continuation_mu,25300,3,0.00015632499556792625,0.02301320737168988,0.5081096177161396,0.4850964103444497
piecewise_linear_max_abs,0.001,0,continuation_mu,25400,3,0.00015632499556792625,0.02212243362908728,0.5075232469520814,0.4854008133229941
piecewise_linear_max_abs,0.001,0,continuation_mu,25500,3,0.00015632499556792625,0.021248813320390858,0.5068145301101896,0.48556571678979876
piecewise_linear_max_abs,0.001,0,continuation_mu,25600,3,0.00015632499556792625,0.0204953806419349,0.5061973811545195,0.4857020005125846
piecewise_linear_max_abs,0.001,0,continuation_mu,25700,3,0.00015632499556792625,0.019772693137459885,0.505616274695359,0.4858435815578991
piecewise_linear_max_abs,0.001,0,continuation_mu,25800,3,0.00015632499556792625,0.01911775436794233,0.5051066633007814,0.485988908932839
piecewise_linear_max_abs,0.001,0,continuation_mu,25900,3,0.00015632499556792625,0.018482671785760463,0.5045572349347898,0.4860745631490293
piecewise_linear_max_abs,0.001,0,continuation_mu,26000,3,0.00015632499556792625,0.017814387301638646,0.504036769923909,0.48622238262227035
piecewise_linear_max_abs,0.001,0,continuation_mu,26100,3,0.00015632499556792625,0.01725854263082849,0.5036251520204371,0.48636660938960863
piecewise_linear_max_abs,0.001,0,continuation_mu,26200,3,0.00015632499556792625,0.01668404723721406,0.5031437086975159,0.48645966146030184
piecewise_linear_max_abs,0.001,0,continuation_mu,26300,3,0.00015632499556792625,0.016141380466359267,0.5026705594903033,0.486529179023944
piecewise_linear_max_abs,0.001,0,continuation_mu,26400,3,0.00015632499556792625,0.015648603783808,0.502243818475309,0.48659521469150097
piecewise_linear_max_abs,0.001,0,continuation_mu,26500,3,0.00015632499556792625,0.015138492535514803,0.5018506000320369,0.48671210749652205
piecewise_linear_max_abs,0.001,0,continuation_mu,26600,3,0.00015632499556792625,0.014689263097834304,0.5014969233068369,0.4868076602090026
piecewise_linear_max_abs,0.001,0,continuation_mu,26700,3,0.00015632499556792625,0.01422579380055472,0.5010871623866925,0.48686136858613777
piecewise_linear_max_abs,0.001,0,continuation_mu,26800,3,0.00015632499556792625,0.013847238760720637,0.5007942642666015,0.4869470255058808
piecewise_linear_max_abs,0.001,0,continuation_mu,26900,3,0.00015632499556792625,0.013413638408858897,0.5004127869627122,0.4869991485538533
piecewise_linear_max_abs,0.001,0,continuation_mu,27000,3,0.00015632499556792625,0.01303630925830862,0.5000753185918734,0.48703900933356475
piecewise_linear_max_abs,0.001,0,continuation_mu,27100,3,0.00015632499556792625,0.012658847641869309,0.4997477220285025,0.4870888743866332
piecewise_linear_max_abs,0.001,0,continuation_mu,27200,3,0.00015632499556792625,0.01232773217226446,0.4994684275040112,0.48714069533174675
piecewise_linear_max_abs,0.001,0,continuation_mu,27300,3,0.00015632499556792625,0.011967893903131743,0.49915614368888184,0.4871882497857501
piecewise_linear_max_abs,0.001,0,continuation_mu,27400,3,0.00015632499556792625,0.011670274189019947,0.4989046386814818,0.4872343644924619
piecewise_linear_max_abs,0.001,0,continuation_mu,27500,3,0.00015632499556792625,0.01140409223661637,0.4987288739461652,0.48732478170954885
piecewise_linear_max_abs,0.001,0,continuation_mu,27600,3,0.00015632499556792625,0.011041312893852906,0.4984302075688992,0.4873888946750463
piecewise_linear_max_abs,0.001,0,continuation_mu,27700,3,0.00015632499556792625,0.010779495010519335,0.49820955569352854,0.4874300606830092
piecewise_linear_max_abs,0.001,0,continuation_mu,27800,3,0.00015632499556792625,0.010489873859282628,0.4979621018874538,0.4874722280281712
piecewise_linear_max_abs,0.001,0,continuation_mu,27900,3,0.00015632499556792625,0.010194998792577792,0.49770541308710636,0.48751041429452857
piecewise_linear_max_abs,0.001,0,continuation_mu,28000,3,0.00015632499556792625,0.009966123894933232,0.4975155998966918,0.4875494760017586
piecewise_linear_max_abs,0.001,0,continuation_mu,28100,3,0.00015632499556792625,0.009707407436710669,0.49729305279985175,0.4875856453631411
piecewise_linear_max_abs,0.001,0,continuation_mu,28200,3,0.00015632499556792625,0.009520958898987963,0.49721277857916424,0.4876918196801763
piecewise_linear_max_abs,0.001,0,continuation_mu,28300,3,0.00015632499556792625,0.009253578293915599,0.49700823334614636,0.48775465505223076
piecewise_linear_max_abs,0.001,0,continuation_mu,28400,3,0.00015632499556792625,0.009003616034774953,0.49679916242267913,0.4877955463879042
piecewise_linear_max_abs,0.001,0,continuation_mu,28500,3,0.00015632499556792625,0.008787514418452769,0.4966778153217311,0.48789030090327834
piecewise_linear_max_abs,0.001,0,continuation_mu,28600,3,0.00015632499556792625,0.0086514999911817,0.4966070899434164,0.4879555899522347
piecewise_linear_max_abs,0.001,0,continuation_mu,28700,3,0.00015632499556792625,0.008350868945425471,0.49634034369365887,0.4879894747482334
piecewise_linear_max_abs,0.001,0,continuation_mu,28800,3,0.00015632499556792625,0.008144666438829551,0.4961759047272845,0.48803123828845496
piecewise_linear_max_abs,0.001,0,continuation_mu,28900,3,0.00015632499556792625,0.007965260718509337,0.49604978853019677,0.48808452781168743
piecewise_linear_max_abs,0.001,0,continuation_mu,29000,3,0.00015632499556792625,0.007803703115214777,0.49592236917345767,0.4881186660582429
piecewise_linear_max_abs,0.001,0,continuation_mu,29100,3,0.00015632499556792625,0.007610012933421062,0.4957615787256127,0.48815156579219166
piecewise_linear_max_abs,0.001,0,continuation_mu,29200,3,0.00015632499556792625,0.0074518059335568765,0.4956472871949542,0.48819548126139733
piecewise_linear_max_abs,0.001,0,continuation_mu,29300,3,0.00015632499556792625,0.007329024588379918,0.49555933659633666,0.48823031200795675
piecewise_linear_max_abs,0.001,0,continuation_mu,29400,3,0.00015632499556792625,0.007123092110934814,0.495391866460186,0.4882687743492512
piecewise_linear_max_abs,0.001,0,continuation_mu,29500,3,0.00015632499556792625,0.0069725622768211926,0.49526709562674265,0.48829453334992146
piecewise_linear_max_abs,0.001,0,continuation_mu,29600,3,0.00015632499556792625,0.006826081513617521,0.4951492606153883,0.48832317910177075
piecewise_linear_max_abs,0.001,0,continuation_mu,29700,3,0.00015632499556792625,0.006657815849634652,0.4950024666306083,0.48834465078097367
piecewise_linear_max_abs,0.001,0,continuation_mu,29800,3,0.00015632499556792625,0.006521471820246372,0.49489464281319345,0.4883731709929471
piecewise_linear_max_abs,0.001,0,continuation_mu,29900,3,0.00015632499556792625,0.006422851410266273,0.4948191255880214,0.4883962741777551
piecewise_linear_max_abs,0.001,0,continuation_mu,30000,3,0.00015632499556792625,0.006256451829627363,0.4946693154499069,0.4884128636202795
piecewise_linear_max_abs,0.001,0,continuation_mu,30100,3,0.00015632499556792625,0.00615468303834199,0.494595354672385,0.48844067163404303
piecewise_linear_max_abs,0.001,0,continuation_mu,30200,3,0.00015632499556792625,0.006035922065527111,0.4945002055013463,0.4884642834358192
piecewise_linear_max_abs,0.001,0,continuation_mu,30300,3,0.00015632499556792625,0.005900932068388931,0.49438863857976334,0.4884877065113744
piecewise_linear_max_abs,0.001,0,continuation_mu,30400,3,0.00015632499556792625,0.0057783194059150556,0.49428614839780033,0.4885078289918853
piecewise_linear_max_abs,0.001,0,continuation_mu,30500,3,0.00015632499556792625,0.005676209395781617,0.49420230822260647,0.48852609882682485
piecewise_linear_max_abs,0.001,0,continuation_mu,30600,3,0.00015632499556792625,0.005584689945830834,0.49412971697549657,0.48854502702966573
piecewise_linear_max_abs,0.001,0,continuation_mu,30700,3,0.00015632499556792625,0.00547660813844586,0.4940340530697779,0.488557444931332
piecewise_linear_max_abs,0.001,0,continuation_mu,30800,3,0.00015632499556792625,0.005375120008270562,0.49395029251254396,0.4885751725042734
piecewise_linear_max_abs,0.001,0,continuation_mu,30900,3,0.00015632499556792625,0.005269439448149782,0.4938633834189041,0.48859394397075434
piecewise_linear_max_abs,0.001,0,continuation_mu,31000,3,0.00015632499556792625,0.00518518028184195,0.4937976345941853,0.48861245431234335
piecewise_linear_max_abs,0.001,0,continuation_mu,31100,3,0.00015632499556792625,0.0050929355591610714,0.4937202703455578,0.48862733478639675
piecewise_linear_max_abs,0.001,0,continuation_mu,31200,3,0.00015632499556792625,0.005007412198049288,0.49364837063893763,0.48864095844088834
piecewise_linear_max_abs,0.001,0,continuation_mu,31300,3,0.00015632499556792625,0.004917217547427355,0.49356946310820893,0.4886522455607816
piecewise_linear_max_abs,0.001,0,continuation_mu,31400,3,0.00015632499556792625,0.004833704150808027,0.49349905932556015,0.4886653551747521
piecewise_linear_max_abs,0.001,0,continuation_mu,31500,3,0.00015632499556792625,0.004757475834461622,0.4934364843628175,0.4886790085283559
piecewise_linear_max_abs,0.001,0,continuation_mu,31600,3,0.00015632499556792625,0.004661310441870847,0.4933537853201559,0.48869247487828504
piecewise_linear_max_abs,0.001,0,continuation_mu,31700,3,0.00015632499556792625,0.004580761888734464,0.4932844828834171,0.4887037209946826
piecewise_linear_max_abs,0.001,0,continuation_mu,31800,3,0.00015632499556792625,0.004521087071021723,0.4932361479657218,0.48871506089470007
piecewise_linear_max_abs,0.001,0,continuation_mu,31900,3,0.00015632499556792625,0.0044469284107241935,0.4931754673389776,0.4887285389282534
piecewise_linear_max_abs,0.001,0,continuation_mu,32000,3,0.00015632499556792625,0.004352429423202575,0.4930943163789685,0.4887418869557659
piecewise_linear_max_abs,0.001,0,continuation_mu,32100,3,0.00015632499556792625,0.004283834781559082,0.4930381841046284,0.4887543493230693
piecewise_linear_max_abs,0.001,0,continuation_mu,32200,3,0.00015632499556792625,0.004226797493597778,0.49299172730245283,0.48876492980885505
piecewise_linear_max_abs,0.001,0,continuation_mu,32300,3,0.00015632499556792625,0.004156375123251954,0.4929316820903892,0.4887753069671372
piecewise_linear_max_abs,0.001,0,continuation_mu,32400,3,0.00015632499556792625,0.004093804412658941,0.49288010097244694,0.488786296559788
piecewise_linear_max_abs,0.001,0,continuation_mu,32500,3,0.00015632499556792625,0.004021552449638477,0.4928186686417347,0.4887971161920962
piecewise_linear_max_abs,0.001,0,continuation_mu,32600,3,0.00015632499556792625,0.003962142206007102,0.4927682085460629,0.4888060663400558
piecewise_linear_max_abs,0.001,0,continuation_mu,32700,3,0.00015632499556792625,0.003901578084884727,0.4927156697765329,0.4888140916916482
piecewise_linear_max_abs,0.001,0,continuation_mu,32800,3,0.00015632499556792625,0.003842575573225371,0.49266412287882105,0.4888215473055957
piecewise_linear_max_abs,0.001,0,continuation_mu,32900,3,0.00015632499556792625,0.0037796063569545124,0.4926093293169603,0.48882972296000576
piecewise_linear_max_abs,0.001,0,continuation_mu,33000,3,0.00015632499556792625,0.00372256337338267,0.4925613121432823,0.48883874876989963
piecewise_linear_max_abs,0.001,0,continuation_mu,33100,3,0.00015632499556792625,0.003669480420601612,0.4925172008833242,0.48884772046272257
piecewise_linear_max_abs,0.001,0,continuation_mu,33200,3,0.00015632499556792625,0.003609464989477784,0.49246676410131673,0.48885729911183895
piecewise_linear_max_abs,0.001,0,continuation_mu,33300,3,0.00015632499556792625,0.0035542840949361887,0.49242158904644834,0.48886730495151215
piecewise_linear_max_abs,0.001,0,continuation_mu,33400,3,0.00015632499556792625,0.0035102794632023704,0.4923853822606424,0.48887510279744
piecewise_linear_max_abs,0.001,0,continuation_mu,33500,3,0.00015632499556792625,0.0034590713853617228,0.4923418343690058,0.4888827629836441
piecewise_linear_max_abs,0.001,0,continuation_mu,33600,3,0.00015632499556792625,0.0034069403264210263,0.4922968074644312,0.4888898671380102
piecewise_linear_max_abs,0.001,0,continuation_mu,33700,3,0.00015632499556792625,0.003357035982559431,0.4922533793322854,0.488896343349726
piecewise_linear_max_abs,0.001,0,continuation_mu,33800,3,0.00015632499556792625,0.0033029782812478703,0.4922062974237435,0.48890331914249563
piecewise_linear_max_abs,0.001,0,continuation_mu,33900,3,0.00015632499556792625,0.003249453347792808,0.49216005303055727,0.48891059968276446
piecewise_linear_max_abs,0.001,0,continuation_mu,34000,3,0.00015632499556792625,0.003202157825436258,0.49211972755557903,0.4889175697301428
piecewise_linear_max_abs,0.001,0,continuation_mu,34100,3,0.00015632499556792625,0.0031602414142739566,0.49208432781994127,0.4889240864056673
piecewise_linear_max_abs,0.001,0,continuation_mu,34200,3,0.00015632499556792625,0.00311831775459942,0.492048893771385,0.4889305760167856
piecewise_linear_max_abs,0.001,0,continuation_mu,34300,3,0.00015632499556792625,0.0030747717960473153,0.49201237947864096,0.48893760768259364
piecewise_linear_max_abs,0.001,0,continuation_mu,34400,3,0.00015632499556792625,0.00302644125806506,0.491971464869597,0.4889450236115319
piecewise_linear_max_abs,0.001,0,continuation_mu,34500,3,0.00015632499556792625,0.0029854047642665638,0.491937468165891,0.48895206340162445
piecewise_linear_max_abs,0.001,0,continuation_mu,34600,3,0.00015632499556792625,0.002945228136653044,0.49190405760600486,0.4889588294693518
piecewise_linear_max_abs,0.001,0,continuation_mu,34700,3,0.00015632499556792625,0.0029056215688919584,0.49187035995067274,0.4889647383817808
piecewise_linear_max_abs,0.001,0,continuation_mu,34800,3,0.00015632499556792625,0.0028656773705764693,0.49183643942684413,0.48897076205626766
piecewise_linear_max_abs,0.001,0,continuation_mu,34900,3,0.00015632499556792625,0.0028284102086073015,0.4918053120520342,0.4889769018434269
piecewise_linear_max_abs,0.001,0,continuation_mu,35000,3,0.00015632499556792625,0.002789840819538536,0.491772626996251,0.4889827861767125
piecewise_linear_max_abs,0.001,0,continuation_mu,35100,3,0.00015632499556792625,0.0027560345917835294,0.49174622208411634,0.4889901874923328
piecewise_linear_max_abs,0.001,0,continuation_mu,35200,3,0.00015632499556792625,0.002723598584959408,0.49172208695288416,0.48899848836792476
piecewise_linear_max_abs,0.001,0,continuation_mu,35300,3,0.00015632499556792625,0.0026842218021825848,0.4916892139826543,0.4890049921804717
piecewise_linear_max_abs,0.001,0,continuation_mu,35400,3,0.00015632499556792625,0.002659545850767109,0.49167075755003564,0.48901121169926853
piecewise_linear_max_abs,0.001,0,continuation_mu,35500,3,0.00015632499556792625,0.002623696542865206,0.4916402477543751,0.4890165512115099
piecewise_linear_max_abs,0.001,0,continuation_mu,35600,3,0.00015632499556792625,0.002582656172013864,0.49160431563528023,0.48902165946326637
piecewise_linear_max_abs,0.001,0,continuation_mu,35700,3,0.00015632499556792625,0.0025431672361629354,0.4915697086050846,0.48902654136892165
piecewise_linear_max_abs,0.001,0,continuation_mu,35800,3,0.00015632499556792625,0.0025048659783454275,0.49153592684452596,0.48903106086618053
piecewise_linear_max_abs,0.001,0,continuation_mu,35900,3,0.00015632499556792625,0.0024721801474894,0.4915074663354304,0.489035286187941
piecewise_linear_max_abs,0.001,0,continuation_mu,36000,3,0.00015632499556792625,0.002438642468452046,0.49147833713844746,0.4890396946699954
piecewise_linear_max_abs,0.001,0,continuation_mu,36100,3,0.00015632499556792625,0.0024123819447920414,0.49145733965162663,0.4890449577068346
piecewise_linear_max_abs,0.001,0,continuation_mu,36200,3,0.00015632499556792625,0.0023918403284378664,0.4914427924480189,0.48905095211958105
piecewise_linear_max_abs,0.001,0,continuation_mu,36300,3,0.00015632499556792625,0.002363408721360538,0.4914197016252673,0.4890562929039068
piecewise_linear_max_abs,0.001,0,continuation_mu,36400,3,0.00015632499556792625,0.0023352222943447964,0.491396046270407,0.4890608239760622
piecewise_linear_max_abs,0.001,0,continuation_mu,36500,3,0.00015632499556792625,0.0023094933223651304,0.4913749430330019,0.48906544971063676
piecewise_linear_max_abs,0.001,0,continuation_mu,36600,3,0.00015632499556792625,0.002282983814107964,0.491352941004941,0.489069957190833
piecewise_linear_max_abs,0.001,0,continuation_mu,36700,3,0.00015632499556792625,0.002253186374763405,0.4913271164846586,0.4890739301098952
piecewise_linear_max_abs,0.001,0,continuation_mu,36800,3,0.00015632499556792625,0.0022194919077794806,0.4912970685012584,0.48907757659347895
piecewise_linear_max_abs,0.001,0,continuation_mu,36900,3,0.00015632499556792625,0.002181558965350494,0.49126287061781776,0.48908131165246727
piecewise_linear_max_abs,0.001,0,continuation_mu,37000,3,0.00015632499556792625,0.0021535528626659417,0.4912389465148437,0.48908539365217774
piecewise_linear_max_abs,0.001,0,continuation_mu,37100,3,0.00015632499556792625,0.002129937702317286,0.49121946039182574,0.48908952268950845
piecewise_linear_max_abs,0.001,0,continuation_mu,37200,3,0.00015632499556792625,0.0021094662466517033,0.4912029155239079,0.4890934492772562
piecewise_linear_max_abs,0.001,0,continuation_mu,37300,3,0.00015632499556792625,0.002088954277999433,0.4911861626132776,0.48909720833527814
piecewise_linear_max_abs,0.001,0,continuation_mu,37400,3,0.00015632499556792625,0.0020646364971562137,0.4911653034128195,0.4891006669156633
piecewise_linear_max_abs,0.001,0,continuation_mu,37500,3,0.00015632499556792625,0.002038092316028528,0.49114184761172247,0.48910375529569394
piecewise_linear_max_abs,0.001,0,continuation_mu,37600,3,0.00015632499556792625,0.0020111294836097082,0.4911178570296598,0.4891067275460501
piecewise_linear_max_abs,0.001,0,continuation_mu,37700,3,0.00015632499556792625,0.001985797376585108,0.49109580750662213,0.489110010130037
piecewise_linear_max_abs,0.001,0,continuation_mu,37800,3,0.00015632499556792625,0.0019634328766455766,0.4910769962571866,0.489113563380541
piecewise_linear_max_abs,0.001,0,continuation_mu,37900,3,0.00015632499556792625,0.0019420811502931512,0.4910591675808554,0.48911708643056223
piecewise_linear_max_abs,0.001,0,continuation_mu,38000,3,0.00015632499556792625,0.0019196148440088767,0.4910400832172289,0.48912046837322004
piecewise_linear_max_abs,0.001,0,continuation_mu,38100,3,0.00015632499556792625,0.0018964967496584162,0.4910203117404821,0.4891238149908237
piecewise_linear_max_abs,0.001,0,continuation_mu,38200,3,0.00015632499556792625,0.0018745829124025004,0.4910017657389489,0.4891271828265464
piecewise_linear_max_abs,0.001,0,continuation_mu,38300,3,0.00015632499556792625,0.0018514894786215153,0.49098200246772017,0.48913051298909865
piecewise_linear_max_abs,0.001,0,continuation_mu,38400,3,0.00015632499556792625,0.0018298410945271626,0.49096357761942344,0.4891337365248963
piecewise_linear_max_abs,0.001,0,continuation_mu,38500,3,0.00015632499556792625,0.0018103664186487345,0.4909472175045073,0.4891368510858586
piecewise_linear_max_abs,0.001,0,continuation_mu,38600,3,0.00015632499556792625,0.0017932544842870213,0.4909332637847573,0.4891400093004703
piecewise_linear_max_abs,0.001,0,continuation_mu,38700,3,0.00015632499556792625,0.0017772033250986752,0.4909203955260335,0.48914319220093483
piecewise_linear_max_abs,0.001,0,continuation_mu,38800,3,0.00015632499556792625,0.0017598797547469514,0.4909061488700536,0.4891462691153067
piecewise_linear_max_abs,0.001,0,continuation_mu,38900,3,0.00015632499556792625,0.0017400008177727577,0.4908893250379486,0.4891493242201758
piecewise_linear_max_abs,0.001,0,continuation_mu,39000,3,0.00015632499556792625,0.0017186666259370043,0.49087106192007735,0.48915239529414034
piecewise_linear_max_abs,0.001,0,continuation_mu,39100,3,0.00015632499556792625,0.0016982155459860926,0.49085357561549414,0.48915536006950805
piecewise_linear_max_abs,0.001,0,continuation_mu,39200,3,0.00015632499556792625,0.0016786675356552094,0.49083685848087744,0.4891581909452222
piecewise_linear_max_abs,0.001,0,continuation_mu,39300,3,0.00015632499556792625,0.001659569069814737,0.4908204451682834,0.48916087609846864
piecewise_linear_max_abs,0.001,0,continuation_mu,39400,3,0.00015632499556792625,0.0016414532910540847,0.4908048862764535,0.48916343298539944
piecewise_linear_max_abs,0.001,0,continuation_mu,39500,3,0.00015632499556792625,0.0016241245274825067,0.4907899826098915,0.489165858082409
piecewise_linear_max_abs,0.001,0,continuation_mu,39600,3,0.00015632499556792625,0.0016067027909900666,0.4907748331710521,0.489168130380062
piecewise_linear_max_abs,0.001,0,continuation_mu,39700,3,0.00015632499556792625,0.0015897776920177353,0.4907600394795314,0.48917026178751366
piecewise_linear_max_abs,0.001,0,continuation_mu,39800,3,0.00015632499556792625,0.0015725581487481266,0.4907448191687265,0.48917226101997835
piecewise_linear_max_abs,0.001,0,continuation_mu,39900,3,0.00015632499556792625,0.0015542851964607252,0.4907285250041511,0.48917423980769037
piecewise_linear_max_abs,0.001,0,continuation_mu,40000,3,0.00015632499556792625,0.001537030478143686,0.4907133926876928,0.48917636220954913
piecewise_linear_max_abs,0.001,0,continuation_mu,40100,3,0.00015632499556792625,0.001519807609487056,0.4906984514473678,0.48917864383788073
piecewise_linear_max_abs,0.001,0,continuation_mu,40200,3,0.00015632499556792625,0.0015033432152140036,0.4906843283592973,0.4891809851440833
piecewise_linear_max_abs,0.001,0,continuation_mu,40300,3,0.00015632499556792625,0.0014880886481928313,0.49067139982566305,0.4891833111774702
piecewise_linear_max_abs,0.001,0,continuation_mu,40400,3,0.00015632499556792625,0.0014739397795627829,0.4906595458254385,0.48918560604587574
piecewise_linear_max_abs,0.001,0,continuation_mu,40500,3,0.00015632499556792625,0.0014602476556175303,0.490648165811665,0.48918791815604745
piecewise_linear_max_abs,0.001,0,continuation_mu,40600,3,0.00015632499556792625,0.0014465694581985433,0.4906369059134196,0.48919033645522103
piecewise_linear_max_abs,0.001,0,continuation_mu,40700,3,0.00015632499556792625,0.00143305428007251,0.4906259633468805,0.489192909066808
piecewise_linear_max_abs,0.001,0,continuation_mu,40800,3,0.00015632499556792625,0.0014200160851112753,0.49061552067400754,0.48919550458889627
piecewise_linear_max_abs,0.001,0,continuation_mu,40900,3,0.00015632499556792625,0.0014073957535233328,0.49060532202187107,0.48919792626834774
piecewise_linear_max_abs,0.001,0,continuation_mu,41000,3,0.00015632499556792625,0.0013948878223776773,0.4905950496387447,0.489200161816367
piecewise_linear_max_abs,0.001,0,continuation_mu,41100,3,0.00015632499556792625,0.0013822632162501236,0.49058455778456794,0.4892022945683178
piecewise_linear_max_abs,0.001,0,continuation_mu,41200,3,0.00015632499556792625,0.001369360140906939,0.49057373050193576,0.4892043703610288
piecewise_linear_max_abs,0.001,0,continuation_mu,41300,3,0.00015632499556792625,0.0013563564357904068,0.49056275968548757,0.48920640324969716
piecewise_linear_max_abs,0.001,0,continuation_mu,41400,3,0.00015632499556792625,0.0013435433940297559,0.4905519527620419,0.48920840936801213
piecewise_linear_max_abs,0.001,0,continuation_mu,41500,3,0.00015632499556792625,0.001330764162710607,0.49054117110812656,0.48921040694541595
piecewise_linear_max_abs,0.001,0,continuation_mu,41600,3,0.00015632499556792625,0.0013175614655459023,0.49052996415403677,0.48921240268849087
piecewise_linear_max_abs,0.001,0,continuation_mu,41700,3,0.00015632499556792625,0.0013037763148852077,0.4905181592812441,0.4892143829663589
piecewise_linear_max_abs,0.001,0,continuation_mu,41800,3,0.00015632499556792625,0.0012897710511702853,0.4905060749527819,0.48921630390161164
piecewise_linear_max_abs,0.001,0,continuation_mu,41900,3,0.00015632499556792625,0.001276064612981409,0.49049418851667864,0.48921812390369723
piecewise_linear_max_abs,0.001,0,continuation_mu,42000,3,0.00015632499556792625,0.001262951284249636,0.49048281309605796,0.4892198618118083
piecewise_linear_max_abs,0.001,0,continuation_mu,42100,3,0.00015632499556792625,0.0012505604328509334,0.49047213684408,0.48922157641122904
piecewise_linear_max_abs,0.001,0,continuation_mu,42200,3,0.00015632499556792625,0.0012388729768297857,0.4904621937874329,0.4892233208106031
piecewise_linear_max_abs,0.001,0,continuation_mu,42300,3,0.00015632499556792625,0.0012276120767558685,0.4904527394972081,0.4892251274204522
piecewise_linear_max_abs,0.001,0,continuation_mu,42400,3,0.00015632499556792625,0.0012163972212849705,0.490443379670393,0.489226982449108
piecewise_linear_max_abs,0.001,0,continuation_mu,42500,3,0.00015632499556792625,0.001205048790536567,0.49043383621411596,0.4892287874235794
piecewise_linear_max_abs,0.001,0,continuation_mu,42600,3,0.00015632499556792625,0.0011936189566367772,0.4904240757376849,0.4892304567810481
piecewise_linear_max_abs,0.001,0,continuation_mu,42700,3,0.00015632499556792625,0.0011819834663365225,0.4904140217172284,0.4892320382508919
piecewise_linear_max_abs,0.001,0,continuation_mu,42800,3,0.00015632499556792625,0.0011695125532155681,0.4904032075073374,0.48923369495412183
piecewise_linear_max_abs,0.001,0,continuation_mu,42900,3,0.00015632499556792625,0.0011556762363011397,0.49039128995140907,0.48923561371510793
piecewise_linear_max_abs,0.001,0,continuation_mu,43000,3,0.00015632499556792625,0.0011417546861266503,0.4903794823784021,0.48923772769227547
piecewise_linear_max_abs,0.001,0,continuation_mu,43100,3,0.00015632499556792625,0.001129395555909407,0.4903691537588974,0.489239758202988
piecewise_linear_max_abs,0.001,0,continuation_mu,43200,3,0.00015632499556792625,0.0011180070451451973,0.4903596048863408,0.4892415978411956
piecewise_linear_max_abs,0.001,0,continuation_mu,43300,3,0.00015632499556792625,0.0011095911847538997,0.49035284614680497,0.48924325496205107
piecewise_linear_max_abs,0.001,0,continuation_mu,43400,3,0.00015632499556792625,0.0011009814222837089,0.4903457625765115,0.4892447811542278
piecewise_linear_max_abs,0.001,0,continuation_mu,43500,3,0.00015632499556792625,0.001091641957707612,0.4903378961074646,0.489246254149757
piecewise_linear_max_abs,0.001,0,continuation_mu,43600,3,0.00015632499556792625,0.0010815905188678587,0.49032933498071735,0.4892477444618495
piecewise_linear_max_abs,0.001,0,continuation_mu,43700,3,0.00015632499556792625,0.0010709850117610609,0.49032025013821146,0.4892492651264504
piecewise_linear_max_abs,0.001,0,continuation_mu,43800,3,0.00015632499556792625,0.0010600635904163824,0.4903108516689822,0.4892507880785658
piecewise_linear_max_abs,0.001,0,continuation_mu,43900,3,0.00015632499556792625,0.0010492491836860962,0.4903015339900638,0.4892522848063777
piecewise_linear_max_abs,0.001,0,continuation_mu,44000,3,0.00015632499556792625,0.001039294025373283,0.4902930277990665,0.48925373377369324
piecewise_linear_max_abs,0.001,0,continuation_mu,44100,3,0.00015632499556792625,0.0010296344288771575,0.49028475739007293,0.4892551229611958
piecewise_linear_max_abs,0.001,0,continuation_mu,44200,3,0.00015632499556792625,0.0010201550160950923,0.4902766068880276,0.4892564518719325
piecewise_linear_max_abs,0.001,0,continuation_mu,44300,3,0.00015632499556792625,0.001010763799380976,0.4902684997812728,0.4892577359818918
piecewise_linear_max_abs,0.001,0,continuation_mu,44400,3,0.00015632499556792625,0.0010014362472024474,0.4902604464847619,0.48925901023755947
piecewise_linear_max_abs,0.001,0,continuation_mu,44416,3,0.00015632499556792625,0.0009999513800696413,0.49025916733675917,0.48925921595668953
piecewise_linear_max_abs,0.0001,0,fixed_mu,0,1,7.816249778396313e-06,8.32656996806796,0.9990645439183403,-7.327505424149619
piecewise_linear_max_abs,0.0001,0,fixed_mu,1,1,7.816249778396313e-06,8.326563014279706,0.9990575901300884,-7.327505424149619
piecewise_linear_max_abs,0.0001,0,fixed_mu,1000,1,7.816249778396313e-06,1.8368248251655719,0.922606916071436,-0.9142179090941358
piecewise_linear_max_abs,0.0001,0,fixed_mu,2000,1,7.816249778396313e-06,1.0774928121471166,0.8541163637583189,-0.22337644838879767
piecewise_linear_max_abs,0.0001,0,fixed_mu,3000,1,7.816249778396313e-06,0.8114377718009885,0.7981605461644231,-0.013277225636565415
piecewise_linear_max_abs,0.0001,0,fixed_mu,4000,1,7.816249778396313e-06,0.6339546060823681,0.747125696824712,0.11317109074234388
piecewise_linear_max_abs,0.0001,0,fixed_mu,5000,1,7.816249778396313e-06,0.5161372966286377,0.6984353089656211,0.1822980123369834
piecewise_linear_max_abs,0.0001,0,fixed_mu,6000,1,7.816249778396313e-06,0.4161126006572876,0.6528966908006266,0.236784090143339
piecewise_linear_max_abs,0.0001,0,fixed_mu,7000,1,7.816249778396313e-06,0.33649930383636306,0.6172119006918766,0.28071259685551353
piecewise_linear_max_abs,0.0001,0,fixed_mu,8000,1,7.816249778396313e-06,0.26416677536294547,0.5905892950330124,0.3264225196700669
piecewise_linear_max_abs,0.0001,0,fixed_mu,9000,1,7.816249778396313e-06,0.21290200484938893,0.5694381582933513,0.3565361534439624
piecewise_linear_max_abs,0.0001,0,fixed_mu,10000,1,7.816249778396313e-06,0.17187860048839626,0.5507331580624201,0.3788545575740238
piecewise_linear_max_abs,0.0001,0,fixed_mu,11000,1,7.816249778396313e-06,0.14179935505886954,0.5359143833049368,0.39411502824606726
piecewise_linear_max_abs,0.0001,0,fixed_mu,12000,1,7.816249778396313e-06,0.11513192449458354,0.5258476073659472,0.4107156828713636
piecewise_linear_max_abs,0.0001,0,fixed_mu,13000,1,7.816249778396313e-06,0.09557595091205695,0.5162531567789677,0.4206772058669107
piecewise_linear_max_abs,0.0001,0,fixed_mu,14000,1,7.816249778396313e-06,0.08067392469371992,0.5087621885715867,0.4280882638778668
piecewise_linear_max_abs,0.0001,0,fixed_mu,15000,1,7.816249778396313e-06,0.06802774232807551,0.5025015449716501,0.4344738026435746
piecewise_linear_max_abs,0.0001,0,fixed_mu,16000,1,7.816249778396313e-06,0.05824199336460617,0.49748553468503215,0.439243541320426
piecewise_linear_max_abs,0.0001,0,fixed_mu,17000,1,7.816249778396313e-06,0.05078418758719783,0.4926335783085267,0.4418493907213289
piecewise_linear_max_abs,0.0001,0,fixed_mu,18000,1,7.816249778396313e-06,0.04499499708690624,0.48818255117228015,0.4431875540853739
piecewise_linear_max_abs,0.0001,0,fixed_mu,19000,1,7.816249778396313e-06,0.03963751934375004,0.48463158558017044,0.4449940662364204
piecewise_linear_max_abs,0.0001,0,fixed_mu,20000,1,7.816249778396313e-06,0.0348968298492191,0.48196497846461284,0.44706814861539373
piecewise_linear_max_abs,0.0001,0,fixed_mu,21000,1,7.816249778396313e-06,0.030959618321765303,0.47961894013477313,0.4486593218130078
piecewise_linear_max_abs,0.0001,0,fixed_mu,22000,1,7.816249778396313e-06,0.027788860360157985,0.4774304889828343,0.4496416286226763
piecewise_linear_max_abs,0.0001,0,fixed_mu,23000,1,7.816249778396313e-06,0.025189205920925606,0.4754499511912134,0.4502607452702878
piecewise_linear_max_abs,0.0001,0,fixed_mu,24000,1,7.816249778396313e-06,0.02289669547498424,0.4736745007825953,0.4507778053076111
piecewise_linear_max_abs,0.0001,0,fixed_mu,25000,1,7.816249778396313e-06,0.020761358117500406,0.472232920276055,0.4514715621585546
piecewise_linear_max_abs,0.0001,0,fixed_mu,26000,1,7.816249778396313e-06,0.018941543303085173,0.47103706642511256,0.4520955231220274
piecewise_linear_max_abs,0.0001,0,fixed_mu,27000,1,7.816249778396313e-06,0.017412060726475387,0.46996311796684315,0.45255105724036776
piecewise_linear_max_abs,0.0001,0,fixed_mu,28000,1,7.816249778396313e-06,0.0160188975023684,0.46905161539936113,0.45303271789699273
piecewise_linear_max_abs,0.0001,0,fixed_mu,29000,1,7.816249778396313e-06,0.014805505314135214,0.4682295288737487,0.4534240235596135
piecewise_linear_max_abs,0.0001,0,fixed_mu,30000,1,7.816249778396313e-06,0.013675551286038645,0.4675618118890513,0.4538862606030127
piecewise_linear_max_abs,0.0001,0,fixed_mu,31000,1,7.816249778396313e-06,0.012654054116003843,0.4669875681692294,0.45433351405322553
piecewise_linear_max_abs,0.0001,0,fixed_mu,32000,1,7.816249778396313e-06,0.011778819466621848,0.46642711077740906,0.4546482913107872
piecewise_linear_max_abs,0.0001,0,fixed_mu,33000,1,7.816249778396313e-06,0.010912724150789477,0.4659786843914768,0.45506596024068735
piecewise_linear_max_abs,0.0001,0,fixed_mu,34000,1,7.816249778396313e-06,0.01015461770438314,0.46556720958135045,0.4554125918769673
piecewise_linear_max_abs,0.0001,0,fixed_mu,35000,1,7.816249778396313e-06,0.009540001929984554,0.4651457190030201,0.45560571707303554
piecewise_linear_max_abs,0.0001,0,fixed_mu,36000,1,7.816249778396313e-06,0.008946491348485908,0.4647816818724786,0.4558351905239927
piecewise_linear_max_abs,0.0001,0,fixed_mu,37000,1,7.816249778396313e-06,0.008375635034019169,0.46447733128888746,0.4561016962548683
piecewise_linear_max_abs,0.0001,0,fixed_mu,38000,1,7.816249778396313e-06,0.007904081590688838,0.4641685004957162,0.45626441890502734
piecewise_linear_max_abs,0.0001,0,fixed_mu,39000,1,7.816249778396313e-06,0.007460971740502809,0.46387822255817635,0.45641725081767354
piecewise_linear_max_abs,0.0001,0,fixed_mu,40000,1,7.816249778396313e-06,0.007072095612467966,0.4636228511145598,0.45655075550209184
piecewise_linear_max_abs,0.0001,0,fixed_mu,41000,1,7.816249778396313e-06,0.0067094009397247745,0.46335344637995135,0.4566440454402266
piecewise_linear_max_abs,0.0001,0,fixed_mu,42000,1,7.816249778396313e-06,0.006354839663794132,0.46314053824755574,0.4567856985837616
piecewise_linear_max_abs,0.0001,0,fixed_mu,43000,1,7.816249778396313e-06,0.0060413207880855024,0.4629304100504742,0.4568890892623887
piecewise_linear_max_abs,0.0001,0,fixed_mu,44000,1,7.816249778396313e-06,0.005726216609082346,0.46274697058220415,0.4570207539731218
piecewise_linear_max_abs,0.0001,0,fixed_mu,45000,1,7.816249778396313e-06,0.005447473282233883,0.4625608189725126,0.4571133456902787
piecewise_linear_max_abs,0.0001,0,fixed_mu,46000,1,7.816249778396313e-06,0.0051918517827650446,0.46239860285417334,0.4572067510714083
piecewise_linear_max_abs,0.0001,0,fixed_mu,47000,1,7.816249778396313e-06,0.00494673041829774,0.46226149861385024,0.4573147681955525
piecewise_linear_max_abs,0.0001,0,fixed_mu,48000,1,7.816249778396313e-06,0.00471127073538008,0.4621232175917473,0.4574119468563672
piecewise_linear_max_abs,0.0001,0,fixed_mu,49000,1,7.816249778396313e-06,0.004509160089428088,0.461990962373324,0.4574818022838959
piecewise_linear_max_abs,0.0001,0,fixed_mu,50000,1,7.816249778396313e-06,0.004301728110337022,0.4618717123385923,0.4575699842282553
piecewise_linear_max_abs,0.0001,0,fixed_mu,51000,1,7.816249778396313e-06,0.004121257183273719,0.46176093458349227,0.45763967740021855
piecewise_linear_max_abs,0.0001,0,fixed_mu,52000,1,7.816249778396313e-06,0.003956778059006627,0.46165228924070534,0.4576955111816987
piecewise_linear_max_abs,0.0001,0,fixed_mu,53000,1,7.816249778396313e-06,0.003806831530944521,0.4615553750688712,0.45774854353792666
piecewise_linear_max_abs,0.0001,0,fixed_mu,54000,1,7.816249778396313e-06,0.00365862141875134,0.4614689765266002,0.45781035510784884
piecewise_linear_max_abs,0.0001,0,fixed_mu,55000,1,7.816249778396313e-06,0.0035225753667237902,0.4613781229570078,0.457855547590284
piecewise_linear_max_abs,0.0001,0,fixed_mu,56000,1,7.816249778396313e-06,0.0033941896681262684,0.4612897859853638,0.45789559631723753
piecewise_linear_max_abs,0.0001,0,fixed_mu,57000,1,7.816249778396313e-06,0.0032753141576146727,0.4612096244331858,0.45793431027557113
piecewise_linear_max_abs,0.0001,0,fixed_mu,58000,1,7.816249778396313e-06,0.003161612433064842,0.4611326387381759,0.45797102630511105
piecewise_linear_max_abs,0.0001,0,fixed_mu,59000,1,7.816249778396313e-06,0.0030544054345044702,0.46105949209742536,0.4580050866629209
piecewise_linear_max_abs,0.0001,0,fixed_mu,60000,1,7.816249778396313e-06,0.002950219786060637,0.46098681215146003,0.4580365923653994
piecewise_linear_max_abs,0.0001,0,fixed_mu,61000,1,7.816249778396313e-06,0.0028541235603424253,0.4609197572505367,0.45806563369019426
piecewise_linear_max_abs,0.0001,0,fixed_mu,62000,1,7.816249778396313e-06,0.0027617975231869485,0.46085804356463617,0.4580962460414492
piecewise_linear_max_abs,0.0001,0,fixed_mu,63000,1,7.816249778396313e-06,0.0026716981925610783,0.46079741597783463,0.45812571778527356
piecewise_linear_max_abs,0.0001,0,fixed_mu,64000,1,7.816249778396313e-06,0.00258621817750998,0.46073948452890673,0.45815326635139675
piecewise_linear_max_abs,0.0001,0,fixed_mu,65000,1,7.816249778396313e-06,0.0025053593183148593,0.4606837668066488,0.45817840748833394
piecewise_linear_max_abs,0.0001,0,fixed_mu,66000,1,7.816249778396313e-06,0.002428665423912124,0.4606321943019535,0.4582035288780414
piecewise_linear_max_abs,0.0001,0,fixed_mu,67000,1,7.816249778396313e-06,0.0023558507612356228,0.46058179195966453,0.4582259411984289
piecewise_linear_max_abs,0.0001,0,fixed_mu,68000,1,7.816249778396313e-06,0.002292788900771836,0.46054506796942274,0.4582522790686509
piecewise_linear_max_abs,0.0001,0,fixed_mu,69000,1,7.816249778396313e-06,0.0022145003358135518,0.4604921723496226,0.45827767201380903
piecewise_linear_max_abs,0.0001,0,fixed_mu,70000,1,7.816249778396313e-06,0.002149639929314884,0.46044775032304897,0.4582981103937341
piecewise_linear_max_abs,0.0001,0,fixed_mu,71000,1,7.816249778396313e-06,0.0020874862278194573,0.4604059495787436,0.45831846335092413
piecewise_linear_max_abs,0.0001,0,fixed_mu,72000,1,7.816249778396313e-06,0.002027941373823894,0.46036515737664885,0.45833721600282495
piecewise_linear_max_abs,0.0001,0,fixed_mu,73000,1,7.816249778396313e-06,0.0019717448922634273,0.46032635786763726,0.45835461297537383
piecewise_linear_max_abs,0.0001,0,fixed_mu,74000,1,7.816249778396313e-06,0.0019185571068779383,0.46028941678329416,0.4583708596764162
piecewise_linear_max_abs,0.0001,0,fixed_mu,75000,1,7.816249778396313e-06,0.0018680597605206795,0.46025447335801595,0.45838641359749527
piecewise_linear_max_abs,0.0001,0,fixed_mu,76000,1,7.816249778396313e-06,0.0018184423477485279,0.46021959550949987,0.45840115316175134
piecewise_linear_max_abs,0.0001,0,fixed_mu,77000,1,7.816249778396313e-06,0.0017711609768051306,0.46018628920383087,0.45841512822702574
piecewise_linear_max_abs,0.0001,0,fixed_mu,78000,1,7.816249778396313e-06,0.0017262145113938199,0.46015461129652163,0.4584283967851278
piecewise_linear_max_abs,0.0001,0,fixed_mu,79000,1,7.816249778396313e-06,0.001682756768884408,0.46012502693667906,0.45844227016779465
piecewise_linear_max_abs,0.0001,0,fixed_mu,80000,1,7.816249778396313e-06,0.0016393222202687463,0.46009527108478115,0.4584559488645124
piecewise_linear_max_abs,0.0001,0,fixed_mu,81000,1,7.816249778396313e-06,0.001598169276681105,0.460070367131039,0.4584721978543579
piecewise_linear_max_abs,0.0001,0,fixed_mu,82000,1,7.816249778396313e-06,0.00155694787192312,0.4600433782242454,0.4584864303523223
piecewise_linear_max_abs,0.0001,0,fixed_mu,83000,1,7.816249778396313e-06,0.0015172720791117866,0.46001566414732376,0.45849839206821197
piecewise_linear_max_abs,0.0001,0,fixed_mu,84000,1,7.816249778396313e-06,0.001481799576698195,0.45999062213348224,0.45850882255678405
piecewise_linear_max_abs,0.0001,0,fixed_mu,85000,1,7.816249778396313e-06,0.0014462769696212963,0.459965361353117,0.4585190843834957
piecewise_linear_max_abs,0.0001,0,fixed_mu,86000,1,7.816249778396313e-06,0.0014111225013163087,0.4599428523673573,0.458531729866041
piecewise_linear_max_abs,0.0001,0,fixed_mu,87000,1,7.816249778396313e-06,0.001377608258391838,0.4599199925904357,0.45854238433204386
piecewise_linear_max_abs,0.0001,0,fixed_mu,88000,1,7.816249778396313e-06,0.0013465233212839323,0.4598983784812334,0.45855185515994945
piecewise_linear_max_abs,0.0001,0,fixed_mu,89000,1,7.816249778396313e-06,0.0013159318438342726,0.4598772634065716,0.4585613315627373
piecewise_linear_max_abs,0.0001,0,fixed_mu,90000,1,7.816249778396313e-06,0.0012836662696035783,0.45985799099152475,0.45857432472192117
piecewise_linear_max_abs,0.0001,0,fixed_mu,91000,1,7.816249778396313e-06,0.001254573358948352,0.45984046116215527,0.4585858878032069
piecewise_linear_max_abs,0.0001,0,fixed_mu,92000,1,7.816249778396313e-06,0.0012282199692443263,0.4598232096431831,0.45859498967393875
piecewise_linear_max_abs,0.0001,0,fixed_mu,93000,1,7.816249778396313e-06,0.0012008206135711852,0.4598039910810732,0.45860317046750204
piecewise_linear_max_abs,0.0001,0,fixed_mu,94000,1,7.816249778396313e-06,0.0011740275597426075,0.45978509484129726,0.45861106728155465
piecewise_linear_max_abs,0.0001,0,fixed_mu,95000,1,7.816249778396313e-06,0.0011491559642547444,0.45976662688742,0.45861747092316524
piecewise_linear_max_abs,0.0001,0,fixed_mu,96000,1,7.816249778396313e-06,0.001125311786896066,0.45975045763011635,0.4586251458432203
piecewise_linear_max_abs,0.0001,0,fixed_mu,97000,1,7.816249778396313e-06,0.001100605341337324,0.45973320751087743,0.4586326021695401
piecewise_linear_max_abs,0.0001,0,fixed_mu,98000,1,7.816249778396313e-06,0.0010777893322708731,0.4597175673259519,0.45863977799368105
piecewise_linear_max_abs,0.0001,0,fixed_mu,99000,1,7.816249778396313e-06,0.0010557043064831073,0.45970256079619587,0.45864685648971276
piecewise_linear_max_abs,0.0001,0,fixed_mu,100000,1,7.816249778396313e-06,0.0010343421236736483,0.4596875593636188,0.4586532172399452
piecewise_linear_max_abs,0.0001,0,fixed_mu,101000,1,7.816249778396313e-06,0.0010145106077474875,0.45967366206890403,0.45865915146115654
piecewise_linear_max_abs,0.0001,0,fixed_mu,102000,1,7.816249778396313e-06,0.000992847612320713,0.45965971358292634,0.45866686597060563
piecewise_linear_max_abs,0.0001,0,fixed_mu,103000,1,7.816249778396313e-06,0.0009741773400180342,0.4596469954509637,0.4586728181109457
piecewise_linear_max_abs,0.0001,0,fixed_mu,104000,1,7.816249778396313e-06,0.0009545827371998938,0.45963362222533616,0.45867903948813626
piecewise_linear_max_abs,0.0001,0,fixed_mu,105000,1,7.816249778396313e-06,0.0009360028934117803,0.45962072581367236,0.4586847229202606
piecewise_linear_max_abs,0.0001,0,fixed_mu,106000,1,7.816249778396313e-06,0.0009178365333603611,0.45960800189683093,0.45869016536347057
piecewise_linear_max_abs,0.0001,0,fixed_mu,107000,1,7.816249778396313e-06,0.0009001200330299719,0.45959567532102363,0.45869555528799366
piecewise_linear_max_abs,0.0001,0,fixed_mu,108000,1,7.816249778396313e-06,0.000883187787188433,0.4595841433552377,0.45870095556804924
piecewise_linear_max_abs,0.0001,0,fixed_mu,109000,1,7.816249778396313e-06,0.0008672083302436184,0.4595731320611231,0.4587059237308795
piecewise_linear_max_abs,0.0001,0,fixed_mu,110000,1,7.816249778396313e-06,0.0008503363626689575,0.45956124202351273,0.45871090566084377
piecewise_linear_max_abs,0.0001,0,fixed_mu,111000,1,7.816249778396313e-06,0.0008352472760155272,0.45955117308719223,0.4587159258111767
piecewise_linear_max_abs,0.0001,0,fixed_mu,112000,1,7.816249778396313e-06,0.0008204308425810436,0.45954109237363816,0.4587206615310571
piecewise_linear_max_abs,0.0001,0,fixed_mu,113000,1,7.816249778396313e-06,0.0008059148801856653,0.45953118157705775,0.4587252666968721
piecewise_linear_max_abs,0.0001,0,fixed_mu,114000,1,7.816249778396313e-06,0.000791655528832147,0.45952170121687935,0.4587300456880472
piecewise_linear_max_abs,0.0001,0,fixed_mu,115000,1,7.816249778396313e-06,0.0007780680721254929,0.45951328175867,0.4587352136865445
piecewise_linear_max_abs,0.0001,0,fixed_mu,116000,1,7.816249778396313e-06,0.0007638703978966044,0.45950302989250696,0.45873915949461036
piecewise_linear_max_abs,0.0001,0,fixed_mu,117000,1,7.816249778396313e-06,0.0007500978409347159,0.45949343731579495,0.45874333947486023
piecewise_linear_max_abs,0.0001,0,fixed_mu,118000,1,7.816249778396313e-06,0.0007370856791412694,0.4594846322454085,0.4587475465662672
piecewise_linear_max_abs,0.0001,0,fixed_mu,119000,1,7.816249778396313e-06,0.0007248166215330643,0.45947626513645623,0.45875144851492317
piecewise_linear_max_abs,0.0001,0,fixed_mu,120000,1,7.816249778396313e-06,0.0007124702570459607,0.45946771660733066,0.4587552463502847
piecewise_linear_max_abs,0.0001,0,fixed_mu,121000,1,7.816249778396313e-06,0.0007005691828162464,0.45945946226096607,0.4587588930781498
piecewise_linear_max_abs,0.0001,0,fixed_mu,122000,1,7.816249778396313e-06,0.000689097345443257,0.4594515050232053,0.45876240767776205
piecewise_linear_max_abs,0.0001,0,fixed_mu,123000,1,7.816249778396313e-06,0.000677503227047016,0.4594433244585862,0.4587658212315392
piecewise_linear_max_abs,0.0001,0,fixed_mu,124000,1,7.816249778396313e-06,0.0006663052054020624,0.459435367589471,0.45876906238406895
piecewise_linear_max_abs,0.0001,0,fixed_mu,125000,1,7.816249778396313e-06,0.0006556626675466859,0.4594278953948552,0.4587722327273085
piecewise_linear_max_abs,0.0001,0,fixed_mu,126000,1,7.816249778396313e-06,0.0006453052872640308,0.4594205843053182,0.45877527901805415
piecewise_linear_max_abs,0.0001,0,fixed_mu,127000,1,7.816249778396313e-06,0.0006349341312754109,0.4594133374097027,0.4587784032784273
piecewise_linear_max_abs,0.0001,0,fixed_mu,128000,1,7.816249778396313e-06,0.0006252207602845949,0.4594065590130683,0.4587813382527837
piecewise_linear_max_abs,0.0001,0,fixed_mu,129000,1,7.816249778396313e-06,0.0006145069786889223,0.45939866829724074,0.4587841613185518
piecewise_linear_max_abs,0.0001,0,fixed_mu,130000,1,7.816249778396313e-06,0.0006049567354979857,0.45939201534060736,0.4587870586051094
piecewise_linear_max_abs,0.0001,0,fixed_mu,131000,1,7.816249778396313e-06,0.0005957473303183636,0.4593855856042949,0.4587898382739765
piecewise_linear_max_abs,0.0001,0,fixed_mu,132000,1,7.816249778396313e-06,0.0005867947357576786,0.4593792631318408,0.4587924683960831
piecewise_linear_max_abs,0.0001,0,fixed_mu,133000,1,7.816249778396313e-06,0.000577957707749821,0.45937324970453436,0.45879529199678454
piecewise_linear_max_abs,0.0001,0,fixed_mu,134000,1,7.816249778396313e-06,0.0005691469908594704,0.45936718008284266,0.4587980330919832
piecewise_linear_max_abs,0.0001,0,fixed_mu,135000,1,7.816249778396313e-06,0.0005603704875289384,0.45936104367612657,0.45880067318859763
piecewise_linear_max_abs,0.0001,0,fixed_mu,136000,1,7.816249778396313e-06,0.0005519626214960938,0.45935514937909794,0.45880318675760184
piecewise_linear_max_abs,0.0001,0,fixed_mu,137000,1,7.816249778396313e-06,0.000543721928078722,0.4593493342132572,0.45880561228517847
piecewise_linear_max_abs,0.0001,0,fixed_mu,138000,1,7.816249778396313e-06,0.0005359403922597372,0.4593439126388213,0.45880797224656156
piecewise_linear_max_abs,0.0001,0,fixed_mu,139000,1,7.816249778396313e-06,0.000528002757674173,0.4593382616568584,0.45881025889918425
piecewise_linear_max_abs,0.0001,0,fixed_mu,140000,1,7.816249778396313e-06,0.0005203603663984091,0.4593329132000688,0.4588125528336704
piecewise_linear_max_abs,0.0001,0,fixed_mu,141000,1,7.816249778396313e-06,0.0005130454806113183,0.45932780317252914,0.4588147576919178
piecewise_linear_max_abs,0.0001,0,fixed_mu,142000,1,7.816249778396313e-06,0.000505475019887236,0.45932239237974387,0.45881691735985664
piecewise_linear_max_abs,0.0001,0,fixed_mu,143000,1,7.816249778396313e-06,0.0004983247881809594,0.45931730159047257,0.4588189768022916
piecewise_linear_max_abs,0.0001,0,fixed_mu,144000,1,7.816249778396313e-06,0.00049096540065241,0.45931199857787336,0.45882103317722095
piecewise_linear_max_abs,0.0001,0,fixed_mu,145000,1,7.816249778396313e-06,0.0004840765534528946,0.4593071178548795,0.4588230413014266
piecewise_linear_max_abs,0.0001,0,fixed_mu,146000,1,7.816249778396313e-06,0.0004774681766093747,0.4593024458564236,0.4588249776798142
piecewise_linear_max_abs,0.0001,0,fixed_mu,147000,1,7.816249778396313e-06,0.00047080782824965306,0.4592977653067648,0.45882695747851515
piecewise_linear_max_abs,0.0001,0,fixed_mu,148000,1,7.816249778396313e-06,0.00046446615154327464,0.459293311864743,0.4588288457131997
piecewise_linear_max_abs,0.0001,0,fixed_mu,149000,1,7.816249778396313e-06,0.0004579002722072678,0.4592885588735064,0.4588306586012991
piecewise_linear_max_abs,0.0001,0,fixed_mu,150000,1,7.816249778396313e-06,0.00045133374089062483,0.4592838053441149,0.45883247160322427
piecewise_linear_max_abs,0.0001,0,fixed_mu,151000,1,7.816249778396313e-06,0.0004452024708369584,0.4592794702757951,0.4588342678049581
piecewise_linear_max_abs,0.0001,0,fixed_mu,152000,1,7.816249778396313e-06,0.0004393914522977105,0.4592753567093995,0.4588359652571018
piecewise_linear_max_abs,0.0001,0,fixed_mu,153000,1,7.816249778396313e-06,0.00043373889332531945,0.4592713972829783,0.45883765838965296
piecewise_linear_max_abs,0.0001,0,fixed_mu,154000,1,7.816249778396313e-06,0.0004281594680246026,0.45926754430371397,0.45883938483568937
piecewise_linear_max_abs,0.0001,0,fixed_mu,155000,1,7.816249778396313e-06,0.0004224353317079377,0.45926360160542834,0.4588411662737204
piecewise_linear_max_abs,0.0001,0,fixed_mu,156000,1,7.816249778396313e-06,0.0004170167195123864,0.45925981801901056,0.45884280129949817
piecewise_linear_max_abs,0.0001,0,fixed_mu,157000,1,7.816249778396313e-06,0.0004111135083099682,0.4592555429578755,0.45884442944956555
piecewise_linear_max_abs,0.0001,0,fixed_mu,158000,1,7.816249778396313e-06,0.00040539227374059017,0.4592514321761681,0.4588460399024275
piecewise_linear_max_abs,0.0001,0,fixed_mu,159000,1,7.816249778396313e-06,0.0004006388782971104,0.4592481651972873,0.4588475263189902
piecewise_linear_max_abs,0.0001,0,fixed_mu,160000,1,7.816249778396313e-06,0.00039538382716997056,0.45924437852201994,0.45884899469484997
piecewise_linear_max_abs,0.0001,0,fixed_mu,161000,1,7.816249778396313e-06,0.0003904134282494143,0.45924117870071235,0.45885076527246293
piecewise_linear_max_abs,0.0001,0,fixed_mu,162000,1,7.816249778396313e-06,0.000385168110538181,0.459237495699204,0.45885232758866584
piecewise_linear_max_abs,0.0001,0,fixed_mu,163000,1,7.816249778396313e-06,0.0003804244215278585,0.45923430035258683,0.458853875931059
piecewise_linear_max_abs,0.0001,0,fixed_mu,164000,1,7.816249778396313e-06,0.000375600890758776,0.4592309327163577,0.4588553318255989
piecewise_linear_max_abs,0.0001,0,fixed_mu,165000,1,7.816249778396313e-06,0.00037080260228239403,0.45922757792955826,0.45885677532727587
piecewise_linear_max_abs,0.0001,0,fixed_mu,166000,1,7.816249778396313e-06,0.0003660878736035933,0.45922423383794986,0.45885814596434626
piecewise_linear_max_abs,0.0001,0,fixed_mu,167000,1,7.816249778396313e-06,0.00036136262020664,0.45922083741592845,0.4588594747957218
piecewise_linear_max_abs,0.0001,0,fixed_mu,168000,1,7.816249778396313e-06,0.0003570998801828429,0.45921792986513604,0.4588608299849532
piecewise_linear_max_abs,0.0001,0,fixed_mu,169000,1,7.816249778396313e-06,0.00035261715525397586,0.4592148147635933,0.45886219760833935
piecewise_linear_max_abs,0.0001,0,fixed_mu,170000,1,7.816249778396313e-06,0.00034826223413292334,0.45921174614221505,0.4588634839080821
piecewise_linear_max_abs,0.0001,0,fixed_mu,171000,1,7.816249778396313e-06,0.0003439813127172342,0.45920873657503697,0.45886475526231973
piecewise_linear_max_abs,0.0001,0,fixed_mu,172000,1,7.816249778396313e-06,0.0003396263629188434,0.4592056243806959,0.45886599801777705
piecewise_linear_max_abs,0.0001,0,fixed_mu,173000,1,7.816249778396313e-06,0.00033581966274032204,0.459202996458602,0.4588671767958617
piecewise_linear_max_abs,0.0001,0,fixed_mu,174000,1,7.816249778396313e-06,0.00033145478467294653,0.4591998187939339,0.45886836400926095
piecewise_linear_max_abs,0.0001,0,fixed_mu,175000,1,7.816249778396313e-06,0.0003277523809447902,0.45919741738520653,0.45886966500426174
piecewise_linear_max_abs,0.0001,0,fixed_mu,176000,1,7.816249778396313e-06,0.0003237059419786137,0.45919460218646785,0.45887089624448923
piecewise_linear_max_abs,0.0001,0,fixed_mu,177000,1,7.816249778396313e-06,0.00031972720516193487,0.4591917869605314,0.4588720597553695
piecewise_linear_max_abs,0.0001,0,fixed_mu,178000,1,7.816249778396313e-06,0.0003159300476928695,0.4591890905750195,0.45887316052732663
piecewise_linear_max_abs,0.0001,0,fixed_mu,179000,1,7.816249778396313e-06,0.0003124012564525991,0.4591866949542023,0.4588742936977497
piecewise_linear_max_abs,0.0001,0,fixed_mu,180000,1,7.816249778396313e-06,0.0003083991805563624,0.4591837897293896,0.45887539054883325
piecewise_linear_max_abs,0.0001,0,fixed_mu,181000,1,7.816249778396313e-06,0.0003047715226200953,0.45918123140151706,0.45887645987889697
piecewise_linear_max_abs,0.0001,0,fixed_mu,182000,1,7.816249778396313e-06,0.000301255587401128,0.4591787432441229,0.45887748765672176
piecewise_linear_max_abs,0.0001,0,fixed_mu,183000,1,7.816249778396313e-06,0.0002978487464042612,0.45917638012323253,0.45887853137682827
piecewise_linear_max_abs,0.0001,0,fixed_mu,184000,1,7.816249778396313e-06,0.0002942798037690597,0.4591738067215163,0.45887952691774725
piecewise_linear_max_abs,0.0001,0,fixed_mu,185000,1,7.816249778396313e-06,0.00029098593204118783,0.45917147861431307,0.4588804926822719
piecewise_linear_max_abs,0.0001,0,fixed_mu,186000,1,7.816249778396313e-06,0.00028772752210004526,0.4591691774753139,0.45888144995321384
piecewise_linear_max_abs,0.0001,0,fixed_mu,187000,1,7.816249778396313e-06,0.00028445035184410106,0.45916683948879594,0.45888238913695184
piecewise_linear_max_abs,0.0001,0,fixed_mu,188000,1,7.816249778396313e-06,0.00028133339583347183,0.45916464264697876,0.4588833092511453
piecewise_linear_max_abs,0.0001,0,fixed_mu,189000,1,7.816249778396313e-06,0.0002782379016849079,0.4591624423766916,0.4588842044750067
piecewise_linear_max_abs,0.0001,0,fixed_mu,190000,1,7.816249778396313e-06,0.00027499444521528194,0.45916008506124156,0.4588850906160263
piecewise_linear_max_abs,0.0001,0,fixed_mu,191000,1,7.816249778396313e-06,0.0002718328520132651,0.4591578356516268,0.45888600279961356
piecewise_linear_max_abs,0.0001,0,fixed_mu,192000,1,7.816249778396313e-06,0.00026858404596957763,0.4591554780653073,0.45888689401933774
piecewise_linear_max_abs,0.0001,0,fixed_mu,193000,1,7.816249778396313e-06,0.000265519739380049,0.45915327441470244,0.4588877546753224
piecewise_linear_max_abs,0.0001,0,fixed_mu,194000,1,7.816249778396313e-06,0.0002624517755067668,0.4591510764970327,0.4588886247215259
piecewise_linear_max_abs,0.0001,0,fixed_mu,195000,1,7.816249778396313e-06,0.0002596872031452313,0.4591491531315992,0.458889465928454
piecewise_linear_max_abs,0.0001,0,fixed_mu,196000,1,7.816249778396313e-06,0.00025696551251613853,0.45914725373375453,0.4588902882212384
piecewise_linear_max_abs,0.0001,0,fixed_mu,197000,1,7.816249778396313e-06,0.0002542250670692914,0.45914532661083324,0.45889110154376395
piecewise_linear_max_abs,0.0001,0,fixed_mu,198000,1,7.816249778396313e-06,0.00025145027083278704,0.4591433415987845,0.4588918913279517
piecewise_linear_max_abs,0.0001,0,fixed_mu,199000,1,7.816249778396313e-06,0.00024871634738221626,0.4591413679114101,0.45889265156402786
piecewise_linear_max_abs,0.0001,0,fixed_mu,200000,1,7.816249778396313e-06,0.00024608098075479257,0.45913950010843363,0.45889341912767884
piecewise_linear_max_abs,0.0001,0,fixed_mu,201000,1,7.816249778396313e-06,0.0002434009294342565,0.4591375846730905,0.45889418374365626
piecewise_linear_max_abs,0.0001,0,fixed_mu,202000,1,7.816249778396313e-06,0.0002406543600672606,0.4591355817376582,0.45889492737759097
piecewise_linear_max_abs,0.0001,0,fixed_mu,203000,1,7.816249778396313e-06,0.00023811528362593926,0.45913379113952046,0.4588956758558945
piecewise_linear_max_abs,0.0001,0,fixed_mu,204000,1,7.816249778396313e-06,0.00023559701727982052,0.45913201015020544,0.4588964131329256
piecewise_linear_max_abs,0.0001,0,fixed_mu,205000,1,7.816249778396313e-06,0.00023310462345865757,0.4591302434968937,0.45889713887343503
piecewise_linear_max_abs,0.0001,0,fixed_mu,206000,1,7.816249778396313e-06,0.00023070174421535583,0.4591285463474871,0.45889784460327177
piecewise_linear_max_abs,0.0001,0,fixed_mu,207000,1,7.816249778396313e-06,0.00022839004033342603,0.45912693938822224,0.4588985493478888
piecewise_linear_max_abs,0.0001,0,fixed_mu,208000,1,7.816249778396313e-06,0.00022566235461651818,0.45912494634089723,0.4588992839862807
piecewise_linear_max_abs,0.0001,0,fixed_mu,209000,1,7.816249778396313e-06,0.0002233025024469537,0.4591232728479172,0.45889997034547025
piecewise_linear_max_abs,0.0001,0,fixed_mu,210000,1,7.816249778396313e-06,0.00022089971604438707,0.4591215026471346,0.4589006029310902
piecewise_linear_max_abs,0.0001,0,fixed_mu,211000,1,7.816249778396313e-06,0.00021867648455009547,0.4591199216699655,0.4589012451854154
piecewise_linear_max_abs,0.0001,0,fixed_mu,212000,1,7.816249778396313e-06,0.00021650466701894633,0.4591183961382297,0.45890189147121074
piecewise_linear_max_abs,0.0001,0,fixed_mu,213000,1,7.816249778396313e-06,0.0002143932156492001,0.4591169033426332,0.458902510126984
piecewise_linear_max_abs,0.0001,0,fixed_mu,214000,1,7.816249778396313e-06,0.00021228940952511266,0.4591154245223378,0.45890313511281267
piecewise_linear_max_abs,0.0001,0,fixed_mu,215000,1,7.816249778396313e-06,0.00021016794059219857,0.45911395409228395,0.45890378615169175
piecewise_linear_max_abs,0.0001,0,fixed_mu,216000,1,7.816249778396313e-06,0.00020804384978867496,0.45911244870800927,0.4589044048582206
piecewise_linear_max_abs,0.0001,0,fixed_mu,217000,1,7.816249778396313e-06,0.00020580338737641313,0.45911082447834917,0.45890502109097275
piecewise_linear_max_abs,0.0001,0,fixed_mu,218000,1,7.816249778396313e-06,0.0002035405915852273,0.4591091621814604,0.4589056215898752
piecewise_linear_max_abs,0.0001,0,fixed_mu,219000,1,7.816249778396313e-06,0.0002013842212602035,0.4591075846654306,0.4589062004441704
piecewise_linear_max_abs,0.0001,0,fixed_mu,220000,1,7.816249778396313e-06,0.00019941793410477304,0.4591061820863132,0.45890676415220844
piecewise_linear_max_abs,0.0001,0,fixed_mu,221000,1,7.816249778396313e-06,0.0001974958282300876,0.459104826265183,0.4589073304369529
piecewise_linear_max_abs,0.0001,0,fixed_mu,222000,1,7.816249778396313e-06,0.00019561884260566043,0.45910350444938264,0.458907885606777
piecewise_linear_max_abs,0.0001,0,fixed_mu,223000,1,7.816249778396313e-06,0.00019376070798765577,0.45910219893585946,0.4589084382278718
piecewise_linear_max_abs,0.0001,0,fixed_mu,224000,1,7.816249778396313e-06,0.00019175861093301272,0.4591007715319184,0.4589090129209854
piecewise_linear_max_abs,0.0001,0,fixed_mu,225000,1,7.816249778396313e-06,0.00018979787545464477,0.459099380500859,0.4589095826254044
piecewise_linear_max_abs,0.0001,0,fixed_mu,226000,1,7.816249778396313e-06,0.00018792933985828375,0.45909806445646384,0.45891013511660556
piecewise_linear_max_abs,0.0001,0,fixed_mu,227000,1,7.816249778396313e-06,0.00018606660706949052,0.4590967424324653,0.4589106758253958
piecewise_linear_max_abs,0.0001,0,fixed_mu,228000,1,7.816249778396313e-06,0.00018420454015122267,0.459095397462328,0.4589111929221768
piecewise_linear_max_abs,0.0001,0,fixed_mu,229000,1,7.816249778396313e-06,0.00018236759325745977,0.4590940691276231,0.4589117015343656
piecewise_linear_max_abs,0.0001,0,fixed_mu,230000,1,7.816249778396313e-06,0.000180529336565316,0.4590927425112123,0.458912213174647
piecewise_linear_max_abs,0.0001,0,fixed_mu,231000,1,7.816249778396313e-06,0.0001786893577617188,0.4590914152055516,0.45891272584778986
piecewise_linear_max_abs,0.0001,0,fixed_mu,232000,1,7.816249778396313e-06,0.00017685725578420186,0.4590900892664975,0.4589132320107133
piecewise_linear_max_abs,0.0001,0,fixed_mu,233000,1,7.816249778396313e-06,0.0001750883553002236,0.45908881414283675,0.45891372578753653
piecewise_linear_max_abs,0.0001,0,fixed_mu,234000,1,7.816249778396313e-06,0.0001733239611100834,0.4590875291979308,0.4589142052368207
piecewise_linear_max_abs,0.0001,0,fixed_mu,235000,1,7.816249778396313e-06,0.0001715631127164885,0.45908623785949315,0.45891467474677666
piecewise_linear_max_abs,0.0001,0,fixed_mu,236000,1,7.816249778396313e-06,0.00016987238115395709,0.4590850121828863,0.4589151398017323
piecewise_linear_max_abs,0.0001,0,fixed_mu,237000,1,7.816249778396313e-06,0.00016820791561905635,0.45908380657153436,0.4589155986559153
piecewise_linear_max_abs,0.0001,0,fixed_mu,238000,1,7.816249778396313e-06,0.00016653979503816752,0.45908258928965906,0.4589160494946209
piecewise_linear_max_abs,0.0001,0,fixed_mu,239000,1,7.816249778396313e-06,0.00016500111717482335,0.45908149685488187,0.45891649573770704
piecewise_linear_max_abs,0.0001,0,fixed_mu,240000,1,7.816249778396313e-06,0.000163579018947424,0.4590805144172387,0.45891693539829126
piecewise_linear_max_abs,0.0001,0,fixed_mu,241000,1,7.816249778396313e-06,0.00016211824153034016,0.4590794813799075,0.45891736313837717
piecewise_linear_max_abs,0.0001,0,fixed_mu,242000,1,7.816249778396313e-06,0.00016056968782957037,0.4590783476685992,0.4589177779807696
piecewise_linear_max_abs,0.0001,0,fixed_mu,243000,1,7.816249778396313e-06,0.000158983805089552,0.4590771761499012,0.4589181923448116
piecewise_linear_max_abs,0.0001,0,fixed_mu,244000,1,7.816249778396313e-06,0.00015741866912555302,0.4590760304125861,0.45891861174346055
piecewise_linear_max_abs,0.0001,0,fixed_mu,245000,1,7.816249778396313e-06,0.0001558958718763659,0.4590749272225241,0.4589190313506477
piecewise_linear_max_abs,0.0001,0,fixed_mu,246000,1,7.816249778396313e-06,0.0001544215002466376,0.45907386941118267,0.45891944791093603
piecewise_linear_max_abs,0.0001,0,fixed_mu,247000,1,7.816249778396313e-06,0.0001529807006847017,0.4590728384567463,0.4589198577560616
piecewise_linear_max_abs,0.0001,0,fixed_mu,248000,1,7.816249778396313e-06,0.00015157104777457908,0.4590718316731892,0.45892026062541463
piecewise_linear_max_abs,0.0001,0,fixed_mu,249000,1,7.816249778396313e-06,0.00015017749020274085,0.45907083649140984,0.4589206590012071
piecewise_linear_max_abs,0.0001,0,fixed_mu,250000,1,7.816249778396313e-06,0.00014878318139388558,0.45906983850548533,0.45892105532409144
piecewise_linear_max_abs,0.0001,0,fixed_mu,251000,1,7.816249778396313e-06,0.00014737774566009332,0.45906882852531333,0.45892145077965324
piecewise_linear_max_abs,0.0001,0,fixed_mu,252000,1,7.816249778396313e-06,0.00014597437441349337,0.4590678228117966,0.4589218484373831
piecewise_linear_max_abs,0.0001,0,fixed_mu,253000,1,7.816249778396313e-06,0.0001445750235021248,0.45906681814614947,0.45892224312264734
piecewise_linear_max_abs,0.0001,0,fixed_mu,254000,1,7.816249778396313e-06,0.0001431780314230524,0.4590658047643149,0.45892262673289186
piecewise_linear_max_abs,0.0001,0,fixed_mu,255000,1,7.816249778396313e-06,0.00014183243774834597,0.45906485850204803,0.4589230260642997
piecewise_linear_max_abs,0.0001,0,fixed_mu,256000,1,7.816249778396313e-06,0.00014031102793693462,0.4590637946594885,0.45892348363155155
piecewise_linear_max_abs,0.0001,0,fixed_mu,257000,1,7.816249778396313e-06,0.00013897364459963812,0.45906288546466223,0.4589239118200626
piecewise_linear_max_abs,0.0001,0,fixed_mu,258000,1,7.816249778396313e-06,0.00013758118103751604,0.45906187807534343,0.4589242968943059
piecewise_linear_max_abs,0.0001,0,fixed_mu,259000,1,7.816249778396313e-06,0.00013622741661645232,0.45906087930806155,0.4589246518914451
piecewise_linear_max_abs,0.0001,0,fixed_mu,260000,1,7.816249778396313e-06,0.00013476312031784898,0.45905976315563385,0.458925000035316
piecewise_linear_max_abs,0.0001,0,fixed_mu,261000,1,7.816249778396313e-06,0.00013354399707643516,0.4590589076492159,0.4589253636521395
piecewise_linear_max_abs,0.0001,0,fixed_mu,262000,1,7.816249778396313e-06,0.00013236479842948512,0.4590580878649864,0.45892572306655693
piecewise_linear_max_abs,0.0001,0,fixed_mu,263000,1,7.816249778396313e-06,0.0001311533773581952,0.45905722510192376,0.45892607172456557
piecewise_linear_max_abs,0.0001,0,fixed_mu,264000,1,7.816249778396313e-06,0.00012994733479781972,0.45905634931122824,0.4589264019764304
piecewise_linear_max_abs,0.0001,0,fixed_mu,265000,1,7.816249778396313e-06,0.00012874497774961746,0.45905546945779907,0.45892672448004945
piecewise_linear_max_abs,0.0001,0,fixed_mu,266000,1,7.816249778396313e-06,0.00012762661434029265,0.459054674660407,0.4589270480460667
piecewise_linear_max_abs,0.0001,0,fixed_mu,267000,1,7.816249778396313e-06,0.00012648330865311364,0.4590538514600695,0.4589273681514164
piecewise_linear_max_abs,0.0001,0,fixed_mu,268000,1,7.816249778396313e-06,0.00012529685995354978,0.45905299376582825,0.4589276969058747
piecewise_linear_max_abs,0.0001,0,fixed_mu,269000,1,7.816249778396313e-06,0.0001241467943687291,0.45905217384274283,0.4589280270483741
piecewise_linear_max_abs,0.0001,0,fixed_mu,270000,1,7.816249778396313e-06,0.00012307831443059136,0.4590514298348481,0.4589283515204175
piecewise_linear_max_abs,0.0001,0,fixed_mu,271000,1,7.816249778396313e-06,0.00012198918693140381,0.45905065153850455,0.45892866235157315
piecewise_linear_max_abs,0.0001,0,fixed_mu,272000,1,7.816249778396313e-06,0.00012085768533759422,0.4590498190720213,0.4589289613866837
piecewise_linear_max_abs,0.0001,0,fixed_mu,273000,1,7.816249778396313e-06,0.0001197404747216857,0.45904899725973913,0.45892925678501745
piecewise_linear_max_abs,0.0001,0,fixed_mu,274000,1,7.816249778396313e-06,0.00011865216701928416,0.45904819985384065,0.45892954768682137
piecewise_linear_max_abs,0.0001,0,fixed_mu,275000,1,7.816249778396313e-06,0.00011756557011860513,0.45904739635893305,0.45892983078881444
piecewise_linear_max_abs,0.0001,0,fixed_mu,276000,1,7.816249778396313e-06,0.00011644470127575302,0.45904655599263594,0.4589301112913602
piecewise_linear_max_abs,0.0001,0,fixed_mu,277000,1,7.816249778396313e-06,0.00011527254569981826,0.4590456644893117,0.4589303919436119
piecewise_linear_max_abs,0.0001,0,fixed_mu,278000,1,7.816249778396313e-06,0.00011416048776352605,0.459044832594339,0.45893067210657545
piecewise_linear_max_abs,0.0001,0,fixed_mu,279000,1,7.816249778396313e-06,0.00011317507776659186,0.45904412283003987,0.4589309477522733
piecewise_linear_max_abs,0.0001,0,fixed_mu,280000,1,7.816249778396313e-06,0.0001122499123552001,0.45904346815040653,0.45893121823805133
piecewise_linear_max_abs,0.0001,0,fixed_mu,281000,1,7.816249778396313e-06,0.00011130234610223777,0.45904279036307843,0.4589314880169762
piecewise_linear_max_abs,0.0001,0,fixed_mu,282000,1,7.816249778396313e-06,0.00011036291118754482,0.45904213744891054,0.458931774537723
piecewise_linear_max_abs,0.0001,0,fixed_mu,283000,1,7.816249778396313e-06,0.00010932702068239264,0.459041373045747,0.4589320460250646
piecewise_linear_max_abs,0.0001,0,fixed_mu,284000,1,7.816249778396313e-06,0.00010832748367040068,0.45904063193015116,0.45893230444648075
piecewise_linear_max_abs,0.0001,0,fixed_mu,285000,1,7.816249778396313e-06,0.00010737538057697948,0.4590399435699758,0.4589325681893988
piecewise_linear_max_abs,0.0001,0,fixed_mu,286000,1,7.816249778396313e-06,0.00010642111570158264,0.45903925560654646,0.4589328344908449
piecewise_linear_max_abs,0.0001,0,fixed_mu,287000,1,7.816249778396313e-06,0.00010541007028264104,0.4590385099554425,0.45893309988515985
piecewise_linear_max_abs,0.0001,0,fixed_mu,288000,1,7.816249778396313e-06,0.00010443764313500248,0.45903779753870105,0.45893335989556605
piecewise_linear_max_abs,0.0001,0,fixed_mu,289000,1,7.816249778396313e-06,0.00010351845360384582,0.4590371335825892,0.45893361512898534
piecewise_linear_max_abs,0.0001,0,fixed_mu,290000,1,7.816249778396313e-06,0.00010258856295936036,0.45903645726668446,0.4589338687037251
piecewise_linear_max_abs,0.0001,0,fixed_mu,291000,1,7.816249778396313e-06,0.00010163309954414057,0.4590357568789657,0.45893412377942155
piecewise_linear_max_abs,0.0001,0,fixed_mu,292000,1,7.816249778396313e-06,0.00010066594710106402,0.45903504359840874,0.4589343776513077
piecewise_linear_max_abs,0.0001,0,fixed_mu,292712,1,7.816249778396313e-06,9.99991733585115e-05,0.4590345559971216,0.4589345568237631
piecewise_linear_max_abs,0.0001,0,continuation_mu,0,1,6.25299982271705e-05,8.326569968036633,0.9990645439183403,-7.327505424118294
piecewise_linear_max_abs,0.0001,0,continuation_mu,1,1,6.25299982271705e-05,8.32651433773062,0.9990089136123254,-7.327505424118294
piecewise_linear_max_abs,0.0001,0,continuation_mu,1000,1,6.25299982271705e-05,0.8359871819395694,0.8065359158991566,-0.029451266040412816
piecewise_linear_max_abs,0.0001,0,continuation_mu,2000,1,6.25299982271705e-05,0.4515918016495789,0.6656870610676936,0.2140952594181147
piecewise_linear_max_abs,0.0001,0,continuation_mu,3000,1,6.25299982271705e-05,0.2324155060324774,0.5769824806878947,0.3445669746554173
piecewise_linear_max_abs,0.0001,0,continuation_mu,4000,1,6.25299982271705e-05,0.1283434789331812,0.5312801508148977,0.40293667188171645
piecewise_linear_max_abs,0.0001,0,continuation_mu,5000,1,6.25299982271705e-05,0.07803569087728673,0.5065981308920785,0.42856244001479177
piecewise_linear_max_abs,0.0001,0,continuation_mu,6000,1,6.25299982271705e-05,0.051148621056213595,0.4924210216010415,0.4412724005448279
piecewise_linear_max_abs,0.0001,0,continuation_mu,7000,1,6.25299982271705e-05,0.03580400241513648,0.4820795140091372,0.4462755115940007
piecewise_linear_max_abs,0.0001,0,continuation_mu,8000,1,6.25299982271705e-05,0.026000724003487685,0.47593841903704287,0.4499376950335552
piecewise_linear_max_abs,0.0001,0,continuation_mu,9000,1,6.25299982271705e-05,0.020094249349368765,0.4715271798963676,0.45143293054699885
piecewise_linear_max_abs,0.0001,0,continuation_mu,10000,1,6.25299982271705e-05,0.015772982601599428,0.4688717340058812,0.4530987514042818
piecewise_linear_max_abs,0.0001,0,continuation_mu,11000,1,6.25299982271705e-05,0.01274584935434575,0.46704080508764834,0.4542949557333026
piecewise_linear_max_abs,0.0001,0,continuation_mu,12000,1,6.25299982271705e-05,0.01038417740051284,0.46556387924775766,0.4551797018472448
piecewise_linear_max_abs,0.0001,0,continuation_mu,13000,1,6.25299982271705e-05,0.0086281031546237,0.4646041767791316,0.45597607362450787
piecewise_linear_max_abs,0.0001,0,continuation_mu,14000,1,6.25299982271705e-05,0.007344636589696307,0.4638054979082962,0.4564608613185999
piecewise_linear_max_abs,0.0001,0,continuation_mu,15000,1,6.25299982271705e-05,0.0063413818150589996,0.46316791242433364,0.45682653060927464
piecewise_linear_max_abs,0.0001,0,continuation_mu,16000,1,6.25299982271705e-05,0.005518148758408059,0.46260627454088216,0.4570881257824741
piecewise_linear_max_abs,0.0001,0,continuation_mu,17000,1,6.25299982271705e-05,0.00486279638666276,0.46217069236156294,0.4573078959749002
piecewise_linear_max_abs,0.0001,0,continuation_mu,18000,1,6.25299982271705e-05,0.004257836876532861,0.4618585584423066,0.45760072156577375
piecewise_linear_max_abs,0.0001,0,continuation_mu,19000,1,6.25299982271705e-05,0.0037995967097517735,0.4615555424259983,0.4577559457162465
piecewise_linear_max_abs,0.0001,0,continuation_mu,20000,1,6.25299982271705e-05,0.003421438144964095,0.46130600869366023,0.45788457054869613
piecewise_linear_max_abs,0.0001,0,continuation_mu,21000,1,6.25299982271705e-05,0.0030997735246514058,0.46108972131765696,0.45798994779300556
piecewise_linear_max_abs,0.0001,0,continuation_mu,22000,1,6.25299982271705e-05,0.0028250277948854152,0.4609032257583426,0.45807819796345717
piecewise_linear_max_abs,0.0001,0,continuation_mu,23000,1,6.25299982271705e-05,0.0025828868974101526,0.46073976554872986,0.4581568786513197
piecewise_linear_max_abs,0.0001,0,continuation_mu,24000,1,6.25299982271705e-05,0.0023668931172400876,0.46060055329975125,0.45823366018251116
piecewise_linear_max_abs,0.0001,0,continuation_mu,25000,1,6.25299982271705e-05,0.0021783908704989807,0.46046898405970554,0.45829059318920656
piecewise_linear_max_abs,0.0001,0,continuation_mu,26000,1,6.25299982271705e-05,0.002017188741145648,0.460362811803285,0.45834562306213933
piecewise_linear_max_abs,0.0001,0,continuation_mu,27000,1,6.25299982271705e-05,0.0018668402889159275,0.4602604963056854,0.45839365601676946
piecewise_linear_max_abs,0.0001,0,continuation_mu,28000,1,6.25299982271705e-05,0.001742310007277037,0.46017664970529054,0.4584343396980135
piecewise_linear_max_abs,0.0001,0,continuation_mu,29000,1,6.25299982271705e-05,0.0016240620478386592,0.4600942033050221,0.45847014125718344
piecewise_linear_max_abs,0.0001,0,continuation_mu,30000,1,6.25299982271705e-05,0.0015190533304010878,0.46002655664995873,0.45850750331955764
piecewise_linear_max_abs,0.0001,0,continuation_mu,31000,1,6.25299982271705e-05,0.0014204911971821832,0.45995845293925597,0.4585379617420738
piecewise_linear_max_abs,0.0001,0,continuation_mu,32000,1,6.25299982271705e-05,0.0013329663287829918,0.45990218516008824,0.45856921883130525
piecewise_linear_max_abs,0.0001,0,continuation_mu,33000,1,6.25299982271705e-05,0.0012544738152893142,0.4598467390270024,0.4585922652117131
piecewise_linear_max_abs,0.0001,0,continuation_mu,34000,1,6.25299982271705e-05,0.001182478216592342,0.4597987044454643,0.45861622622887194
piecewise_linear_max_abs,0.0001,0,continuation_mu,35000,1,6.25299982271705e-05,0.0011154098219818276,0.4597523852534551,0.45863697543147325
piecewise_linear_max_abs,0.0001,0,continuation_mu,36000,1,6.25299982271705e-05,0.0010559497541470786,0.4597116187226432,0.45865566896849613
piecewise_linear_max_abs,0.0001,0,continuation_mu,37000,1,6.25299982271705e-05,0.000998634251994146,0.4596713210537889,0.45867268680179474
piecewise_linear_max_abs,0.0001,0,continuation_mu,38000,1,6.25299982271705e-05,0.000946296653193679,0.45963629746805773,0.45869000081486405
piecewise_linear_max_abs,0.0001,0,continuation_mu,39000,1,6.25299982271705e-05,0.0009035983050685314,0.45960899361109203,0.4587053953060235
piecewise_linear_max_abs,0.0001,0,continuation_mu,40000,1,6.25299982271705e-05,0.0008630133324277756,0.45958089253498935,0.4587178792025616
piecewise_linear_max_abs,0.0001,0,continuation_mu,41000,1,6.25299982271705e-05,0.0008198764563583372,0.45955050124755914,0.4587306247912008
piecewise_linear_max_abs,0.0001,0,continuation_mu,42000,1,6.25299982271705e-05,0.0007866897546636165,0.4595295382640013,0.45874284850933766
piecewise_linear_max_abs,0.0001,0,continuation_mu,43000,1,6.25299982271705e-05,0.0007453675574368157,0.4594992543642191,0.4587538868067823
piecewise_linear_max_abs,0.0001,0,continuation_mu,44000,1,6.25299982271705e-05,0.0007108961930943347,0.4594748410270821,0.45876394483398775
piecewise_linear_max_abs,0.0001,0,continuation_mu,45000,1,6.25299982271705e-05,0.0006839275813127488,0.45945718499566807,0.4587732574143553
piecewise_linear_max_abs,0.0001,0,continuation_mu,46000,1,6.25299982271705e-05,0.0006540139060137728,0.459436160035573,0.45878214612955925
piecewise_linear_max_abs,0.0001,0,continuation_mu,47000,1,6.25299982271705e-05,0.0006250930183009928,0.45941497257057423,0.45878987955227324
piecewise_linear_max_abs,0.0001,0,continuation_mu,48000,1,6.25299982271705e-05,0.000602730808353602,0.45940018352467965,0.45879745271632605
piecewise_linear_max_abs,0.0001,0,continuation_mu,49000,1,6.25299982271705e-05,0.0005780523401806015,0.459382491672665,0.4588044393324844
piecewise_linear_max_abs,0.0001,0,continuation_mu,50000,1,6.25299982271705e-05,0.0005556288795677267,0.45936641601818484,0.4588107871386171
piecewise_linear_max_abs,0.0001,0,continuation_mu,51000,1,6.25299982271705e-05,0.0005348983467809432,0.4593516879820535,0.45881678963527256
piecewise_linear_max_abs,0.0001,0,continuation_mu,52000,1,6.25299982271705e-05,0.0005145332421964133,0.45933702127118314,0.45882248802898673
piecewise_linear_max_abs,0.0001,0,continuation_mu,53000,1,6.25299982271705e-05,0.0004952818979970242,0.4593231949397455,0.45882791304174847
piecewise_linear_max_abs,0.0001,0,continuation_mu,54000,1,6.25299982271705e-05,0.00047781625264131655,0.45931087273336124,0.4588330564807199
piecewise_linear_max_abs,0.0001,0,continuation_mu,55000,1,6.25299982271705e-05,0.00046151728250504176,0.4592993100429562,0.45883779276045117
piecewise_linear_max_abs,0.0001,0,continuation_mu,56000,1,6.25299982271705e-05,0.00044697796682269253,0.45928954627582946,0.45884256830900677
piecewise_linear_max_abs,0.0001,0,continuation_mu,57000,1,6.25299982271705e-05,0.0004337478369408343,0.45928092766484807,0.45884717982790724
piecewise_linear_max_abs,0.0001,0,continuation_mu,58000,1,6.25299982271705e-05,0.00041816023948648695,0.4592695140064955,0.45885135376700903
piecewise_linear_max_abs,0.0001,0,continuation_mu,59000,1,6.25299982271705e-05,0.0004026128197310852,0.4592579744032993,0.4588553615835682
piecewise_linear_max_abs,0.0001,0,continuation_mu,59193,1,6.25299982271705e-05,0.0003999869551866708,0.45925611355525287,0.4588561266000662
piecewise_linear_max_abs,0.0001,0,continuation_mu,59194,2,3.126499911358525e-05,0.4361075115488023,0.4592550835591012,0.023147572010298934
piecewise_linear_max_abs,0.0001,0,continuation_mu,60000,2,3.126499911358525e-05,1.3156685350465378,0.8747456493095382,-0.44092288573699945
piecewise_linear_max_abs,0.0001,0,continuation_mu,61000,2,3.126499911358525e-05,0.6969693836583719,0.7652901211892571,0.06832073753088519
piecewise_linear_max_abs,0.0001,0,continuation_mu,62000,2,3.126499911358525e-05,0.4564444371249381,0.6674256063565944,0.21098116923165633
piecewise_linear_max_abs,0.0001,0,continuation_mu,63000,2,3.126499911358525e-05,0.2865401461340557,0.59731980319116,0.31077965705710425
piecewise_linear_max_abs,0.0001,0,continuation_mu,64000,2,3.126499911358525e-05,0.18460278263720392,0.5541479447505685,0.3695451621133646
piecewise_linear_max_abs,0.0001,0,continuation_mu,65000,2,3.126499911358525e-05,0.12168581099754694,0.5280671969252843,0.4063813859277373
piecewise_linear_max_abs,0.0001,0,continuation_mu,66000,2,3.126499911358525e-05,0.08497379860470677,0.5099427531557308,0.424968954551024
piecewise_linear_max_abs,0.0001,0,continuation_mu,67000,2,3.126499911358525e-05,0.061333537083719525,0.4986865383100513,0.43735300122633175
piecewise_linear_max_abs,0.0001,0,continuation_mu,68000,2,3.126499911358525e-05,0.046884647740483454,0.48912205480557974,0.4422374070650963
piecewise_linear_max_abs,0.0001,0,continuation_mu,69000,2,3.126499911358525e-05,0.03656062881728439,0.48233496133935494,0.44577433252207055
piecewise_linear_max_abs,0.0001,0,continuation_mu,70000,2,3.126499911358525e-05,0.02896392631793837,0.47792721939633614,0.4489632930783978
piecewise_linear_max_abs,0.0001,0,continuation_mu,71000,2,3.126499911358525e-05,0.023828859127768443,0.474114808783303,0.45028594965553453
piecewise_linear_max_abs,0.0001,0,continuation_mu,72000,2,3.126499911358525e-05,0.019824381406168157,0.4713611256164549,0.4515367442102867
piecewise_linear_max_abs,0.0001,0,continuation_mu,73000,2,3.126499911358525e-05,0.016635085356395574,0.46940668718431033,0.45277160182791476
piecewise_linear_max_abs,0.0001,0,continuation_mu,74000,2,3.126499911358525e-05,0.014157273063916453,0.4678251597991981,0.45366788673528163
piecewise_linear_max_abs,0.0001,0,continuation_mu,75000,2,3.126499911358525e-05,0.01218423888546144,0.46663638592548035,0.4544521470400189
piecewise_linear_max_abs,0.0001,0,continuation_mu,76000,2,3.126499911358525e-05,0.010580776796388525,0.4656312541674796,0.45505047737109106
piecewise_linear_max_abs,0.0001,0,continuation_mu,77000,2,3.126499911358525e-05,0.009262661755362056,0.46485931848603673,0.4555966567306747
piecewise_linear_max_abs,0.0001,0,continuation_mu,78000,2,3.126499911358525e-05,0.008149851330813473,0.46424393636622013,0.45609408503540666
piecewise_linear_max_abs,0.0001,0,continuation_mu,79000,2,3.126499911358525e-05,0.007274486685221515,0.4637132996534745,0.456438812968253
piecewise_linear_max_abs,0.0001,0,continuation_mu,80000,2,3.126499911358525e-05,0.006545837245848285,0.4632122458444007,0.4566664085985524
piecewise_linear_max_abs,0.0001,0,continuation_mu,81000,2,3.126499911358525e-05,0.0059460187245077845,0.4627997181961676,0.4568536994716598
piecewise_linear_max_abs,0.0001,0,continuation_mu,82000,2,3.126499911358525e-05,0.005360859697599529,0.4624564444862352,0.45709558478863566
piecewise_linear_max_abs,0.0001,0,continuation_mu,83000,2,3.126499911358525e-05,0.004884158148026285,0.4621660615392523,0.45728190339122604
piecewise_linear_max_abs,0.0001,0,continuation_mu,84000,2,3.126499911358525e-05,0.0044374355518290165,0.46191448112432615,0.45747704557249713
piecewise_linear_max_abs,0.0001,0,continuation_mu,85000,2,3.126499911358525e-05,0.004081505012268949,0.46171495186767114,0.4576334468554022
piecewise_linear_max_abs,0.0001,0,continuation_mu,86000,2,3.126499911358525e-05,0.0037697906566147577,0.4615052936220581,0.45773550296544335
piecewise_linear_max_abs,0.0001,0,continuation_mu,87000,2,3.126499911358525e-05,0.0035023129904700467,0.46133259921671266,0.4578302862262426
piecewise_linear_max_abs,0.0001,0,continuation_mu,88000,2,3.126499911358525e-05,0.0032525234072846576,0.4611630381126457,0.45791051470536104
piecewise_linear_max_abs,0.0001,0,continuation_mu,89000,2,3.126499911358525e-05,0.003034799997774229,0.46101948839302276,0.45798468839524853
piecewise_linear_max_abs,0.0001,0,continuation_mu,90000,2,3.126499911358525e-05,0.0028380411325383825,0.46089130104452436,0.458053259911986
piecewise_linear_max_abs,0.0001,0,continuation_mu,91000,2,3.126499911358525e-05,0.0026596760957649512,0.4607771152395459,0.45811743914378095
piecewise_linear_max_abs,0.0001,0,continuation_mu,92000,2,3.126499911358525e-05,0.0024955905027556624,0.46066561303352344,0.4581700225307678
piecewise_linear_max_abs,0.0001,0,continuation_mu,93000,2,3.126499911358525e-05,0.002349316296736237,0.4605653148208023,0.4582159985240661
piecewise_linear_max_abs,0.0001,0,continuation_mu,94000,2,3.126499911358525e-05,0.0022139592505640016,0.4604712926484862,0.4582573333979222
piecewise_linear_max_abs,0.0001,0,continuation_mu,95000,2,3.126499911358525e-05,0.00209411735505155,0.4603927703007086,0.458298652945657
piecewise_linear_max_abs,0.0001,0,continuation_mu,96000,2,3.126499911358525e-05,0.00198074152657457,0.4603142853552577,0.45833354382868313
piecewise_linear_max_abs,0.0001,0,continuation_mu,97000,2,3.126499911358525e-05,0.0018740521201339733,0.4602436874859413,0.4583696353658073
piecewise_linear_max_abs,0.0001,0,continuation_mu,98000,2,3.126499911358525e-05,0.0017782498836684257,0.4601812418616569,0.45840299197798845
piecewise_linear_max_abs,0.0001,0,continuation_mu,99000,2,3.126499911358525e-05,0.0016920731146264911,0.4601219645492888,0.4584298914346623
piecewise_linear_max_abs,0.0001,0,continuation_mu,100000,2,3.126499911358525e-05,0.0016045337855704056,0.4600635535234968,0.4584590197379264
piecewise_linear_max_abs,0.0001,0,continuation_mu,101000,2,3.126499911358525e-05,0.0015324128865606412,0.4600154230349772,0.4584830101484166
piecewise_linear_max_abs,0.0001,0,continuation_mu,102000,2,3.126499911358525e-05,0.0014600752985678978,0.4599678947356874,0.4585078194371195
piecewise_linear_max_abs,0.0001,0,continuation_mu,103000,2,3.126499911358525e-05,0.001391857022399079,0.45992249743071295,0.45853064040831387
piecewise_linear_max_abs,0.0001,0,continuation_mu,104000,2,3.126499911358525e-05,0.0013299282664210876,0.45987983132707805,0.45854990306065696
piecewise_linear_max_abs,0.0001,0,continuation_mu,105000,2,3.126499911358525e-05,0.0012715696414870026,0.45983870231747925,0.45856713267599225
piecewise_linear_max_abs,0.0001,0,continuation_mu,106000,2,3.126499911358525e-05,0.0012139553989592433,0.45980262562390883,0.4585886702249496
piecewise_linear_max_abs,0.0001,0,continuation_mu,107000,2,3.126499911358525e-05,0.001166025134969828,0.4597710791911505,0.4586050540561807
piecewise_linear_max_abs,0.0001,0,continuation_mu,108000,2,3.126499911358525e-05,0.001118222759614096,0.4597382074345233,0.4586199846749092
piecewise_linear_max_abs,0.0001,0,continuation_mu,109000,2,3.126499911358525e-05,0.0010728362386406287,0.4597081168500567,0.45863528061141606
piecewise_linear_max_abs,0.0001,0,continuation_mu,110000,2,3.126499911358525e-05,0.0010301368043101333,0.4596787347299654,0.45864859792565527
piecewise_linear_max_abs,0.0001,0,continuation_mu,111000,2,3.126499911358525e-05,0.000987990161006147,0.4596517733856642,0.45866378322465806
piecewise_linear_max_abs,0.0001,0,continuation_mu,112000,2,3.126499911358525e-05,0.0009521848550437806,0.45962832605203385,0.4586761411969901
piecewise_linear_max_abs,0.0001,0,continuation_mu,113000,2,3.126499911358525e-05,0.0009155301281887906,0.45960225915426134,0.45868672902607255
piecewise_linear_max_abs,0.0001,0,continuation_mu,114000,2,3.126499911358525e-05,0.0008835479543550795,0.45958086808623816,0.4586973201318831
piecewise_linear_max_abs,0.0001,0,continuation_mu,115000,2,3.126499911358525e-05,0.0008527769549508402,0.45955985437468266,0.4587070774197318
piecewise_linear_max_abs,0.0001,0,continuation_mu,116000,2,3.126499911358525e-05,0.000820190007440158,0.45953632547313233,0.4587161354656922
piecewise_linear_max_abs,0.0001,0,continuation_mu,117000,2,3.126499911358525e-05,0.0007944965724254183,0.45951981220583976,0.45872531563341434
piecewise_linear_max_abs,0.0001,0,continuation_mu,118000,2,3.126499911358525e-05,0.0007660850265240327,0.459499462582815,0.45873337755629096
piecewise_linear_max_abs,0.0001,0,continuation_mu,119000,2,3.126499911358525e-05,0.0007416918646889203,0.45948278387746905,0.4587410920127801
piecewise_linear_max_abs,0.0001,0,continuation_mu,120000,2,3.126499911358525e-05,0.0007184691979953417,0.45946754701147513,0.4587490778134798
piecewise_linear_max_abs,0.0001,0,continuation_mu,121000,2,3.126499911358525e-05,0.0006947248650422955,0.45945201450134276,0.45875728963630047
piecewise_linear_max_abs,0.0001,0,continuation_mu,122000,2,3.126499911358525e-05,0.000670943631359,0.45943508331604993,0.45876413968469093
piecewise_linear_max_abs,0.0001,0,continuation_mu,123000,2,3.126499911358525e-05,0.0006497501935296968,0.45942018038514876,0.45877043019161906
piecewise_linear_max_abs,0.0001,0,continuation_mu,124000,2,3.126499911358525e-05,0.0006311740457908277,0.4594080415655917,0.45877686751980085
piecewise_linear_max_abs,0.0001,0,continuation_mu,125000,2,3.126499911358525e-05,0.0006111831856809857,0.45939390212701814,0.45878271894133715
piecewise_linear_max_abs,0.0001,0,continuation_mu,126000,2,3.126499911358525e-05,0.0005917035672305948,0.45938005839591456,0.45878835482868396
piecewise_linear_max_abs,0.0001,0,continuation_mu,127000,2,3.126499911358525e-05,0.0005764661583083086,0.45937014630092665,0.45879368014261834
piecewise_linear_max_abs,0.0001,0,continuation_mu,128000,2,3.126499911358525e-05,0.0005588173221491299,0.45935735965499347,0.45879854233284434
piecewise_linear_max_abs,0.0001,0,continuation_mu,129000,2,3.126499911358525e-05,0.0005421128321885238,0.45934543873470735,0.4588033259025188
piecewise_linear_max_abs,0.0001,0,continuation_mu,130000,2,3.126499911358525e-05,0.0005272157756522899,0.4593351940199629,0.45880797824431063
piecewise_linear_max_abs,0.0001,0,continuation_mu,131000,2,3.126499911358525e-05,0.0005120024554153835,0.459324367205086,0.45881236474967063
piecewise_linear_max_abs,0.0001,0,continuation_mu,132000,2,3.126499911358525e-05,0.0004984793874822646,0.4593152850388747,0.45881680565139243
piecewise_linear_max_abs,0.0001,0,continuation_mu,133000,2,3.126499911358525e-05,0.00048466240506767067,0.4593055459163076,0.45882088351123995
piecewise_linear_max_abs,0.0001,0,continuation_mu,134000,2,3.126499911358525e-05,0.0004717848117456458,0.45929669719526955,0.4588249123835239
piecewise_linear_max_abs,0.0001,0,continuation_mu,135000,2,3.126499911358525e-05,0.00045912100617273577,0.4592878699198146,0.45882874891364184
piecewise_linear_max_abs,0.0001,0,continuation_mu,136000,2,3.126499911358525e-05,0.00044715477122048153,0.45927965298351986,0.4588324982122994
piecewise_linear_max_abs,0.0001,0,continuation_mu,137000,2,3.126499911358525e-05,0.000436077725145978,0.45927216411250127,0.4588360863873553
piecewise_linear_max_abs,0.0001,0,continuation_mu,138000,2,3.126499911358525e-05,0.0004243745626087425,0.4592639586758092,0.45883958411320047
piecewise_linear_max_abs,0.0001,0,continuation_mu,139000,2,3.126499911358525e-05,0.00041334340957494,0.45925626813656795,0.458842924726993
piecewise_linear_max_abs,0.0001,0,continuation_mu,140000,2,3.126499911358525e-05,0.00040280299045380996,0.4592488512140982,0.4588460482236444
piecewise_linear_max_abs,0.0001,0,continuation_mu,141000,2,3.126499911358525e-05,0.0003928177927831067,0.4592418069505675,0.4588489891577844
piecewise_linear_max_abs,0.0001,0,continuation_mu,142000,2,3.126499911358525e-05,0.0003832240410835963,0.4592350035669889,0.4588517795259053
piecewise_linear_max_abs,0.0001,0,continuation_mu,143000,2,3.126499911358525e-05,0.000373700725011028,0.4592282134082539,0.4588545126832429
piecewise_linear_max_abs,0.0001,0,continuation_mu,144000,2,3.126499911358525e-05,0.00036449284277084715,0.4592216750492621,0.45885718220649124
piecewise_linear_max_abs,0.0001,0,continuation_mu,145000,2,3.126499911358525e-05,0.0003562560881715804,0.45921604947924477,0.4588597933910732
piecewise_linear_max_abs,0.0001,0,continuation_mu,146000,2,3.126499911358525e-05,0.00034785862273389867,0.45921017224026295,0.45886231361752905
piecewise_linear_max_abs,0.0001,0,continuation_mu,147000,2,3.126499911358525e-05,0.00033895461323268927,0.4592038156283353,0.4588648610151026
piecewise_linear_max_abs,0.0001,0,continuation_mu,148000,2,3.126499911358525e-05,0.00033014755094490367,0.45919750674551635,0.45886735919457144
piecewise_linear_max_abs,0.0001,0,continuation_mu,149000,2,3.126499911358525e-05,0.0003236148343759848,0.45919324771787146,0.45886963288349547
piecewise_linear_max_abs,0.0001,0,continuation_mu,150000,2,3.126499911358525e-05,0.0003163029438073006,0.4591882226446403,0.458871919700833
piecewise_linear_max_abs,0.0001,0,continuation_mu,151000,2,3.126499911358525e-05,0.00030880330619870167,0.4591828584421008,0.4588740551359021
piecewise_linear_max_abs,0.0001,0,continuation_mu,152000,2,3.126499911358525e-05,0.00030243385269701495,0.4591784518490763,0.4588760179963793
piecewise_linear_max_abs,0.0001,0,continuation_mu,153000,2,3.126499911358525e-05,0.00029622298874965036,0.4591741390122652,0.4588779160235156
piecewise_linear_max_abs,0.0001,0,continuation_mu,154000,2,3.126499911358525e-05,0.000288644504532809,0.4591683318284507,0.4588796873239179
piecewise_linear_max_abs,0.0001,0,continuation_mu,155000,2,3.126499911358525e-05,0.0002822455181779593,0.4591638916699092,0.4588816461517312
piecewise_linear_max_abs,0.0001,0,continuation_mu,156000,2,3.126499911358525e-05,0.00027672792650840217,0.4591603464744442,0.4588836185479358
piecewise_linear_max_abs,0.0001,0,continuation_mu,157000,2,3.126499911358525e-05,0.00027086924893604536,0.45915638734825,0.45888551809931394
piecewise_linear_max_abs,0.0001,0,continuation_mu,158000,2,3.126499911358525e-05,0.0002640038775690301,0.4591513153088866,0.45888731143131756
piecewise_linear_max_abs,0.0001,0,continuation_mu,159000,2,3.126499911358525e-05,0.00025811595113583996,0.4591471126737722,0.45888899672263633
piecewise_linear_max_abs,0.0001,0,continuation_mu,160000,2,3.126499911358525e-05,0.0002528967442871899,0.4591434674152561,0.4588905706709689
piecewise_linear_max_abs,0.0001,0,continuation_mu,161000,2,3.126499911358525e-05,0.00024752751092049774,0.45913963945802194,0.45889211194710144
piecewise_linear_max_abs,0.0001,0,continuation_mu,162000,2,3.126499911358525e-05,0.0002426258150062255,0.4591362558967206,0.45889363008171435
piecewise_linear_max_abs,0.0001,0,continuation_mu,163000,2,3.126499911358525e-05,0.00023736110875510752,0.45913249095110564,0.45889512984235054
piecewise_linear_max_abs,0.0001,0,continuation_mu,164000,2,3.126499911358525e-05,0.00023206064985614727,0.45912859740096335,0.4588965367511072
piecewise_linear_max_abs,0.0001,0,continuation_mu,165000,2,3.126499911358525e-05,0.0002270732615837212,0.4591249716436851,0.4588978983821014
piecewise_linear_max_abs,0.0001,0,continuation_mu,166000,2,3.126499911358525e-05,0.00022244055337622415,0.45912171262735285,0.4588992720739766
piecewise_linear_max_abs,0.0001,0,continuation_mu,167000,2,3.126499911358525e-05,0.00021778887020967863,0.45911840432351,0.4589006154533003
piecewise_linear_max_abs,0.0001,0,continuation_mu,168000,2,3.126499911358525e-05,0.00021317068380427573,0.4591150612383359,0.4589018905545316
piecewise_linear_max_abs,0.0001,0,continuation_mu,169000,2,3.126499911358525e-05,0.0002090494594720882,0.4591121734623229,0.4589031240028508
piecewise_linear_max_abs,0.0001,0,continuation_mu,170000,2,3.126499911358525e-05,0.00020512873993916436,0.45910945959353644,0.4589043308535973
piecewise_linear_max_abs,0.0001,0,continuation_mu,171000,2,3.126499911358525e-05,0.00020092125732912303,0.45910641011465914,0.45890548885733
piecewise_linear_max_abs,0.0001,0,continuation_mu,171213,2,3.126499911358525e-05,0.0001999957658316287,0.45910573051381126,0.45890573474797963
piecewise_linear_max_abs,0.0001,0,continuation_mu,171214,3,1.5632499556792626e-05,0.4396179084228462,0.45910521040764185,0.019487301984795646
piecewise_linear_max_abs,0.0001,0,continuation_mu,172000,3,1.5632499556792626e-05,1.7379449789570596,0.9128111558606437,-0.8251338230964159
piecewise_linear_max_abs,0.0001,0,continuation_mu,173000,3,1.5632499556792626e-05,0.905938545578312,0.823996006109629,-0.08194253946868302
piecewise_linear_max_abs,0.0001,0,continuation_mu,174000,3,1.5632499556792626e-05,0.6370069334029602,0.7497556494475797,0.11274871604461945
piecewise_linear_max_abs,0.0001,0,continuation_mu,175000,3,1.5632499556792626e-05,0.48434978374695836,0.6799221951752713,0.19557241142831294
piecewise_linear_max_abs,0.0001,0,continuation_mu,176000,3,1.5632499556792626e-05,0.34641018439990523,0.6256867247439806,0.27927654034407534
piecewise_linear_max_abs,0.0001,0,continuation_mu,177000,3,1.5632499556792626e-05,0.25092930192330193,0.5850099175341861,0.33408061561088415
piecewise_linear_max_abs,0.0001,0,continuation_mu,178000,3,1.5632499556792626e-05,0.18367541785499403,0.556127115613642,0.372451697758648
piecewise_linear_max_abs,0.0001,0,continuation_mu,179000,3,1.5632499556792626e-05,0.13929436714540516,0.5343883145479048,0.39509394740249965
piecewise_linear_max_abs,0.0001,0,continuation_mu,180000,3,1.5632499556792626e-05,0.10426927301490835,0.520346673031061,0.4160774000161526
piecewise_linear_max_abs,0.0001,0,continuation_mu,181000,3,1.5632499556792626e-05,0.0819546045386203,0.5085615135325512,0.4266069089939309
piecewise_linear_max_abs,0.0001,0,continuation_mu,182000,3,1.5632499556792626e-05,0.0646107688356069,0.5010308073795331,0.4364200385439262
piecewise_linear_max_abs,0.0001,0,continuation_mu,183000,3,1.5632499556792626e-05,0.053299977363237994,0.49361867569156304,0.44031869832832504
piecewise_linear_max_abs,0.0001,0,continuation_mu,184000,3,1.5632499556792626e-05,0.04425264092401776,0.4874974986205388,0.44324485769652106
piecewise_linear_max_abs,0.0001,0,continuation_mu,185000,3,1.5632499556792626e-05,0.03729905265013911,0.48266431354410355,0.44536526089396444
piecewise_linear_max_abs,0.0001,0,continuation_mu,186000,3,1.5632499556792626e-05,0.03137965246839086,0.4794288994810534,0.4480492470126625
piecewise_linear_max_abs,0.0001,0,continuation_mu,187000,3,1.5632499556792626e-05,0.02690663579620839,0.4765741457644307,0.4496675099682223
piecewise_linear_max_abs,0.0001,0,continuation_mu,188000,3,1.5632499556792626e-05,0.023512908975743374,0.4741209218681089,0.4506080128923655
piecewise_linear_max_abs,0.0001,0,continuation_mu,189000,3,1.5632499556792626e-05,0.020673461662090997,0.4720602076268179,0.4513867459647269
piecewise_linear_max_abs,0.0001,0,continuation_mu,190000,3,1.5632499556792626e-05,0.01825914631280634,0.4703521222388872,0.4520929759260809
piecewise_linear_max_abs,0.0001,0,continuation_mu,191000,3,1.5632499556792626e-05,0.016136484650909,0.46909507069613776,0.45295858604522876
piecewise_linear_max_abs,0.0001,0,continuation_mu,192000,3,1.5632499556792626e-05,0.014387281534069818,0.46804510993883763,0.4536578284047678
piecewise_linear_max_abs,0.0001,0,continuation_mu,193000,3,1.5632499556792626e-05,0.01289092908479722,0.46713546493289276,0.45424453584809554
piecewise_linear_max_abs,0.0001,0,continuation_mu,194000,3,1.5632499556792626e-05,0.011689876878999195,0.46628651532963167,0.4545966384506325
piecewise_linear_max_abs,0.0001,0,continuation_mu,195000,3,1.5632499556792626e-05,0.01058641997294213,0.465672939424588,0.45508651945164585
piecewise_linear_max_abs,0.0001,0,continuation_mu,196000,3,1.5632499556792626e-05,0.009604916285149923,0.46508353866977636,0.45547862238462644
piecewise_linear_max_abs,0.0001,0,continuation_mu,197000,3,1.5632499556792626e-05,0.008760867964111796,0.4646302823023226,0.4558694143382108
piecewise_linear_max_abs,0.0001,0,continuation_mu,198000,3,1.5632499556792626e-05,0.008069516287727674,0.4642151158359945,0.45614559954826683
piecewise_linear_max_abs,0.0001,0,continuation_mu,199000,3,1.5632499556792626e-05,0.007450310965310736,0.4638351450776034,0.45638483411229264
piecewise_linear_max_abs,0.0001,0,continuation_mu,200000,3,1.5632499556792626e-05,0.006914514563975405,0.46348748804383444,0.45657297347985903
piecewise_linear_max_abs,0.0001,0,continuation_mu,201000,3,1.5632499556792626e-05,0.006421675559822204,0.46315229703187,0.4567306214720478
piecewise_linear_max_abs,0.0001,0,continuation_mu,202000,3,1.5632499556792626e-05,0.005988707777710822,0.4628580260455716,0.45686931826786076
piecewise_linear_max_abs,0.0001,0,continuation_mu,203000,3,1.5632499556792626e-05,0.005572848164794975,0.4626240841555684,0.4570512359907734
piecewise_linear_max_abs,0.0001,0,continuation_mu,204000,3,1.5632499556792626e-05,0.005207685344735036,0.46239429437780233,0.4571866090330673
piecewise_linear_max_abs,0.0001,0,continuation_mu,205000,3,1.5632499556792626e-05,0.004852175026480998,0.4621975987345882,0.4573454237081072
piecewise_linear_max_abs,0.0001,0,continuation_mu,206000,3,1.5632499556792626e-05,0.004560633847029261,0.46199847499127444,0.4574378411442452
piecewise_linear_max_abs,0.0001,0,continuation_mu,207000,3,1.5632499556792626e-05,0.004300763610980862,0.4618196457521848,0.45751888214120395
piecewise_linear_max_abs,0.0001,0,continuation_mu,208000,3,1.5632499556792626e-05,0.00405508296825563,0.46166145106237677,0.45760636809412114
piecewise_linear_max_abs,0.0001,0,continuation_mu,209000,3,1.5632499556792626e-05,0.003820278393571519,0.4615396218797568,0.45771934348618526
piecewise_linear_max_abs,0.0001,0,continuation_mu,210000,3,1.5632499556792626e-05,0.0036109046840855363,0.4614093697225139,0.45779846503842836
piecewise_linear_max_abs,0.0001,0,continuation_mu,211000,3,1.5632499556792626e-05,0.0034264454143428935,0.4612890789444185,0.4578626335300756
piecewise_linear_max_abs,0.0001,0,continuation_mu,212000,3,1.5632499556792626e-05,0.0032539774569196322,0.4611742090734505,0.4579202316165309
piecewise_linear_max_abs,0.0001,0,continuation_mu,213000,3,1.5632499556792626e-05,0.0030964181354324882,0.4610654488051038,0.4579690306696713
piecewise_linear_max_abs,0.0001,0,continuation_mu,214000,3,1.5632499556792626e-05,0.002953018573302213,0.46096758135867233,0.4580145627853701
piecewise_linear_max_abs,0.0001,0,continuation_mu,215000,3,1.5632499556792626e-05,0.002815924905238021,0.4608741380041041,0.4580582130988661
piecewise_linear_max_abs,0.0001,0,continuation_mu,216000,3,1.5632499556792626e-05,0.002690402146203641,0.46078901766847036,0.4580986155222667
piecewise_linear_max_abs,0.0001,0,continuation_mu,217000,3,1.5632499556792626e-05,0.0025706938644570743,0.46071263235517046,0.4581419384907134
piecewise_linear_max_abs,0.0001,0,continuation_mu,218000,3,1.5632499556792626e-05,0.0024607277535510508,0.4606405321479345,0.45817980439438344
piecewise_linear_max_abs,0.0001,0,continuation_mu,219000,3,1.5632499556792626e-05,0.0023534060172492044,0.46056675099640654,0.45821334497915733
piecewise_linear_max_abs,0.0001,0,continuation_mu,220000,3,1.5632499556792626e-05,0.0022537933388313003,0.4605026221051394,0.4582488287663081
piecewise_linear_max_abs,0.0001,0,continuation_mu,221000,3,1.5632499556792626e-05,0.0021625623334232125,0.46044297262921247,0.45828041029578925
piecewise_linear_max_abs,0.0001,0,continuation_mu,222000,3,1.5632499556792626e-05,0.0020760488675239386,0.4603849371766552,0.45830888830913125
piecewise_linear_max_abs,0.0001,0,continuation_mu,223000,3,1.5632499556792626e-05,0.001996817500677539,0.46033067520019466,0.4583338576995171
piecewise_linear_max_abs,0.0001,0,continuation_mu,224000,3,1.5632499556792626e-05,0.0019202919804245377,0.46027785989930087,0.45835756791887633
piecewise_linear_max_abs,0.0001,0,continuation_mu,225000,3,1.5632499556792626e-05,0.0018447665289705872,0.4602315120502796,0.45838674552130904
piecewise_linear_max_abs,0.0001,0,continuation_mu,226000,3,1.5632499556792626e-05,0.0017793645396645963,0.46018981662759034,0.45841045208792575
piecewise_linear_max_abs,0.0001,0,continuation_mu,227000,3,1.5632499556792626e-05,0.0017155042501928452,0.46014652504411335,0.4584310207939205
piecewise_linear_max_abs,0.0001,0,continuation_mu,228000,3,1.5632499556792626e-05,0.0016509605439146702,0.4601039497991681,0.4584529892552534
piecewise_linear_max_abs,0.0001,0,continuation_mu,229000,3,1.5632499556792626e-05,0.0015948506206142077,0.46006975746779494,0.45847490684718073
piecewise_linear_max_abs,0.0001,0,continuation_mu,230000,3,1.5632499556792626e-05,0.0015359853289222958,0.4600301818115718,0.4584941964826495
piecewise_linear_max_abs,0.0001,0,continuation_mu,231000,3,1.5632499556792626e-05,0.0014837090834803335,0.45999419372776895,0.4585104846442886
piecewise_linear_max_abs,0.0001,0,continuation_mu,232000,3,1.5632499556792626e-05,0.0014333045985144288,0.45995958530233744,0.458526280703823
piecewise_linear_max_abs,0.0001,0,continuation_mu,233000,3,1.5632499556792626e-05,0.0013852336039360535,0.45992619615559044,0.4585409625516544
piecewise_linear_max_abs,0.0001,0,continuation_mu,234000,3,1.5632499556792626e-05,0.001342527132262683,0.459897443663698,0.4585549165314353
piecewise_linear_max_abs,0.0001,0,continuation_mu,235000,3,1.5632499556792626e-05,0.0013007350032549492,0.45986831724774013,0.4585675822444852
piecewise_linear_max_abs,0.0001,0,continuation_mu,236000,3,1.5632499556792626e-05,0.0012595462536647006,0.4598410702443372,0.4585815239906725
piecewise_linear_max_abs,0.0001,0,continuation_mu,237000,3,1.5632499556792626e-05,0.0012215792071631482,0.4598155375863173,0.4585939583791542
piecewise_linear_max_abs,0.0001,0,continuation_mu,238000,3,1.5632499556792626e-05,0.0011853994482524666,0.4597904242332705,0.458605024785018
piecewise_linear_max_abs,0.0001,0,continuation_mu,239000,3,1.5632499556792626e-05,0.0011503309382813187,0.45976562419172395,0.45861529325344264
piecewise_linear_max_abs,0.0001,0,continuation_mu,240000,3,1.5632499556792626e-05,0.0011161959336480343,0.45974161942715114,0.4586254234935031
piecewise_linear_max_abs,0.0001,0,continuation_mu,241000,3,1.5632499556792626e-05,0.0010846072032091314,0.45971996634988516,0.458635359146676
piecewise_linear_max_abs,0.0001,0,continuation_mu,242000,3,1.5632499556792626e-05,0.0010532441034780127,0.45969850959654884,0.45864526549307083
piecewise_linear_max_abs,0.0001,0,continuation_mu,243000,3,1.5632499556792626e-05,0.0010236553537442128,0.45967799293567263,0.4586543375819284
piecewise_linear_max_abs,0.0001,0,continuation_mu,244000,3,1.5632499556792626e-05,0.0009952548940585504,0.45965821760793546,0.4586629627138769
piecewise_linear_max_abs,0.0001,0,continuation_mu,245000,3,1.5632499556792626e-05,0.0009667880840907861,0.45963867921579227,0.4586718911317015
piecewise_linear_max_abs,0.0001,0,continuation_mu,246000,3,1.5632499556792626e-05,0.000940369136992969,0.4596203964319614,0.45868002729496843
piecewise_linear_max_abs,0.0001,0,continuation_mu,247000,3,1.5632499556792626e-05,0.000917140492730395,0.4596045771987184,0.458687436705988
piecewise_linear_max_abs,0.0001,0,continuation_mu,248000,3,1.5632499556792626e-05,0.0008926187470271185,0.4595871899572121,0.458694571210185
piecewise_linear_max_abs,0.0001,0,continuation_mu,249000,3,1.5632499556792626e-05,0.0008708331244547951,0.4595725988122055,0.45870176568775073
piecewise_linear_max_abs,0.0001,0,continuation_mu,250000,3,1.5632499556792626e-05,0.000848165271343404,0.459556609944669,0.4587084446733256
piecewise_linear_max_abs,0.0001,0,continuation_mu,251000,3,1.5632499556792626e-05,0.0008251422615127013,0.4595415924745071,0.4587164502129944
piecewise_linear_max_abs,0.0001,0,continuation_mu,252000,3,1.5632499556792626e-05,0.0008057095968353467,0.459529211001077,0.4587235014042417
piecewise_linear_max_abs,0.0001,0,continuation_mu,253000,3,1.5632499556792626e-05,0.0007849361099887542,0.4595146879590744,0.45872975184908565
piecewise_linear_max_abs,0.0001,0,continuation_mu,254000,3,1.5632499556792626e-05,0.0007654888571028695,0.45950165395937637,0.4587361651022735
piecewise_linear_max_abs,0.0001,0,continuation_mu,255000,3,1.5632499556792626e-05,0.0007477144940939429,0.45948952472808213,0.4587418102339882
piecewise_linear_max_abs,0.0001,0,continuation_mu,256000,3,1.5632499556792626e-05,0.0007293704287393843,0.4594763579874682,0.45874698755872884
piecewise_linear_max_abs,0.0001,0,continuation_mu,257000,3,1.5632499556792626e-05,0.0007126111775176969,0.45946468327936907,0.45875207210185137
piecewise_linear_max_abs,0.0001,0,continuation_mu,258000,3,1.5632499556792626e-05,0.0006953849194626938,0.45945246411112073,0.45875707919165803
piecewise_linear_max_abs,0.0001,0,continuation_mu,259000,3,1.5632499556792626e-05,0.0006797041464347009,0.459442010390293,0.4587623062438583
piecewise_linear_max_abs,0.0001,0,continuation_mu,260000,3,1.5632499556792626e-05,0.0006635482267804416,0.4594305553113514,0.45876700708457097
piecewise_linear_max_abs,0.0001,0,continuation_mu,261000,3,1.5632499556792626e-05,0.0006504847004784042,0.459423008609325,0.4587725239088466
piecewise_linear_max_abs,0.0001,0,continuation_mu,262000,3,1.5632499556792626e-05,0.0006352875399075475,0.45941228190461825,0.4587769943647107
piecewise_linear_max_abs,0.0001,0,continuation_mu,263000,3,1.5632499556792626e-05,0.0006185884618228887,0.45939984417844487,0.458781255716622
piecewise_linear_max_abs,0.0001,0,continuation_mu,264000,3,1.5632499556792626e-05,0.0006071421713060299,0.4593928125778881,0.4587856704065821
piecewise_linear_max_abs,0.0001,0,continuation_mu,265000,3,1.5632499556792626e-05,0.0005929827847918068,0.45938250153011523,0.4587895187453234
piecewise_linear_max_abs,0.0001,0,continuation_mu,266000,3,1.5632499556792626e-05,0.0005798356862651843,0.45937327330635835,0.45879343762009317
piecewise_linear_max_abs,0.0001,0,continuation_mu,267000,3,1.5632499556792626e-05,0.000567468617529876,0.4593646528774584,0.45879718425992855
piecewise_linear_max_abs,0.0001,0,continuation_mu,268000,3,1.5632499556792626e-05,0.0005568664686412261,0.459357539316331,0.45880067284768977
piecewise_linear_max_abs,0.0001,0,continuation_mu,269000,3,1.5632499556792626e-05,0.000545216179562269,0.4593494385185739,0.45880422233901164
piecewise_linear_max_abs,0.0001,0,continuation_mu,270000,3,1.5632499556792626e-05,0.0005336280065122989,0.45934109569579823,0.45880746768928593
piecewise_linear_max_abs,0.0001,0,continuation_mu,271000,3,1.5632499556792626e-05,0.0005226196726708099,0.4593333461276605,0.4588107264549897
piecewise_linear_max_abs,0.0001,0,continuation_mu,272000,3,1.5632499556792626e-05,0.0005116472169823805,0.4593255160907679,0.4588138688737855
piecewise_linear_max_abs,0.0001,0,continuation_mu,273000,3,1.5632499556792626e-05,0.0005015639690345575,0.4593184668682595,0.45881690289922494
piecewise_linear_max_abs,0.0001,0,continuation_mu,274000,3,1.5632499556792626e-05,0.0004918630249173273,0.4593117388115304,0.4588198757866131
piecewise_linear_max_abs,0.0001,0,continuation_mu,275000,3,1.5632499556792626e-05,0.0004820138517096506,0.4593047104695781,0.45882269661786845
piecewise_linear_max_abs,0.0001,0,continuation_mu,276000,3,1.5632499556792626e-05,0.00047237269078503896,0.4592978943462144,0.45882552165542934
piecewise_linear_max_abs,0.0001,0,continuation_mu,277000,3,1.5632499556792626e-05,0.0004630272277462155,0.45929123195353916,0.45882820472579294
piecewise_linear_max_abs,0.0001,0,continuation_mu,278000,3,1.5632499556792626e-05,0.0004545432958386053,0.45928535071222887,0.45883080741639026
piecewise_linear_max_abs,0.0001,0,continuation_mu,279000,3,1.5632499556792626e-05,0.00044596248344036526,0.45927931577724324,0.45883335329380287
piecewise_linear_max_abs,0.0001,0,continuation_mu,280000,3,1.5632499556792626e-05,0.0004375159178016119,0.45927326498894216,0.45883574907114055
piecewise_linear_max_abs,0.0001,0,continuation_mu,281000,3,1.5632499556792626e-05,0.00042934371758329704,0.4592674307472899,0.4588380870297066
piecewise_linear_max_abs,0.0001,0,continuation_mu,282000,3,1.5632499556792626e-05,0.00042138865777141543,0.4592617996086533,0.4588404109508819
piecewise_linear_max_abs,0.0001,0,continuation_mu,283000,3,1.5632499556792626e-05,0.000413570232134286,0.45925622535944066,0.4588426551273064
piecewise_linear_max_abs,0.0001,0,continuation_mu,284000,3,1.5632499556792626e-05,0.0004061509965574972,0.4592510063777947,0.4588448553812372
piecewise_linear_max_abs,0.0001,0,continuation_mu,285000,3,1.5632499556792626e-05,0.00039918538030714323,0.4592462378626656,0.45884705248235846
piecewise_linear_max_abs,0.0001,0,continuation_mu,286000,3,1.5632499556792626e-05,0.00039230343361373876,0.4592415970936404,0.45884929366002664
piecewise_linear_max_abs,0.0001,0,continuation_mu,287000,3,1.5632499556792626e-05,0.00038488259157926086,0.4592363800795183,0.458851497487939
piecewise_linear_max_abs,0.0001,0,continuation_mu,288000,3,1.5632499556792626e-05,0.0003779466216449201,0.45923160388800943,0.4588536572663645
piecewise_linear_max_abs,0.0001,0,continuation_mu,289000,3,1.5632499556792626e-05,0.00037085052125040985,0.4592264873726074,0.458855636851357
piecewise_linear_max_abs,0.0001,0,continuation_mu,290000,3,1.5632499556792626e-05,0.0003642972818015955,0.45922177383960416,0.45885747655780257
piecewise_linear_max_abs,0.0001,0,continuation_mu,291000,3,1.5632499556792626e-05,0.0003579707267398202,0.4592173202671131,0.4588593495403733
piecewise_linear_max_abs,0.0001,0,continuation_mu,292000,3,1.5632499556792626e-05,0.00035184085144257526,0.4592130910325799,0.4588612501811373
piecewise_linear_max_abs,0.0001,0,continuation_mu,293000,3,1.5632499556792626e-05,0.0003457438120367806,0.4592087142804748,0.458862970468438
piecewise_linear_max_abs,0.0001,0,continuation_mu,294000,3,1.5632499556792626e-05,0.0003393481285132727,0.4592042342822827,0.4588648861537694
piecewise_linear_max_abs,0.0001,0,continuation_mu,295000,3,1.5632499556792626e-05,0.0003339026355125285,0.45920061281653984,0.4588667101810273
piecewise_linear_max_abs,0.0001,0,continuation_mu,296000,3,1.5632499556792626e-05,0.00032894357333090873,0.45919730089175265,0.45886835731842174
piecewise_linear_max_abs,0.0001,0,continuation_mu,297000,3,1.5632499556792626e-05,0.00032253452165920127,0.4591924883123282,0.45886995379066897
piecewise_linear_max_abs,0.0001,0,continuation_mu,298000,3,1.5632499556792626e-05,0.0003175994079731015,0.4591893044857838,0.4588717050778107
piecewise_linear_max_abs,0.0001,0,continuation_mu,299000,3,1.5632499556792626e-05,0.0003130511138044745,0.4591864111960354,0.45887336008223095
piecewise_linear_max_abs,0.0001,0,continuation_mu,300000,3,1.5632499556792626e-05,0.0003078914328223381,0.4591826830323091,0.45887479159948674
piecewise_linear_max_abs,0.0001,0,continuation_mu,301000,3,1.5632499556792626e-05,0.00030240990114099864,0.45917845942534186,0.45887604952420086
piecewise_linear_max_abs,0.0001,0,continuation_mu,302000,3,1.5632499556792626e-05,0.0002970145621258302,0.4591746119676665,0.4588775974055407
piecewise_linear_max_abs,0.0001,0,continuation_mu,303000,3,1.5632499556792626e-05,0.0002925009802562939,0.4591716065051893,0.458879105524933
piecewise_linear_max_abs,0.0001,0,continuation_mu,304000,3,1.5632499556792626e-05,0.0002874139029137579,0.4591679913406605,0.45888057743774674
piecewise_linear_max_abs,0.0001,0,continuation_mu,305000,3,1.5632499556792626e-05,0.0002828870665241845,0.4591648718439422,0.45888198477741804
piecewise_linear_max_abs,0.0001,0,continuation_mu,306000,3,1.5632499556792626e-05,0.00027834646984264966,0.4591616855855709,0.45888333911572826
piecewise_linear_max_abs,0.0001,0,continuation_mu,307000,3,1.5632499556792626e-05,0.0002741300159920246,0.45915877534130284,0.4588846453253108
piecewise_linear_max_abs,0.0001,0,continuation_mu,308000,3,1.5632499556792626e-05,0.00026958594972847916,0.45915544922517565,0.45888586327544717
piecewise_linear_max_abs,0.0001,0,continuation_mu,309000,3,1.5632499556792626e-05,0.00026544633357933334,0.4591524910217976,0.4588870446882183
piecewise_linear_max_abs,0.0001,0,continuation_mu,310000,3,1.5632499556792626e-05,0.0002612932954495495,0.4591495491854465,0.45888825588999693
piecewise_linear_max_abs,0.0001,0,continuation_mu,311000,3,1.5632499556792626e-05,0.0002573672798307225,0.4591468228461306,0.4588894555662999
piecewise_linear_max_abs,0.0001,0,continuation_mu,312000,3,1.5632499556792626e-05,0.00025289557858748646,0.4591434915475657,0.4588905959689782
piecewise_linear_max_abs,0.0001,0,continuation_mu,313000,3,1.5632499556792626e-05,0.0002491374674330471,0.45914088792137936,0.4588917504539463
piecewise_linear_max_abs,0.0001,0,continuation_mu,314000,3,1.5632499556792626e-05,0.00024534675644444226,0.45913821817853767,0.45889287142209323
piecewise_linear_max_abs,0.0001,0,continuation_mu,315000,3,1.5632499556792626e-05,0.00024166722439517008,0.4591356082045352,0.45889394098014
piecewise_linear_max_abs,0.0001,0,continuation_mu,316000,3,1.5632499556792626e-05,0.00023794254653569658,0.4591329112193924,0.45889496867285673
piecewise_linear_max_abs,0.0001,0,continuation_mu,317000,3,1.5632499556792626e-05,0.0002344135654459567,0.4591304175019888,0.45889600393654284
piecewise_linear_max_abs,0.0001,0,continuation_mu,318000,3,1.5632499556792626e-05,0.0002308157026057467,0.45912778972916013,0.4588969740265544
piecewise_linear_max_abs,0.0001,0,continuation_mu,319000,3,1.5632499556792626e-05,0.00022728131542820718,0.4591252513634503,0.4588979700480221
piecewise_linear_max_abs,0.0001,0,continuation_mu,320000,3,1.5632499556792626e-05,0.00022399068297224156,0.4591229235405026,0.45889893285753036
piecewise_linear_max_abs,0.0001,0,continuation_mu,321000,3,1.5632499556792626e-05,0.00022069951576392244,0.4591205936592479,0.458899894143484
piecewise_linear_max_abs,0.0001,0,continuation_mu,322000,3,1.5632499556792626e-05,0.00021748534734089553,0.459118339817286,0.4589008544699451
piecewise_linear_max_abs,0.0001,0,continuation_mu,323000,3,1.5632499556792626e-05,0.00021438885643021433,0.4591161665523872,0.45890177769595697
piecewise_linear_max_abs,0.0001,0,continuation_mu,324000,3,1.5632499556792626e-05,0.00021150467676567253,0.4591141663451919,0.45890266166842625
piecewise_linear_max_abs,0.0001,0,continuation_mu,325000,3,1.5632499556792626e-05,0.0002083365457101749,0.45911186671017373,0.45890353016446356
piecewise_linear_max_abs,0.0001,0,continuation_mu,326000,3,1.5632499556792626e-05,0.00020513082281392592,0.4591095408629871,0.4589044100401732
piecewise_linear_max_abs,0.0001,0,continuation_mu,327000,3,1.5632499556792626e-05,0.00020217131076055717,0.4591074422889164,0.45890527097815587
piecewise_linear_max_abs,0.0001,0,continuation_mu,328000,3,1.5632499556792626e-05,0.0001992611031561009,0.45910537477156943,0.45890611366841333
piecewise_linear_max_abs,0.0001,0,continuation_mu,329000,3,1.5632499556792626e-05,0.0001962684528794001,0.4591032054449043,0.4589069369920249
piecewise_linear_max_abs,0.0001,0,continuation_mu,330000,3,1.5632499556792626e-05,0.0001933466180275012,0.45910105358671005,0.45890770696868255
piecewise_linear_max_abs,0.0001,0,continuation_mu,331000,3,1.5632499556792626e-05,0.00019062116397428053,0.45909910528181663,0.45890848411784235
piecewise_linear_max_abs,0.0001,0,continuation_mu,332000,3,1.5632499556792626e-05,0.00018796856669089923,0.4590972355987834,0.4589092670320925
piecewise_linear_max_abs,0.0001,0,continuation_mu,333000,3,1.5632499556792626e-05,0.00018529086419055707,0.4590953193806877,0.45891002851649715
piecewise_linear_max_abs,0.0001,0,continuation_mu,334000,3,1.5632499556792626e-05,0.0001826148882089762,0.4590933805912784,0.45891076570306943
piecewise_linear_max_abs,0.0001,0,continuation_mu,335000,3,1.5632499556792626e-05,0.00017995985837626627,0.4590914366290966,0.45891147677072036
piecewise_linear_max_abs,0.0001,0,continuation_mu,336000,3,1.5632499556792626e-05,0.00017727839729464456,0.45908947141359774,0.4589121930163031
piecewise_linear_max_abs,0.0001,0,continuation_mu,337000,3,1.5632499556792626e-05,0.0001747590006913602,0.45908765853299205,0.4589128995323007
piecewise_linear_max_abs,0.0001,0,continuation_mu,338000,3,1.5632499556792626e-05,0.00017236884801247188,0.4590859561471754,0.45891358729916293
piecewise_linear_max_abs,0.0001,0,continuation_mu,339000,3,1.5632499556792626e-05,0.0001699708596236138,0.4590842247196387,0.4589142538600151
piecewise_linear_max_abs,0.0001,0,continuation_mu,340000,3,1.5632499556792626e-05,0.00016765945613855804,0.4590825560622249,0.45891489660608636
piecewise_linear_max_abs,0.0001,0,continuation_mu,341000,3,1.5632499556792626e-05,0.0001654308659791992,0.4590809951889489,0.4589155643229697
piecewise_linear_max_abs,0.0001,0,continuation_mu,342000,3,1.5632499556792626e-05,0.00016290731728174634,0.4590791961854623,0.45891628886818053
piecewise_linear_max_abs,0.0001,0,continuation_mu,343000,3,1.5632499556792626e-05,0.00016074284281025752,0.45907774260321355,0.4589169997604033
piecewise_linear_max_abs,0.0001,0,continuation_mu,344000,3,1.5632499556792626e-05,0.0001584546112682328,0.45907610489332773,0.4589176502820595
piecewise_linear_max_abs,0.0001,0,continuation_mu,345000,3,1.5632499556792626e-05,0.00015608049964499493,0.45907433569575257,0.45891825519610757
piecewise_linear_max_abs,0.0001,0,continuation_mu,346000,3,1.5632499556792626e-05,0.0001536311852000094,0.45907247929912015,0.45891884811392014
piecewise_linear_max_abs,0.0001,0,continuation_mu,347000,3,1.5632499556792626e-05,0.0001514516622966866,0.4590708808147743,0.45891942915247763
piecewise_linear_max_abs,0.0001,0,continuation_mu,348000,3,1.5632499556792626e-05,0.00014947689900579597,0.4590694876545628,0.458920010755557
piecewise_linear_max_abs,0.0001,0,continuation_mu,349000,3,1.5632499556792626e-05,0.00014751089489883906,0.4590680855161416,0.45892057462124275
piecewise_linear_max_abs,0.0001,0,continuation_mu,350000,3,1.5632499556792626e-05,0.00014549400914559696,0.4590666021590318,0.4589211081498862
piecewise_linear_max_abs,0.0001,0,continuation_mu,351000,3,1.5632499556792626e-05,0.00014351511640758874,0.4590651471739444,0.45892163205753683
piecewise_linear_max_abs,0.0001,0,continuation_mu,352000,3,1.5632499556792626e-05,0.00014162097730557877,0.4590637779830195,0.4589221570057139
piecewise_linear_max_abs,0.0001,0,continuation_mu,353000,3,1.5632499556792626e-05,0.00013982032917297937,0.4590625160370981,0.4589226957079251
piecewise_linear_max_abs,0.0001,0,continuation_mu,354000,3,1.5632499556792626e-05,0.00013808392846170747,0.45906131562272406,0.45892323169426236
piecewise_linear_max_abs,0.0001,0,continuation_mu,355000,3,1.5632499556792626e-05,0.00013627435828494905,0.4590600349349988,0.45892376057671386
piecewise_linear_max_abs,0.0001,0,continuation_mu,356000,3,1.5632499556792626e-05,0.0001344289920143793,0.459058702548589,0.4589242735565746
piecewise_linear_max_abs,0.0001,0,continuation_mu,357000,3,1.5632499556792626e-05,0.00013257712152248136,0.4590573366324437,0.4589247595109212
piecewise_linear_max_abs,0.0001,0,continuation_mu,358000,3,1.5632499556792626e-05,0.00013074182508221455,0.4590559662347098,0.4589252244096276
piecewise_linear_max_abs,0.0001,0,continuation_mu,359000,3,1.5632499556792626e-05,0.00012893144925779643,0.4590546103219502,0.4589256788726924
piecewise_linear_max_abs,0.0001,0,continuation_mu,360000,3,1.5632499556792626e-05,0.0001271623873937977,0.4590532947366008,0.458926132349207
piecewise_linear_max_abs,0.0001,0,continuation_mu,361000,3,1.5632499556792626e-05,0.0001254963640142659,0.45905210667481045,0.4589266103107962
piecewise_linear_max_abs,0.0001,0,continuation_mu,362000,3,1.5632499556792626e-05,0.00012380227431113555,0.4590508960423506,0.4589270937680395
piecewise_linear_max_abs,0.0001,0,continuation_mu,363000,3,1.5632499556792626e-05,0.00012213799014293425,0.4590496965058781,0.4589275585157352
piecewise_linear_max_abs,0.0001,0,continuation_mu,364000,3,1.5632499556792626e-05,0.00012044240391168026,0.45904844893339003,0.45892800652947835
piecewise_linear_max_abs,0.0001,0,continuation_mu,365000,3,1.5632499556792626e-05,0.00011875346419826238,0.45904719491560214,0.4589284414514039
piecewise_linear_max_abs,0.0001,0,continuation_mu,366000,3,1.5632499556792626e-05,0.00011702019740689185,0.4590458951722451,0.4589288749748382
piecewise_linear_max_abs,0.0001,0,continuation_mu,367000,3,1.5632499556792626e-05,0.00011537661932081722,0.459044677670544,0.4589293010512232
piecewise_linear_max_abs,0.0001,0,continuation_mu,368000,3,1.5632499556792626e-05,0.00011384903019706627,0.4590435645098652,0.45892971547966815
piecewise_linear_max_abs,0.0001,0,continuation_mu,369000,3,1.5632499556792626e-05,0.00011231712552234319,0.45904244261405824,0.4589301254885359
piecewise_linear_max_abs,0.0001,0,continuation_mu,370000,3,1.5632499556792626e-05,0.00011071750131236291,0.4590412489418888,0.45893053144057644
piecewise_linear_max_abs,0.0001,0,continuation_mu,371000,3,1.5632499556792626e-05,0.00010910383356527165,0.4590400330847815,0.4589309292512162
piecewise_linear_max_abs,0.0001,0,continuation_mu,372000,3,1.5632499556792626e-05,0.00010757325530058592,0.45903889121033226,0.45893131795503167
piecewise_linear_max_abs,0.0001,0,continuation_mu,373000,3,1.5632499556792626e-05,0.00010611739527366382,0.4590378192778434,0.4589317018825697
piecewise_linear_max_abs,0.0001,0,continuation_mu,374000,3,1.5632499556792626e-05,0.00010472169222147665,0.4590368029370523,0.4589320812448308
piecewise_linear_max_abs,0.0001,0,continuation_mu,375000,3,1.5632499556792626e-05,0.00010339031580824942,0.45903584264754194,0.4589324523317337
piecewise_linear_max_abs,0.0001,0,continuation_mu,376000,3,1.5632499556792626e-05,0.00010210586379655329,0.4590349215699263,0.45893281570612976
piecewise_linear_max_abs,0.0001,0,continuation_mu,377000,3,1.5632499556792626e-05,0.00010078376171740455,0.4590339602046748,0.4589331764429574
piecewise_linear_max_abs,0.0001,0,continuation_mu,377560,3,1.5632499556792626e-05,9.999968821661209e-05,0.45903337865740657,0.45893337896918995
sum_absolute,0.01,0,fixed_mu,0,1,3.3333333333333335e-05,132.29509130117174,153.405857651251,21.110766350079274
sum_absolute,0.01,0,fixed_mu,1,1,3.3333333333333335e-05,132.29326798420496,153.40403433428423,21.110766350079274
sum_absolute,0.01,0,fixed_mu,100,1,3.3333333333333335e-05,129.96170141291884,151.07246776299812,21.110766350079274
sum_absolute,0.01,0,fixed_mu,200,1,3.3333333333333335e-05,118.2863332072119,144.7025755599011,26.41624235268921
sum_absolute,0.01,0,fixed_mu,300,1,3.3333333333333335e-05,103.25833258996622,135.34111172060813,32.08277913064191
sum_absolute,0.01,0,fixed_mu,400,1,3.3333333333333335e-05,83.21402771347297,125.63959904444954,42.42557133097657
sum_absolute,0.01,0,fixed_mu,500,1,3.3333333333333335e-05,66.48959180571806,115.40291760057923,48.913325794861166
sum_absolute,0.01,0,fixed_mu,600,1,3.3333333333333335e-05,51.40260225671818,106.54592067297638,55.1433184162582
sum_absolute,0.01,0,fixed_mu,700,1,3.3333333333333335e-05,38.899105065713385,99.4118363121187,60.51273124640531
sum_absolute,0.01,0,fixed_mu,800,1,3.3333333333333335e-05,29.74479396419092,94.00754698220295,64.26275301801203
sum_absolute,0.01,0,fixed_mu,900,1,3.3333333333333335e-05,23.444382314275927,89.69091436538774,66.24653205111181
sum_absolute,0.01,0,fixed_mu,1000,1,3.3333333333333335e-05,18.929579863171114,86.45295360960978,67.52337374643866
sum_absolute,0.01,0,fixed_mu,1100,1,3.3333333333333335e-05,15.574895141080873,83.81201052828027,68.2371153871994
sum_absolute,0.01,0,fixed_mu,1200,1,3.3333333333333335e-05,13.01566300526973,82.2606850937562,69.24502208848646
sum_absolute,0.01,0,fixed_mu,1300,1,3.3333333333333335e-05,11.018369981051649,80.73163053352619,69.71326055247454
sum_absolute,0.01,0,fixed_mu,1400,1,3.3333333333333335e-05,9.436431123577094,79.43597359408452,69.99954247050742
sum_absolute,0.01,0,fixed_mu,1500,1,3.3333333333333335e-05,8.163049379940418,78.28180011969799,70.11875073975757
sum_absolute,0.01,0,fixed_mu,1600,1,3.3333333333333335e-05,7.108154073294543,77.58335921709045,70.4752051437959
sum_absolute,0.01,0,fixed_mu,1700,1,3.3333333333333335e-05,6.23414609723045,76.95337159864397,70.71922550141352
sum_absolute,0.01,0,fixed_mu,1800,1,3.3333333333333335e-05,5.495631569572865,76.28791695266015,70.79228538308729
sum_absolute,0.01,0,fixed_mu,1900,1,3.3333333333333335e-05,4.873076479974969,75.83298168589988,70.95990520592491
sum_absolute,0.01,0,fixed_mu,2000,1,3.3333333333333335e-05,4.332441817870645,75.42951174769037,71.09706992981972
sum_absolute,0.01,0,fixed_mu,2100,1,3.3333333333333335e-05,3.8683018406545386,75.0116906889917,71.14338884833717
sum_absolute,0.01,0,fixed_mu,2200,1,3.3333333333333335e-05,3.4652331713396336,74.7090388874785,71.24380571613887
sum_absolute,0.01,0,fixed_mu,2300,1,3.3333333333333335e-05,3.116214743513524,74.42320113607411,71.30698639256059
sum_absolute,0.01,0,fixed_mu,2400,1,3.3333333333333335e-05,2.8188219833134553,74.19429009569086,71.3754681123774
sum_absolute,0.01,0,fixed_mu,2500,1,3.3333333333333335e-05,2.558290304046551,73.9651690668388,71.40687876279225
sum_absolute,0.01,0,fixed_mu,2600,1,3.3333333333333335e-05,2.3230828598405537,73.79237144396751,71.46928858412696
sum_absolute,0.01,0,fixed_mu,2700,1,3.3333333333333335e-05,2.115976189949862,73.59760757380323,71.48163138385337
sum_absolute,0.01,0,fixed_mu,2800,1,3.3333333333333335e-05,1.9356479257383228,73.46002998120412,71.5243820554658
sum_absolute,0.01,0,fixed_mu,2900,1,3.3333333333333335e-05,1.7774301092067475,73.31980448877248,71.54237437956573
sum_absolute,0.01,0,fixed_mu,3000,1,3.3333333333333335e-05,1.6368465624352666,73.19738126867921,71.56053470624394
sum_absolute,0.01,0,fixed_mu,3100,1,3.3333333333333335e-05,1.5073810303445896,73.09193695708385,71.58455592673926
sum_absolute,0.01,0,fixed_mu,3200,1,3.3333333333333335e-05,1.392308487024053,72.99453396172035,71.6022254746963
sum_absolute,0.01,0,fixed_mu,3300,1,3.3333333333333335e-05,1.2856547625581527,72.9037800459619,71.61812528340374
sum_absolute,0.01,0,fixed_mu,3400,1,3.3333333333333335e-05,1.1895930008974034,72.81942219120135,71.62982919030395
sum_absolute,0.01,0,fixed_mu,3500,1,3.3333333333333335e-05,1.1061490527853977,72.74854724773523,71.64239819494983
sum_absolute,0.01,0,fixed_mu,3600,1,3.3333333333333335e-05,1.0332553022105913,72.68204157739572,71.64878627518513
sum_absolute,0.01,0,fixed_mu,3700,1,3.3333333333333335e-05,0.9651914540536666,72.6173967166113,71.65220526255763
sum_absolute,0.01,0,fixed_mu,3800,1,3.3333333333333335e-05,0.9004281712237514,72.55956640663484,71.65913823541109
sum_absolute,0.01,0,fixed_mu,3900,1,3.3333333333333335e-05,0.8428724986522127,72.50646392682302,71.6635914281708
sum_absolute,0.01,0,fixed_mu,4000,1,3.3333333333333335e-05,0.788502117422297,72.45862927105318,71.67012715363089
sum_absolute,0.01,0,fixed_mu,4100,1,3.3333333333333335e-05,0.7372921925248761,72.41127244574952,71.67398025322464
sum_absolute,0.01,0,fixed_mu,4200,1,3.3333333333333335e-05,0.6906573269236276,72.36986637357197,71.67920904664834
sum_absolute,0.01,0,fixed_mu,4300,1,3.3333333333333335e-05,0.6477768622458484,72.33101511457053,71.68323825232468
sum_absolute,0.01,0,fixed_mu,4400,1,3.3333333333333335e-05,0.6075503415470536,72.29400553305248,71.68645519150543
sum_absolute,0.01,0,fixed_mu,4500,1,3.3333333333333335e-05,0.5694850572042469,72.25943043843522,71.68994538123097
sum_absolute,0.01,0,fixed_mu,4600,1,3.3333333333333335e-05,0.5336772075333869,72.22611977342774,71.69244256589435
sum_absolute,0.01,0,fixed_mu,4700,1,3.3333333333333335e-05,0.5002196646086361,72.19488027981984,71.6946606152112
sum_absolute,0.01,0,fixed_mu,4800,1,3.3333333333333335e-05,0.46855445546239594,72.16562826163286,71.69707380617047
sum_absolute,0.01,0,fixed_mu,4900,1,3.3333333333333335e-05,0.43913366070204063,72.13815048297404,71.699016822272
sum_absolute,0.01,0,fixed_mu,5000,1,3.3333333333333335e-05,0.41145987980938514,72.11216235955985,71.70070247975046
sum_absolute,0.01,0,fixed_mu,5100,1,3.3333333333333335e-05,0.3848427947635855,72.08714603608473,71.70230324132115
sum_absolute,0.01,0,fixed_mu,5200,1,3.3333333333333335e-05,0.3595863083284172,72.06371420361126,71.70412789528284
sum_absolute,0.01,0,fixed_mu,5300,1,3.3333333333333335e-05,0.33555665901450027,72.04217984627108,71.70662318725658
sum_absolute,0.01,0,fixed_mu,5400,1,3.3333333333333335e-05,0.31268288356261564,72.02162811688515,71.70894523332254
sum_absolute,0.01,0,fixed_mu,5500,1,3.3333333333333335e-05,0.2904434010903003,72.00082025968824,71.71037685859794
sum_absolute,0.01,0,fixed_mu,5600,1,3.3333333333333335e-05,0.2695683371320854,71.98144106094549,71.7118727238134
sum_absolute,0.01,0,fixed_mu,5700,1,3.3333333333333335e-05,0.2497806919927683,71.96294696735396,71.71316627536119
sum_absolute,0.01,0,fixed_mu,5800,1,3.3333333333333335e-05,0.23045168375844582,71.94521242786081,71.71476074410236
sum_absolute,0.01,0,fixed_mu,5900,1,3.3333333333333335e-05,0.21190033648539952,71.92792424498731,71.71602390850191
sum_absolute,0.01,0,fixed_mu,6000,1,3.3333333333333335e-05,0.19451918261917456,71.91150776512228,71.7169885825031
sum_absolute,0.01,0,fixed_mu,6100,1,3.3333333333333335e-05,0.17793406519595578,71.89608547619699,71.71815141100103
sum_absolute,0.01,0,fixed_mu,6200,1,3.3333333333333335e-05,0.16189108109331585,71.8809748485583,71.71908376746498
sum_absolute,0.01,0,fixed_mu,6300,1,3.3333333333333335e-05,0.14635313680813056,71.86638480119467,71.72003166438654
sum_absolute,0.01,0,fixed_mu,6400,1,3.3333333333333335e-05,0.1314018842355722,71.85230255233517,71.7209006680996
sum_absolute,0.01,0,fixed_mu,6500,1,3.3333333333333335e-05,0.11707165009238452,71.83877240625219,71.7217007561598
sum_absolute,0.01,0,fixed_mu,6600,1,3.3333333333333335e-05,0.1033152457465576,71.82576151694218,71.72244627119562
sum_absolute,0.01,0,fixed_mu,6700,1,3.3333333333333335e-05,0.09006797234678743,71.81320492204378,71.723136949697
sum_absolute,0.01,0,fixed_mu,6800,1,3.3333333333333335e-05,0.07722763346122008,71.80100405188966,71.72377641842844
sum_absolute,0.01,0,fixed_mu,6900,1,3.3333333333333335e-05,0.06476278910534461,71.78916904420012,71.72440625509478
sum_absolute,0.01,0,fixed_mu,7000,1,3.3333333333333335e-05,0.05289067072877174,71.77783772286696,71.72494705213819
sum_absolute,0.01,0,fixed_mu,7100,1,3.3333333333333335e-05,0.04140824680310118,71.76681252157888,71.72540427477578
sum_absolute,0.01,0,fixed_mu,7200,1,3.3333333333333335e-05,0.03244770126273977,71.75958771518167,71.72714001391893
sum_absolute,0.01,0,fixed_mu,7300,1,3.3333333333333335e-05,0.030141262376218947,71.76021563065586,71.73007436827965
sum_absolute,0.01,0,fixed_mu,7400,1,3.3333333333333335e-05,0.028819832196248285,71.76011773846437,71.73129790626813
sum_absolute,0.01,0,fixed_mu,7500,1,3.3333333333333335e-05,0.027726403889062112,71.75989182815985,71.73216542427079
sum_absolute,0.01,0,fixed_mu,7600,1,3.3333333333333335e-05,0.02676313749429937,71.75965759981543,71.73289446232113
sum_absolute,0.01,0,fixed_mu,7700,1,3.3333333333333335e-05,0.025899059669384883,71.75947159345428,71.7335725337849
sum_absolute,0.01,0,fixed_mu,7800,1,3.3333333333333335e-05,0.025103634648388606,71.75922018437868,71.73411654973029
sum_absolute,0.01,0,fixed_mu,7900,1,3.3333333333333335e-05,0.02435906924114306,71.75888224912705,71.73452317988591
sum_absolute,0.01,0,fixed_mu,8000,1,3.3333333333333335e-05,0.023550776301291876,71.75867891813783,71.73512814183654
sum_absolute,0.01,0,fixed_mu,8100,1,3.3333333333333335e-05,0.02274290508927379,71.75848358332541,71.73574067823614
sum_absolute,0.01,0,fixed_mu,8200,1,3.3333333333333335e-05,0.022118109542773823,71.75836777443789,71.73624966489511
sum_absolute,0.01,0,fixed_mu,8300,1,3.3333333333333335e-05,0.021483589360258293,71.75821833272062,71.73673474336036
sum_absolute,0.01,0,fixed_mu,8400,1,3.3333333333333335e-05,0.02094047902329521,71.75810343296479,71.73716295394149
sum_absolute,0.01,0,fixed_mu,8500,1,3.3333333333333335e-05,0.02041808569532577,71.75798269513439,71.73756460943906
sum_absolute,0.01,0,fixed_mu,8600,1,3.3333333333333335e-05,0.019925519160977956,71.75788002636625,71.73795450720527
sum_absolute,0.01,0,fixed_mu,8700,1,3.3333333333333335e-05,0.01940114494379941,71.75778727783464,71.73838613289084
sum_absolute,0.01,0,fixed_mu,8800,1,3.3333333333333335e-05,0.018927284090892726,71.75768150217283,71.73875421808194
sum_absolute,0.01,0,fixed_mu,8900,1,3.3333333333333335e-05,0.01849162711582153,71.75758575135416,71.73909412423833
sum_absolute,0.01,0,fixed_mu,9000,1,3.3333333333333335e-05,0.018073520893153727,71.75749276874878,71.73941924785562
sum_absolute,0.01,0,fixed_mu,9100,1,3.3333333333333335e-05,0.017665633992891117,71.75739871772475,71.73973308373186
sum_absolute,0.01,0,fixed_mu,9200,1,3.3333333333333335e-05,0.01720931350357091,71.75734578275126,71.74013646924769
sum_absolute,0.01,0,fixed_mu,9300,1,3.3333333333333335e-05,0.016774111927063018,71.75728885406632,71.74051474213925
sum_absolute,0.01,0,fixed_mu,9400,1,3.3333333333333335e-05,0.016399327342952574,71.75722222122027,71.74082289387732
sum_absolute,0.01,0,fixed_mu,9500,1,3.3333333333333335e-05,0.016048953830676282,71.75716671007933,71.74111775624866
sum_absolute,0.01,0,fixed_mu,9600,1,3.3333333333333335e-05,0.01569914506237069,71.75711649165851,71.74141734659614
sum_absolute,0.01,0,fixed_mu,9700,1,3.3333333333333335e-05,0.015330011932903176,71.75707359109371,71.74174357916081
sum_absolute,0.01,0,fixed_mu,9800,1,3.3333333333333335e-05,0.015010621219971654,71.75703306478084,71.74202244356087
sum_absolute,0.01,0,fixed_mu,9900,1,3.3333333333333335e-05,0.014711782650152827,71.75699276519606,71.7422809825459
sum_absolute,0.01,0,fixed_mu,10000,1,3.3333333333333335e-05,0.014424054625990834,71.75695616946436,71.74253211483837
sum_absolute,0.01,0,fixed_mu,10100,1,3.3333333333333335e-05,0.014142600971851493,71.75691894904416,71.74277634807231
sum_absolute,0.01,0,fixed_mu,10200,1,3.3333333333333335e-05,0.01386886999873127,71.75688158422449,71.74301271422576
sum_absolute,0.01,0,fixed_mu,10300,1,3.3333333333333335e-05,0.013603464740427285,71.75684483436963,71.7432413696292
sum_absolute,0.01,0,fixed_mu,10400,1,3.3333333333333335e-05,0.013346202467459989,71.75680917143603,71.74346296896857
sum_absolute,0.01,0,fixed_mu,10500,1,3.3333333333333335e-05,0.013096242168927574,71.75677430031962,71.74367805815069
sum_absolute,0.01,0,fixed_mu,10600,1,3.3333333333333335e-05,0.0128540585943,71.75674088182294,71.74388682322864
sum_absolute,0.01,0,fixed_mu,10700,1,3.3333333333333335e-05,0.012619519758104047,71.75670894186844,71.74408942211033
sum_absolute,0.01,0,fixed_mu,10800,1,3.3333333333333335e-05,0.012392022455586016,71.75667813019658,71.74428610774099
sum_absolute,0.01,0,fixed_mu,10900,1,3.3333333333333335e-05,0.012171027317108951,71.75664816828375,71.74447714096664
sum_absolute,0.01,0,fixed_mu,11000,1,3.3333333333333335e-05,0.011956158068073819,71.75661890260261,71.74466274453454
sum_absolute,0.01,0,fixed_mu,11100,1,3.3333333333333335e-05,0.011747178886025722,71.75659029659843,71.7448431177124
sum_absolute,0.01,0,fixed_mu,11200,1,3.3333333333333335e-05,0.011543923754032903,71.75656237787027,71.74501845411623
sum_absolute,0.01,0,fixed_mu,11300,1,3.3333333333333335e-05,0.011346242243646998,71.75653518482902,71.74518894258537
sum_absolute,0.01,0,fixed_mu,11400,1,3.3333333333333335e-05,0.01115397338158175,71.75650873633526,71.74535476295368
sum_absolute,0.01,0,fixed_mu,11500,1,3.3333333333333335e-05,0.010966939234421602,71.75648302458812,71.7455160853537
sum_absolute,0.01,0,fixed_mu,11600,1,3.3333333333333335e-05,0.010784950184856257,71.75645802203462,71.74567307184977
sum_absolute,0.01,0,fixed_mu,11700,1,3.3333333333333335e-05,0.01060781505908892,71.75643369266359,71.7458258776045
sum_absolute,0.01,0,fixed_mu,11800,1,3.3333333333333335e-05,0.010435350202683935,71.75641000133966,71.74597465113698
sum_absolute,0.01,0,fixed_mu,11900,1,3.3333333333333335e-05,0.010267384310878924,71.7563869186888,71.74611953437793
sum_absolute,0.01,0,fixed_mu,12000,1,3.3333333333333335e-05,0.010103758973173171,71.75636442188522,71.74626066291205
sum_absolute,0.01,0,fixed_mu,12065,1,3.3333333333333335e-05,0.009999659876129385,71.75635010450557,71.74635044462944
sum_absolute,0.01,0,continuation_mu,0,1,0.0002666666666666667,132.29509130117174,153.405857651251,21.110766350079274
sum_absolute,0.01,0,continuation_mu,1,1,0.0002666666666666667,132.2805047654374,153.39127111551667,21.110766350079274
sum_absolute,0.01,0,continuation_mu,100,1,0.0002666666666666667,105.98612457312504,136.81539258411595,30.829268010990916
sum_absolute,0.01,0,continuation_mu,200,1,0.0002666666666666667,55.887302341833404,109.20213162391103,53.314829282077625
sum_absolute,0.01,0,continuation_mu,300,1,0.0002666666666666667,25.98076504254618,91.39345293126257,65.41268788871639
sum_absolute,0.01,0,continuation_mu,400,1,0.0002666666666666667,14.203809517360014,82.97837484450483,68.77456532714481
sum_absolute,0.01,0,continuation_mu,500,1,0.0002666666666666667,8.670875980626121,78.84359766251914,70.17272168189302
sum_absolute,0.01,0,continuation_mu,600,1,0.0002666666666666667,5.641132036766351,76.46181574356785,70.8206837068015
sum_absolute,0.01,0,continuation_mu,700,1,0.0002666666666666667,3.8628516018206938,75.0615360556481,71.19868445382741
sum_absolute,0.01,0,continuation_mu,800,1,0.0002666666666666667,2.775026847727389,74.17121418269437,71.39618733496698
sum_absolute,0.01,0,continuation_mu,900,1,0.0002666666666666667,2.0530835159583916,73.54805886333094,71.49497534737255
sum_absolute,0.01,0,continuation_mu,1000,1,0.0002666666666666667,1.5476322903889326,73.11233178327144,71.56469949288251
sum_absolute,0.01,0,continuation_mu,1100,1,0.0002666666666666667,1.1776996005107634,72.7862021365965,71.60850253608574
sum_absolute,0.01,0,continuation_mu,1200,1,0.0002666666666666667,0.903129049741338,72.53849921896314,71.6353701692218
sum_absolute,0.01,0,continuation_mu,1300,1,0.0002666666666666667,0.6954952995219088,72.34842455641959,71.65292925689768
sum_absolute,0.01,0,continuation_mu,1400,1,0.0002666666666666667,0.5238894303960393,72.18758344934292,71.66369401894688
sum_absolute,0.01,0,continuation_mu,1500,1,0.0002666666666666667,0.3827493886599598,72.05618692951185,71.67343754085189
sum_absolute,0.01,0,continuation_mu,1600,1,0.0002666666666666667,0.26128116632044396,71.94175370899676,71.68047254267631
sum_absolute,0.01,0,continuation_mu,1700,1,0.0002666666666666667,0.1565617843518936,71.84364890322564,71.68708711887375
sum_absolute,0.01,0,continuation_mu,1800,1,0.0002666666666666667,0.07709518110681302,71.77343604928706,71.69634086818024
sum_absolute,0.01,0,continuation_mu,1900,1,0.0002666666666666667,0.06273241687928532,71.77378736938142,71.71105495250214
sum_absolute,0.01,0,continuation_mu,2000,1,0.0002666666666666667,0.055375436395834754,71.7719609437408,71.71658550734496
sum_absolute,0.01,0,continuation_mu,2100,1,0.0002666666666666667,0.04990474660156963,71.77022494936611,71.72032020276454
sum_absolute,0.01,0,continuation_mu,2200,1,0.0002666666666666667,0.04469470756041005,71.76833139225401,71.7236366846936
sum_absolute,0.01,0,continuation_mu,2300,1,0.0002666666666666667,0.04080933507313489,71.76734167018677,71.72653233511363
sum_absolute,0.01,0,continuation_mu,2324,1,0.0002666666666666667,0.03997333510469048,71.76711251419167,71.72713917908698
sum_absolute,0.01,0,continuation_mu,2325,2,0.00013333333333333334,9.541432732711137,71.76658376862247,62.22515103591133
sum_absolute,0.01,0,continuation_mu,2400,2,0.00013333333333333334,124.18544664526954,148.08220774519367,23.896761099924134
sum_absolute,0.01,0,continuation_mu,2500,2,0.00013333333333333334,92.08369458017859,130.26368615809162,38.17999157791303
sum_absolute,0.01,0,continuation_mu,2600,2,0.00013333333333333334,58.169628182223846,110.44028958926509,52.270661407041246
sum_absolute,0.01,0,continuation_mu,2700,2,0.00013333333333333334,33.47079115492161,96.37386347779155,62.90307232286993
sum_absolute,0.01,0,continuation_mu,2800,2,0.00013333333333333334,20.682973586580275,87.85753770259682,67.17456411601654
sum_absolute,0.01,0,continuation_mu,2900,2,0.00013333333333333334,13.886510939438736,82.76321150486237,68.87670056542363
sum_absolute,0.01,0,continuation_mu,3000,2,0.00013333333333333334,9.839895143341593,79.86151684931555,70.02162170597396
sum_absolute,0.01,0,continuation_mu,3100,2,0.00013333333333333334,7.23801848980338,77.58380121335819,70.3457827235548
sum_absolute,0.01,0,continuation_mu,3200,2,0.00013333333333333334,5.478929158266709,76.31981538144852,70.84088622318181
sum_absolute,0.01,0,continuation_mu,3300,2,0.00013333333333333334,4.217367253992052,75.3172959977496,71.09992874375754
sum_absolute,0.01,0,continuation_mu,3400,2,0.00013333333333333334,3.327107521689939,74.59620037522059,71.26909285353065
sum_absolute,0.01,0,continuation_mu,3500,2,0.00013333333333333334,2.6750766176024,74.08918788997866,71.41411127237626
sum_absolute,0.01,0,continuation_mu,3600,2,0.00013333333333333334,2.168180963575381,73.64779115091083,71.47961018733545
sum_absolute,0.01,0,continuation_mu,3700,2,0.00013333333333333334,1.8004965640905937,73.34671207322904,71.54621550913845
sum_absolute,0.01,0,continuation_mu,3800,2,0.00013333333333333334,1.5042307925229608,73.07946891356211,71.57523812103915
sum_absolute,0.01,0,continuation_mu,3900,2,0.00013333333333333334,1.252834208231036,72.86434762841503,71.611513420184
sum_absolute,0.01,0,continuation_mu,4000,2,0.00013333333333333334,1.059585347329147,72.69381985388887,71.63423450655972
sum_absolute,0.01,0,continuation_mu,4100,2,0.00013333333333333334,0.8993562577544623,72.54517428373717,71.6458180259827
sum_absolute,0.01,0,continuation_mu,4200,2,0.00013333333333333334,0.7612767035442118,72.42302666240414,71.66174995885993
sum_absolute,0.01,0,continuation_mu,4300,2,0.00013333333333333334,0.6476811564013047,72.3163511220189,71.6686699656176
sum_absolute,0.01,0,continuation_mu,4400,2,0.00013333333333333334,0.5474511346601361,72.22325932329238,71.67580818863225
sum_absolute,0.01,0,continuation_mu,4500,2,0.00013333333333333334,0.4584961858011667,72.14017358954271,71.68167740374155
sum_absolute,0.01,0,continuation_mu,4600,2,0.00013333333333333334,0.3811544877943902,72.06682747923239,71.685672991438
sum_absolute,0.01,0,continuation_mu,4700,2,0.00013333333333333334,0.3098471039184574,72.00092460350515,71.6910774995867
sum_absolute,0.01,0,continuation_mu,4800,2,0.00013333333333333334,0.24584591560552838,71.94057280424815,71.69472688864262
sum_absolute,0.01,0,continuation_mu,4900,2,0.00013333333333333334,0.18755766825492515,71.88624301112353,71.6986853428686
sum_absolute,0.01,0,continuation_mu,5000,2,0.00013333333333333334,0.1353147203350744,71.83668576186305,71.70137104152798
sum_absolute,0.01,0,continuation_mu,5100,2,0.00013333333333333334,0.08700258234662783,71.79104102973201,71.70403844738539
sum_absolute,0.01,0,continuation_mu,5200,2,0.00013333333333333334,0.05553046870241474,71.76795902844412,71.71242855974171
sum_absolute,0.01,0,continuation_mu,5300,2,0.00013333333333333334,0.048921792171597644,71.76791152194635,71.71898972977475
sum_absolute,0.01,0,continuation_mu,5400,2,0.00013333333333333334,0.04469380596465555,71.76667127741624,71.72197747145158
sum_absolute,0.01,0,continuation_mu,5500,2,0.00013333333333333334,0.04125388678144759,71.76558304575161,71.72432915897016
sum_absolute,0.01,0,continuation_mu,5600,2,0.00013333333333333334,0.03837384077144179,71.76458009406349,71.72620625329205
sum_absolute,0.01,0,continuation_mu,5700,2,0.00013333333333333334,0.03565526443274791,71.7639045609419,71.72824929650915
sum_absolute,0.01,0,continuation_mu,5800,2,0.00013333333333333334,0.03351510341801145,71.76329310702312,71.7297780036051
sum_absolute,0.01,0,continuation_mu,5900,2,0.00013333333333333334,0.031530118761935455,71.76281319328879,71.73128307452686
sum_absolute,0.01,0,continuation_mu,6000,2,0.00013333333333333334,0.02980870465383134,71.76233719478039,71.73252849012655
sum_absolute,0.01,0,continuation_mu,6100,2,0.00013333333333333334,0.028278247864633954,71.76188376323472,71.73360551537009
sum_absolute,0.01,0,continuation_mu,6200,2,0.00013333333333333334,0.026775306092503115,71.76153198806534,71.73475668197284
sum_absolute,0.01,0,continuation_mu,6300,2,0.00013333333333333334,0.025422674245788812,71.7611547678581,71.73573209361231
sum_absolute,0.01,0,continuation_mu,6400,2,0.00013333333333333334,0.02423101083682866,71.76091498666393,71.7366839758271
sum_absolute,0.01,0,continuation_mu,6500,2,0.00013333333333333334,0.02304233038876191,71.76077082147005,71.73772849108128
sum_absolute,0.01,0,continuation_mu,6600,2,0.00013333333333333334,0.022034404712243827,71.76055812109767,71.73852371638543
sum_absolute,0.01,0,continuation_mu,6700,2,0.00013333333333333334,0.02112255281048192,71.76037768242996,71.73925512961948
sum_absolute,0.01,0,continuation_mu,6800,2,0.00013333333333333334,0.02029748225511696,71.76024348954748,71.73994600729236
sum_absolute,0.01,0,continuation_mu,6838,2,0.00013333333333333334,0.019998923971726867,71.76019424873273,71.740195324761
sum_absolute,0.01,0,continuation_mu,6839,3,6.666666666666667e-05,9.600986282613668,71.7599273934947,62.15894111088104
sum_absolute,0.01,0,continuation_mu,6900,3,6.666666666666667e-05,130.37913471217303,151.54248255221546,21.163347840042434
sum_absolute,0.01,0,continuation_mu,7000,3,6.666666666666667e-05,114.114561726205,142.19135228908152,28.076790562876525
sum_absolute,0.01,0,continuation_mu,7100,3,6.666666666666667e-05,88.68454401783961,128.49108167831636,39.80653766047675
sum_absolute,0.01,0,continuation_mu,7200,3,6.666666666666667e-05,64.58015545308257,114.13516964531837,49.5550141922358
sum_absolute,0.01,0,continuation_mu,7300,3,6.666666666666667e-05,44.20958029093427,102.55433322649777,58.344752935563506
sum_absolute,0.01,0,continuation_mu,7400,3,6.666666666666667e-05,30.0368688248179,94.1997186252037,64.1628498003858
sum_absolute,0.01,0,continuation_mu,7500,3,6.666666666666667e-05,21.539922079194312,88.48217810804762,66.94225602885331
sum_absolute,0.01,0,continuation_mu,7600,3,6.666666666666667e-05,16.134930624735688,84.17873038914968,68.04379976441399
sum_absolute,0.01,0,continuation_mu,7700,3,6.666666666666667e-05,12.471777419768927,81.83011314430121,69.35833572453228
sum_absolute,0.01,0,continuation_mu,7800,3,6.666666666666667e-05,9.891637777910603,79.92217229016866,70.03053451225806
sum_absolute,0.01,0,continuation_mu,7900,3,6.666666666666667e-05,7.997130063228894,78.17248096039393,70.17535089716503
sum_absolute,0.01,0,continuation_mu,8000,3,6.666666666666667e-05,6.554016637378652,77.15144427539016,70.59742763801151
sum_absolute,0.01,0,continuation_mu,8100,3,6.666666666666667e-05,5.433805087955207,76.28639487702685,70.85258978907164
sum_absolute,0.01,0,continuation_mu,8200,3,6.666666666666667e-05,4.557438154841293,75.58797842905949,71.0305402742182
sum_absolute,0.01,0,continuation_mu,8300,3,6.666666666666667e-05,3.848605793614368,74.98334789193333,71.13474209831897
sum_absolute,0.01,0,continuation_mu,8400,3,6.666666666666667e-05,3.2776535695718962,74.57245368203888,71.29480011246699
sum_absolute,0.01,0,continuation_mu,8500,3,6.666666666666667e-05,2.8152750889488374,74.18197086127937,71.36669577233053
sum_absolute,0.01,0,continuation_mu,8600,3,6.666666666666667e-05,2.441077773213024,73.89376170677188,71.45268393355886
sum_absolute,0.01,0,continuation_mu,8700,3,6.666666666666667e-05,2.1317633645281404,73.63284837889155,71.50108501436341
sum_absolute,0.01,0,continuation_mu,8800,3,6.666666666666667e-05,1.8753786356334388,73.41629266965154,71.5409140340181
sum_absolute,0.01,0,continuation_mu,8900,3,6.666666666666667e-05,1.656774217169911,73.21886259165379,71.56208837448388
sum_absolute,0.01,0,continuation_mu,9000,3,6.666666666666667e-05,1.4750597081961843,73.05974342250894,71.58468371431276
sum_absolute,0.01,0,continuation_mu,9100,3,6.666666666666667e-05,1.3092046567349342,72.92501861973113,71.6158139629962
sum_absolute,0.01,0,continuation_mu,9200,3,6.666666666666667e-05,1.16555250657359,72.78887079539965,71.62331828882606
sum_absolute,0.01,0,continuation_mu,9300,3,6.666666666666667e-05,1.0473068936622667,72.68773527323104,71.64042837956877
sum_absolute,0.01,0,continuation_mu,9400,3,6.666666666666667e-05,0.9444535717815938,72.5950497880776,71.65059621629601
sum_absolute,0.01,0,continuation_mu,9500,3,6.666666666666667e-05,0.8534597718669374,72.50965086864568,71.65619109677874
sum_absolute,0.01,0,continuation_mu,9600,3,6.666666666666667e-05,0.7675502406925574,72.43288325827915,71.66533301758659
sum_absolute,0.01,0,continuation_mu,9700,3,6.666666666666667e-05,0.6912956776072434,72.36536979009092,71.67407411248368
sum_absolute,0.01,0,continuation_mu,9800,3,6.666666666666667e-05,0.6252338298396296,72.30367891179657,71.67844508195694
sum_absolute,0.01,0,continuation_mu,9900,3,6.666666666666667e-05,0.5632002810600625,72.24585586367903,71.68265558261896
sum_absolute,0.01,0,continuation_mu,10000,3,6.666666666666667e-05,0.5073846861094466,72.19370072888421,71.68631604277476
sum_absolute,0.01,0,continuation_mu,10100,3,6.666666666666667e-05,0.45640838590901467,72.14613726071335,71.68972887480433
sum_absolute,0.01,0,continuation_mu,10200,3,6.666666666666667e-05,0.4080656056949721,72.10258901708039,71.69452341138542
sum_absolute,0.01,0,continuation_mu,10300,3,6.666666666666667e-05,0.3634192955464641,72.06147792569763,71.69805863015117
sum_absolute,0.01,0,continuation_mu,10400,3,6.666666666666667e-05,0.32294768414895714,72.02402332500793,71.70107564085897
sum_absolute,0.01,0,continuation_mu,10500,3,6.666666666666667e-05,0.28537868740181693,71.98873789277263,71.70335920537082
sum_absolute,0.01,0,continuation_mu,10600,3,6.666666666666667e-05,0.25051636026951485,71.95599906972295,71.70548270945343
sum_absolute,0.01,0,continuation_mu,10700,3,6.666666666666667e-05,0.21719212476449457,71.92469756251529,71.7075054377508
sum_absolute,0.01,0,continuation_mu,10800,3,6.666666666666667e-05,0.1861000294727404,71.89533725723578,71.70923722776304
sum_absolute,0.01,0,continuation_mu,10900,3,6.666666666666667e-05,0.1569742338742799,71.86769287766741,71.71071864379313
sum_absolute,0.01,0,continuation_mu,11000,3,6.666666666666667e-05,0.12909911387073691,71.84174211182423,71.7126429979535
sum_absolute,0.01,0,continuation_mu,11100,3,6.666666666666667e-05,0.10247943834615114,71.81699430017333,71.71451486182718
sum_absolute,0.01,0,continuation_mu,11200,3,6.666666666666667e-05,0.0776453418275338,71.79355258022777,71.71590723840023
sum_absolute,0.01,0,continuation_mu,11300,3,6.666666666666667e-05,0.05434219479764124,71.77132337260355,71.7169811778059
sum_absolute,0.01,0,continuation_mu,11400,3,6.666666666666667e-05,0.040940167797174354,71.76305077947697,71.7221106116798
sum_absolute,0.01,0,continuation_mu,11500,3,6.666666666666667e-05,0.0376200304093004,71.76316498742614,71.72554495701684
sum_absolute,0.01,0,continuation_mu,11600,3,6.666666666666667e-05,0.03537735055421365,71.7626431469183,71.72726579636408
sum_absolute,0.01,0,continuation_mu,11700,3,6.666666666666667e-05,0.03348148809992324,71.76213916950712,71.7286576814072
sum_absolute,0.01,0,continuation_mu,11800,3,6.666666666666667e-05,0.03184615982854666,71.76170393760586,71.72985777777731
sum_absolute,0.01,0,continuation_mu,11900,3,6.666666666666667e-05,0.030417915062272982,71.76103339472213,71.73061547965986
sum_absolute,0.01,0,continuation_mu,12000,3,6.666666666666667e-05,0.028877064728632718,71.7604650609943,71.73158799626567
sum_absolute,0.01,0,continuation_mu,12100,3,6.666666666666667e-05,0.027567201508460926,71.76023515707774,71.73266795556928
sum_absolute,0.01,0,continuation_mu,12200,3,6.666666666666667e-05,0.026322729191406324,71.75991804799528,71.73359531880388
sum_absolute,0.01,0,continuation_mu,12300,3,6.666666666666667e-05,0.02530137409634392,71.75968778668205,71.7343864125857
sum_absolute,0.01,0,continuation_mu,12400,3,6.666666666666667e-05,0.024300314502454512,71.75945722168532,71.73515690718287
sum_absolute,0.01,0,continuation_mu,12500,3,6.666666666666667e-05,0.023404906100367384,71.75926050983338,71.73585560373301
sum_absolute,0.01,0,continuation_mu,12600,3,6.666666666666667e-05,0.022600383164601112,71.75908841827662,71.73648803511202
sum_absolute,0.01,0,continuation_mu,12700,3,6.666666666666667e-05,0.021831665014232726,71.75889963282562,71.73706796781138
sum_absolute,0.01,0,continuation_mu,12800,3,6.666666666666667e-05,0.021080183635490357,71.7587346752144,71.73765449157891
sum_absolute,0.01,0,continuation_mu,12900,3,6.666666666666667e-05,0.020290142250971144,71.7586497678293,71.73835962557833
sum_absolute,0.01,0,continuation_mu,13000,3,6.666666666666667e-05,0.019618182688674324,71.75852270430994,71.73890452162127
sum_absolute,0.01,0,continuation_mu,13100,3,6.666666666666667e-05,0.019005353239649025,71.75841406430146,71.73940871106181
sum_absolute,0.01,0,continuation_mu,13200,3,6.666666666666667e-05,0.018431363357052533,71.75832252424094,71.73989116088389
sum_absolute,0.01,0,continuation_mu,13300,3,6.666666666666667e-05,0.01789299655126797,71.75824283917913,71.74034984262786
sum_absolute,0.01,0,continuation_mu,13400,3,6.666666666666667e-05,0.017371929277729237,71.75815803146621,71.74078610218848
sum_absolute,0.01,0,continuation_mu,13500,3,6.666666666666667e-05,0.016875040688688614,71.75807618563147,71.74120114494278
sum_absolute,0.01,0,continuation_mu,13600,3,6.666666666666667e-05,0.01640219227471107,71.75799901964339,71.74159682736868
sum_absolute,0.01,0,continuation_mu,13700,3,6.666666666666667e-05,0.015951896842338442,71.75792656392517,71.74197466708283
sum_absolute,0.01,0,continuation_mu,13800,3,6.666666666666667e-05,0.015522416787831617,71.75785804466184,71.74233562787401
sum_absolute,0.01,0,continuation_mu,13900,3,6.666666666666667e-05,0.015112102929933258,71.75779276009452,71.74268065716458
sum_absolute,0.01,0,continuation_mu,14000,3,6.666666666666667e-05,0.014719583448780327,71.75773031198914,71.74301072854036
sum_absolute,0.01,0,continuation_mu,14100,3,6.666666666666667e-05,0.014343823625310392,71.75767054720114,71.74332672357583
sum_absolute,0.01,0,continuation_mu,14200,3,6.666666666666667e-05,0.01398397892738501,71.757613406291,71.74362942736362
sum_absolute,0.01,0,continuation_mu,14300,3,6.666666666666667e-05,0.01363476749187953,71.75756039604707,71.74392562855519
sum_absolute,0.01,0,continuation_mu,14400,3,6.666666666666667e-05,0.013241967307138225,71.75749938534913,71.744257418042
sum_absolute,0.01,0,continuation_mu,14500,3,6.666666666666667e-05,0.012914082878410227,71.75745493154346,71.74454084866505
sum_absolute,0.01,0,continuation_mu,14600,3,6.666666666666667e-05,0.012618074178888605,71.75741769751262,71.74479962333373
sum_absolute,0.01,0,continuation_mu,14700,3,6.666666666666667e-05,0.012336662564848666,71.75738346414124,71.7450468015764
sum_absolute,0.01,0,continuation_mu,14800,3,6.666666666666667e-05,0.012063013273689194,71.75734830675373,71.74528529348004
sum_absolute,0.01,0,continuation_mu,14900,3,6.666666666666667e-05,0.01179694183196034,71.75731202605371,71.74551508422175
sum_absolute,0.01,0,continuation_mu,15000,3,6.666666666666667e-05,0.011539560763708323,71.75727556890385,71.74573600814014
sum_absolute,0.01,0,continuation_mu,15100,3,6.666666666666667e-05,0.01129151038189491,71.75723995629778,71.74594844591589
sum_absolute,0.01,0,continuation_mu,15200,3,6.666666666666667e-05,0.011052831835229426,71.75720583054405,71.74615299870882
sum_absolute,0.01,0,continuation_mu,15300,3,6.666666666666667e-05,0.01082327121939386,71.75717342618954,71.74635015497014
sum_absolute,0.01,0,continuation_mu,15400,3,6.666666666666667e-05,0.010602431836829851,71.75714269866245,71.74654026682562
sum_absolute,0.01,0,continuation_mu,15500,3,6.666666666666667e-05,0.010389823006690335,71.75711346573014,71.74672364272345
sum_absolute,0.01,0,continuation_mu,15600,3,6.666666666666667e-05,0.010184920636262973,71.75708551361187,71.7469005929756
sum_absolute,0.01,0,continuation_mu,15694,3,6.666666666666667e-05,0.009998901734235233,71.7570602426033,71.74706134086907
sum_absolute,0.001,0,fixed_mu,0,1,3.3333333333333333e-06,149.50493323837418,153.86567123539461,4.360737997020436
sum_absolute,0.001,0,fixed_mu,1,1,3.3333333333333333e-06,149.5047026290496,153.86544062607004,4.360737997020436
sum_absolute,0.001,0,fixed_mu,1000,1,3.3333333333333333e-06,107.14015106416659,130.44898440878254,23.308833344615948
sum_absolute,0.001,0,fixed_mu,2000,1,3.3333333333333333e-06,47.705387424720826,99.50250759203914,51.79712016731831
sum_absolute,0.001,0,fixed_mu,3000,1,3.3333333333333333e-06,21.452891423066646,85.66466611576988,64.21177469270323
sum_absolute,0.001,0,fixed_mu,4000,1,3.3333333333333333e-06,12.010385184501615,78.57395023041283,66.56356504591122
sum_absolute,0.001,0,fixed_mu,5000,1,3.3333333333333333e-06,7.62695141298596,75.14990975640421,67.52295834341825
sum_absolute,0.001,0,fixed_mu,6000,1,3.3333333333333333e-06,5.227787613050438,73.13236235888495,67.90457474583451
sum_absolute,0.001,0,fixed_mu,7000,1,3.3333333333333333e-06,3.7740753269051766,71.94698362941051,68.17290830250533
sum_absolute,0.001,0,fixed_mu,8000,1,3.3333333333333333e-06,2.823089025422604,71.16618718385956,68.34309815843696
sum_absolute,0.001,0,fixed_mu,9000,1,3.3333333333333333e-06,2.1685430659765927,70.61781143867461,68.44926837269801
sum_absolute,0.001,0,fixed_mu,10000,1,3.3333333333333333e-06,1.6980638861569304,70.21135345604567,68.51328956988874
sum_absolute,0.001,0,fixed_mu,11000,1,3.3333333333333333e-06,1.3529340181907514,69.9366416588133,68.58370764062255
sum_absolute,0.001,0,fixed_mu,12000,1,3.3333333333333333e-06,1.099856805342995,69.71300018486002,68.61314337951703
sum_absolute,0.001,0,fixed_mu,13000,1,3.3333333333333333e-06,0.9108376746251707,69.54484933551066,68.63401166088549
sum_absolute,0.001,0,fixed_mu,14000,1,3.3333333333333333e-06,0.7648936066424881,69.41527927230449,68.650385665662
sum_absolute,0.001,0,fixed_mu,15000,1,3.3333333333333333e-06,0.6466902316230119,69.31339123549319,68.66670100387017
sum_absolute,0.001,0,fixed_mu,16000,1,3.3333333333333333e-06,0.5529846453053722,69.22840217183858,68.67541752653321
sum_absolute,0.001,0,fixed_mu,17000,1,3.3333333333333333e-06,0.47727957445245295,69.15961845417222,68.68233887971977
sum_absolute,0.001,0,fixed_mu,18000,1,3.3333333333333333e-06,0.4145340797984147,69.10149214033717,68.68695806053876
sum_absolute,0.001,0,fixed_mu,19000,1,3.3333333333333333e-06,0.36125494894726273,69.05193744896188,68.69068250001462
sum_absolute,0.001,0,fixed_mu,20000,1,3.3333333333333333e-06,0.3157300769726703,69.00925196677957,68.6935218898069
sum_absolute,0.001,0,fixed_mu,21000,1,3.3333333333333333e-06,0.27629919644188305,68.97329249417422,68.69699329773233
sum_absolute,0.001,0,fixed_mu,22000,1,3.3333333333333333e-06,0.24181628071032435,68.9410837521393,68.69926747142898
sum_absolute,0.001,0,fixed_mu,23000,1,3.3333333333333333e-06,0.2106667683278971,68.91225041247652,68.70158364414863
sum_absolute,0.001,0,fixed_mu,24000,1,3.3333333333333333e-06,0.18321405011545266,68.88660269596721,68.70338864585176
sum_absolute,0.001,0,fixed_mu,25000,1,3.3333333333333333e-06,0.15866064410971603,68.86363246090974,68.70497181680003
sum_absolute,0.001,0,fixed_mu,26000,1,3.3333333333333333e-06,0.13639621127794044,68.84285334859575,68.70645713731781
sum_absolute,0.001,0,fixed_mu,27000,1,3.3333333333333333e-06,0.11669282142059956,68.82427533718212,68.70758251576152
sum_absolute,0.001,0,fixed_mu,28000,1,3.3333333333333333e-06,0.09856994621819126,68.80713913549545,68.70856918927726
sum_absolute,0.001,0,fixed_mu,29000,1,3.3333333333333333e-06,0.08193460565831856,68.7913915754578,68.70945696979948
sum_absolute,0.001,0,fixed_mu,30000,1,3.3333333333333333e-06,0.06661256173147478,68.77685948591733,68.71024692418585
sum_absolute,0.001,0,fixed_mu,31000,1,3.3333333333333333e-06,0.05243137078689131,68.76338584224035,68.71095447145346
sum_absolute,0.001,0,fixed_mu,32000,1,3.3333333333333333e-06,0.039251372860661604,68.7508410721455,68.71158969928484
sum_absolute,0.001,0,fixed_mu,33000,1,3.3333333333333333e-06,0.026953580291134926,68.73911481966374,68.7121612393726
sum_absolute,0.001,0,fixed_mu,34000,1,3.3333333333333333e-06,0.015436253734407046,68.7281126945194,68.71267644078499
sum_absolute,0.001,0,fixed_mu,35000,1,3.3333333333333333e-06,0.010815513123105802,68.72475164311169,68.71393612998858
sum_absolute,0.001,0,fixed_mu,36000,1,3.3333333333333333e-06,0.010025348519334898,68.72465308566525,68.71462773714592
sum_absolute,0.001,0,fixed_mu,37000,1,3.3333333333333333e-06,0.009248250285565973,68.72452750563468,68.71527925534912
sum_absolute,0.001,0,fixed_mu,38000,1,3.3333333333333333e-06,0.008665049338205222,68.7243716171612,68.71570656782299
sum_absolute,0.001,0,fixed_mu,39000,1,3.3333333333333333e-06,0.00813851935384946,68.72425558757487,68.71611706822102
sum_absolute,0.001,0,fixed_mu,40000,1,3.3333333333333333e-06,0.007697915099569741,68.72416918775534,68.71647127265577
sum_absolute,0.001,0,fixed_mu,41000,1,3.3333333333333333e-06,0.007291361322089074,68.7240847379654,68.71679337664331
sum_absolute,0.001,0,fixed_mu,42000,1,3.3333333333333333e-06,0.006899220249692917,68.72401518746105,68.71711596721136
sum_absolute,0.001,0,fixed_mu,43000,1,3.3333333333333333e-06,0.006566009063988076,68.72395330096779,68.7173872919038
sum_absolute,0.001,0,fixed_mu,44000,1,3.3333333333333333e-06,0.006256322409299742,68.72389251278825,68.71763619037895
sum_absolute,0.001,0,fixed_mu,45000,1,3.3333333333333333e-06,0.005931108846411348,68.72385014545786,68.71791903661145
sum_absolute,0.001,0,fixed_mu,46000,1,3.3333333333333333e-06,0.005665465911107503,68.72381249539106,68.71814702947995
sum_absolute,0.001,0,fixed_mu,47000,1,3.3333333333333333e-06,0.005417870992602047,68.72377785798818,68.71835998699558
sum_absolute,0.001,0,fixed_mu,48000,1,3.3333333333333333e-06,0.005179777827180487,68.72374771536778,68.7185679375406
sum_absolute,0.001,0,fixed_mu,49000,1,3.3333333333333333e-06,0.004956485134385957,68.72372090596348,68.71876442082909
sum_absolute,0.001,0,fixed_mu,50000,1,3.3333333333333333e-06,0.004754309379038091,68.72369772101518,68.71894341163615
sum_absolute,0.001,0,fixed_mu,51000,1,3.3333333333333333e-06,0.004564481112197427,68.72367642379965,68.71911194268745
sum_absolute,0.001,0,fixed_mu,52000,1,3.3333333333333333e-06,0.00438601007293471,68.72365682445526,68.71927081438233
sum_absolute,0.001,0,fixed_mu,53000,1,3.3333333333333333e-06,0.004218008756083691,68.72363876043403,68.71942075167794
sum_absolute,0.001,0,fixed_mu,54000,1,3.3333333333333333e-06,0.0040596751997838965,68.72362208779958,68.7195624125998
sum_absolute,0.001,0,fixed_mu,55000,1,3.3333333333333333e-06,0.003910282550435795,68.72360667820408,68.71969639565364
sum_absolute,0.001,0,fixed_mu,56000,1,3.3333333333333333e-06,0.0037691708558327264,68.7235924170285,68.71982324617267
sum_absolute,0.001,0,fixed_mu,57000,1,3.3333333333333333e-06,0.0036357398347490744,68.72357920172513,68.71994346189038
sum_absolute,0.001,0,fixed_mu,58000,1,3.3333333333333333e-06,0.0035094425315662647,68.72356694037484,68.72005749784327
sum_absolute,0.001,0,fixed_mu,59000,1,3.3333333333333333e-06,0.0033897797428323884,68.7235555504374,68.72016577069456
sum_absolute,0.001,0,fixed_mu,60000,1,3.3333333333333333e-06,0.0032762951110356653,68.7235449576658,68.72026866255476
sum_absolute,0.001,0,fixed_mu,61000,1,3.3333333333333333e-06,0.003168570794642278,68.72353509516056,68.72036652436591
sum_absolute,0.001,0,fixed_mu,62000,1,3.3333333333333333e-06,0.0030662236394931597,68.72352590254432,68.72045967890483
sum_absolute,0.001,0,fixed_mu,63000,1,3.3333333333333333e-06,0.0029689017858203215,68.72351732524,68.72054842345418
sum_absolute,0.001,0,fixed_mu,64000,1,3.3333333333333333e-06,0.002876281655844082,68.72350931383797,68.72063303218212
sum_absolute,0.001,0,fixed_mu,65000,1,3.3333333333333333e-06,0.002788065273051643,68.72350182354032,68.72071375826727
sum_absolute,0.001,0,fixed_mu,66000,1,3.3333333333333333e-06,0.002703977873494523,68.72349481367192,68.72079083579843
sum_absolute,0.001,0,fixed_mu,67000,1,3.3333333333333333e-06,0.0026237657722560925,68.72348824724926,68.72086448147701
sum_absolute,0.001,0,fixed_mu,68000,1,3.3333333333333333e-06,0.002547194454919577,68.72348209059972,68.7209348961448
sum_absolute,0.001,0,fixed_mu,69000,1,3.3333333333333333e-06,0.0024740468675048533,68.72347631302465,68.72100226615714
sum_absolute,0.001,0,fixed_mu,70000,1,3.3333333333333333e-06,0.0024041218809571774,68.72347088650069,68.72106676461974
sum_absolute,0.001,0,fixed_mu,71000,1,3.3333333333333333e-06,0.0023372329115858292,68.7234657854149,68.72112855250332
sum_absolute,0.001,0,fixed_mu,72000,1,3.3333333333333333e-06,0.002273206677756434,68.72346098632869,68.72118777965093
sum_absolute,0.001,0,fixed_mu,73000,1,3.3333333333333333e-06,0.00221188207939349,68.72345646776816,68.72124458568877
sum_absolute,0.001,0,fixed_mu,74000,1,3.3333333333333333e-06,0.002153109185513813,68.72345221003653,68.72129910085101
sum_absolute,0.001,0,fixed_mu,75000,1,3.3333333333333333e-06,0.002096748318663799,68.72344819504701,68.72135144672835
sum_absolute,0.001,0,fixed_mu,76000,1,3.3333333333333333e-06,0.0020426692255597345,68.72344440617296,68.7214017369474
sum_absolute,0.001,0,fixed_mu,77000,1,3.3333333333333333e-06,0.0019907503248788316,68.72344082811371,68.72145007778883
sum_absolute,0.001,0,fixed_mu,78000,1,3.3333333333333333e-06,0.001940878024058179,68.72343744677431,68.72149656875025
sum_absolute,0.001,0,fixed_mu,79000,1,3.3333333333333333e-06,0.00189294609810986,68.72343424915732,68.72154130305921
sum_absolute,0.001,0,fixed_mu,80000,1,3.3333333333333333e-06,0.0018468551239152475,68.72343122326552,68.7215843681416
sum_absolute,0.001,0,fixed_mu,81000,1,3.3333333333333333e-06,0.001802511964527298,68.72342835801429,68.72162584604976
sum_absolute,0.001,0,fixed_mu,82000,1,3.3333333333333333e-06,0.0017598292984217778,68.72342564315252,68.7216658138541
sum_absolute,0.001,0,fixed_mu,83000,1,3.3333333333333333e-06,0.0017187251895762756,68.72342306919133,68.72170434400175
sum_absolute,0.001,0,fixed_mu,84000,1,3.3333333333333333e-06,0.001679122693801105,68.72342062733941,68.7217415046456
sum_absolute,0.001,0,fixed_mu,85000,1,3.3333333333333333e-06,0.0016409494983804507,68.72341830944467,68.72177735994629
sum_absolute,0.001,0,fixed_mu,86000,1,3.3333333333333333e-06,0.0016041375917694722,68.72341610794125,68.72181197034948
sum_absolute,0.001,0,fixed_mu,87000,1,3.3333333333333333e-06,0.001568622960292032,68.72341401580158,68.72184539284129
sum_absolute,0.001,0,fixed_mu,88000,1,3.3333333333333333e-06,0.0015343453094516235,68.7234120264926,68.72187768118314
sum_absolute,0.001,0,fixed_mu,89000,1,3.3333333333333333e-06,0.001501247807823347,68.72341013393626,68.72190888612843
sum_absolute,0.001,0,fixed_mu,90000,1,3.3333333333333333e-06,0.0014692768511253007,68.72340833247328,68.72193905562216
sum_absolute,0.001,0,fixed_mu,91000,1,3.3333333333333333e-06,0.0014383818448067132,68.72340661683039,68.72196823498558
sum_absolute,0.001,0,fixed_mu,92000,1,3.3333333333333333e-06,0.0014085150036038385,68.72340498209017,68.72199646708657
sum_absolute,0.001,0,fixed_mu,93000,1,3.3333333333333333e-06,0.0013796311664293626,68.7234034236638,68.72202379249737
sum_absolute,0.001,0,fixed_mu,94000,1,3.3333333333333333e-06,0.0013516876254300314,68.723401937266,68.72205024964057
sum_absolute,0.001,0,fixed_mu,95000,1,3.3333333333333333e-06,0.0013246439677487842,68.72340051889209,68.72207587492434
sum_absolute,0.001,0,fixed_mu,96000,1,3.3333333333333333e-06,0.0012984619290961064,68.72339916479707,68.72210070286798
sum_absolute,0.001,0,fixed_mu,97000,1,3.3333333333333333e-06,0.0012731052583490055,68.72339787147646,68.72212476621812
sum_absolute,0.001,0,fixed_mu,98000,1,3.3333333333333333e-06,0.0012485395914438868,68.72339663564863,68.72214809605718
sum_absolute,0.001,0,fixed_mu,99000,1,3.3333333333333333e-06,0.0012247323350038641,68.72339545423861,68.72217072190361
sum_absolute,0.001,0,fixed_mu,100000,1,3.3333333333333333e-06,0.0012016525579525705,68.72339432436338,68.72219267180543
sum_absolute,0.001,0,fixed_mu,101000,1,3.3333333333333333e-06,0.0011792708906170901,68.72339324331804,68.72221397242743
sum_absolute,0.001,0,fixed_mu,102000,1,3.3333333333333333e-06,0.0011575594312915882,68.72339220856337,68.72223464913208
sum_absolute,0.001,0,fixed_mu,103000,1,3.3333333333333333e-06,0.00113649165892582,68.7233912177142,68.72225472605527
sum_absolute,0.001,0,fixed_mu,104000,1,3.3333333333333333e-06,0.0011160423521516805,68.72339026852879,68.72227422617664
sum_absolute,0.001,0,fixed_mu,105000,1,3.3333333333333333e-06,0.001096187513283553,68.72338935889891,68.72229317138563
sum_absolute,0.001,0,fixed_mu,106000,1,3.3333333333333333e-06,0.0010769042981024768,68.7233884868409,68.7223115825428
sum_absolute,0.001,0,fixed_mu,107000,1,3.3333333333333333e-06,0.0010581709495625091,68.72338765048713,68.72232947953756
sum_absolute,0.001,0,fixed_mu,108000,1,3.3333333333333333e-06,0.0010399667366414178,68.72338684807832,68.72234688134168
sum_absolute,0.001,0,fixed_mu,109000,1,3.3333333333333333e-06,0.0010222718966588218,68.7233860779564,68.72236380605975
sum_absolute,0.001,0,fixed_mu,110000,1,3.3333333333333333e-06,0.0010050675815165278,68.72338533855783,68.72238027097632
sum_absolute,0.001,0,fixed_mu,110300,1,3.3333333333333333e-06,0.000999999228923798,68.72338512250656,68.72238512327763
sum_absolute,0.001,0,continuation_mu,0,1,2.6666666666666667e-05,149.50493323837418,153.86567123539461,4.360737997020436
sum_absolute,0.001,0,continuation_mu,1,1,2.6666666666666667e-05,149.5030883637775,153.86382636079793,4.360737997020436
sum_absolute,0.001,0,continuation_mu,1000,1,2.6666666666666667e-05,24.00136912846778,87.26770913879946,63.26634001033168
sum_absolute,0.001,0,continuation_mu,2000,1,2.6666666666666667e-05,5.660358765056941,73.48454467918361,67.82418591412667
sum_absolute,0.001,0,continuation_mu,3000,1,2.6666666666666667e-05,2.1877903197635504,70.66364015868503,68.47584983892148
sum_absolute,0.001,0,continuation_mu,4000,1,2.6666666666666667e-05,1.081138831228202,69.6972358251831,68.6160969939549
sum_absolute,0.001,0,continuation_mu,5000,1,2.6666666666666667e-05,0.610082315705597,69.26673889229298,68.65665657658738
sum_absolute,0.001,0,continuation_mu,6000,1,2.6666666666666667e-05,0.34914505265921036,69.03037215832599,68.68122710566678
sum_absolute,0.001,0,continuation_mu,7000,1,2.6666666666666667e-05,0.1854258127542039,68.87767211460098,68.69224630184678
sum_absolute,0.001,0,continuation_mu,8000,1,2.6666666666666667e-05,0.07157829453896625,68.76996501387913,68.69838671934016
sum_absolute,0.001,0,continuation_mu,9000,1,2.6666666666666667e-05,0.02273535961495554,68.72887488149658,68.70613952188162
sum_absolute,0.001,0,continuation_mu,10000,1,2.6666666666666667e-05,0.01764379082112555,68.72717840934376,68.70953461852264
sum_absolute,0.001,0,continuation_mu,11000,1,2.6666666666666667e-05,0.014214774570504574,68.72609407137926,68.71187929680876
sum_absolute,0.001,0,continuation_mu,12000,1,2.6666666666666667e-05,0.011749895325849025,68.72532660508337,68.71357670975752
sum_absolute,0.001,0,continuation_mu,13000,1,2.6666666666666667e-05,0.00985344919163822,68.72489318293859,68.71503973374695
sum_absolute,0.001,0,continuation_mu,14000,1,2.6666666666666667e-05,0.0082582001437288,68.72467763847149,68.71641943832776
sum_absolute,0.001,0,continuation_mu,15000,1,2.6666666666666667e-05,0.007228454801776252,68.72454013191586,68.71731167711408
sum_absolute,0.001,0,continuation_mu,16000,1,2.6666666666666667e-05,0.006397885537907655,68.72443359568605,68.71803571014814
sum_absolute,0.001,0,continuation_mu,17000,1,2.6666666666666667e-05,0.005716768045331833,68.72435209612462,68.71863532807929
sum_absolute,0.001,0,continuation_mu,18000,1,2.6666666666666667e-05,0.005151195716479151,68.72428869278792,68.71913749707144
sum_absolute,0.001,0,continuation_mu,19000,1,2.6666666666666667e-05,0.004676450954164579,68.72423870874431,68.71956225779014
sum_absolute,0.001,0,continuation_mu,20000,1,2.6666666666666667e-05,0.004274097447776626,68.72419884601831,68.71992474857053
sum_absolute,0.001,0,continuation_mu,20785,1,2.6666666666666667e-05,0.00399974684664528,68.72417307071257,68.72017332386592
sum_absolute,0.001,0,continuation_mu,20786,2,1.3333333333333333e-05,8.683670763642908,68.72412349292588,60.040452729282975
sum_absolute,0.001,0,continuation_mu,21000,2,1.3333333333333333e-05,142.5398465061612,148.562174954634,6.022328448472791
sum_absolute,0.001,0,continuation_mu,22000,2,1.3333333333333333e-05,32.6749580406307,92.06183203000009,59.38687398936939
sum_absolute,0.001,0,continuation_mu,23000,2,1.3333333333333333e-05,9.662862579803061,76.56621839956998,66.90335581976692
sum_absolute,0.001,0,continuation_mu,24000,2,1.3333333333333333e-05,4.364317674110183,72.43563680963621,68.07131913552602
sum_absolute,0.001,0,continuation_mu,25000,2,1.3333333333333333e-05,2.354137865364109,70.77934231739336,68.42520445202925
sum_absolute,0.001,0,continuation_mu,26000,2,1.3333333333333333e-05,1.4038022727492887,69.98305567932334,68.57925340657405
sum_absolute,0.001,0,continuation_mu,27000,2,1.3333333333333333e-05,0.9188547521804793,69.54829389558779,68.62943914340731
sum_absolute,0.001,0,continuation_mu,28000,2,1.3333333333333333e-05,0.6304208470701411,69.29287840133235,68.6624575542622
sum_absolute,0.001,0,continuation_mu,29000,2,1.3333333333333333e-05,0.44414032667303616,69.12300540841345,68.67886508174041
sum_absolute,0.001,0,continuation_mu,30000,2,1.3333333333333333e-05,0.31394915265404677,69.00268462211163,68.68873546945758
sum_absolute,0.001,0,continuation_mu,31000,2,1.3333333333333333e-05,0.21831357304303367,68.91377630896528,68.69546273592225
sum_absolute,0.001,0,continuation_mu,32000,2,1.3333333333333333e-05,0.14333787467120374,68.84332447273846,68.69998659806726
sum_absolute,0.001,0,continuation_mu,33000,2,1.3333333333333333e-05,0.08326213411895367,68.786619917547,68.70335778342805
sum_absolute,0.001,0,continuation_mu,34000,2,1.3333333333333333e-05,0.034045086226058174,68.73958117799118,68.70553609176513
sum_absolute,0.001,0,continuation_mu,35000,2,1.3333333333333333e-05,0.017585688164516,68.72717047090721,68.7095847827427
sum_absolute,0.001,0,continuation_mu,36000,2,1.3333333333333333e-05,0.014837390078241697,68.72625382530083,68.71141643522259
sum_absolute,0.001,0,continuation_mu,37000,2,1.3333333333333333e-05,0.012812666623077007,68.7256467190288,68.71283405240573
sum_absolute,0.001,0,continuation_mu,38000,2,1.3333333333333333e-05,0.011209320878862172,68.72515391316335,68.71394459228449
sum_absolute,0.001,0,continuation_mu,39000,2,1.3333333333333333e-05,0.0098831972785689,68.72473868283252,68.71485548555395
sum_absolute,0.001,0,continuation_mu,40000,2,1.3333333333333333e-05,0.008749074248569855,68.72447699443585,68.71572792018728
sum_absolute,0.001,0,continuation_mu,41000,2,1.3333333333333333e-05,0.007678915946826237,68.72432617068708,68.71664725474025
sum_absolute,0.001,0,continuation_mu,42000,2,1.3333333333333333e-05,0.006895950623402314,68.72419362028111,68.71729766965771
sum_absolute,0.001,0,continuation_mu,43000,2,1.3333333333333333e-05,0.006277926353078556,68.72411166186725,68.71783373551418
sum_absolute,0.001,0,continuation_mu,44000,2,1.3333333333333333e-05,0.005752102235987877,68.7240457717034,68.71829366946741
sum_absolute,0.001,0,continuation_mu,45000,2,1.3333333333333333e-05,0.005294023582152363,68.7239915245759,68.71869750099374
sum_absolute,0.001,0,continuation_mu,46000,2,1.3333333333333333e-05,0.004891902584859054,68.72394599088872,68.71905408830386
sum_absolute,0.001,0,continuation_mu,47000,2,1.3333333333333333e-05,0.004536999545862841,68.72390752953908,68.71937052999321
sum_absolute,0.001,0,continuation_mu,48000,2,1.3333333333333333e-05,0.004222212476449272,68.72387484996231,68.71965263748586
sum_absolute,0.001,0,continuation_mu,49000,2,1.3333333333333333e-05,0.003941721956351785,68.7238469288638,68.71990520690744
sum_absolute,0.001,0,continuation_mu,50000,2,1.3333333333333333e-05,0.0036907250084254883,68.72382294981392,68.7201322248055
sum_absolute,0.001,0,continuation_mu,51000,2,1.3333333333333333e-05,0.003465229654480595,68.72380225650058,68.7203370268461
sum_absolute,0.001,0,continuation_mu,52000,2,1.3333333333333333e-05,0.0032618962586212774,68.72378431761312,68.7205224213545
sum_absolute,0.001,0,continuation_mu,53000,2,1.3333333333333333e-05,0.003077913870924931,68.72376870019937,68.72069078632845
sum_absolute,0.001,0,continuation_mu,54000,2,1.3333333333333333e-05,0.0029109030319318663,68.72375504927317,68.72084414624123
sum_absolute,0.001,0,continuation_mu,55000,2,1.3333333333333333e-05,0.0027588387690542504,68.72374307207895,68.72098423330989
sum_absolute,0.001,0,continuation_mu,56000,2,1.3333333333333333e-05,0.0026199891380542795,68.72373252585714,68.72111253671909
sum_absolute,0.001,0,continuation_mu,57000,2,1.3333333333333333e-05,0.002492865828713775,68.72372320826273,68.72123034243401
sum_absolute,0.001,0,continuation_mu,58000,2,1.3333333333333333e-05,0.002376184206084986,68.72371494981027,68.72133876560419
sum_absolute,0.001,0,continuation_mu,59000,2,1.3333333333333333e-05,0.0022688307848852673,68.7237076078788,68.72143877709391
sum_absolute,0.001,0,continuation_mu,60000,2,1.3333333333333333e-05,0.0021698366001743352,68.72370106192521,68.72153122532504
sum_absolute,0.001,0,continuation_mu,61000,2,1.3333333333333333e-05,0.0020783552843255393,68.72369520964062,68.7216168543563
sum_absolute,0.001,0,continuation_mu,61923,2,1.3333333333333333e-05,0.0019999423771395186,68.72369034798895,68.72169040561181
sum_absolute,0.001,0,continuation_mu,61924,3,6.666666666666667e-06,8.68350855123488,68.72366555929572,60.040157008060845
sum_absolute,0.001,0,continuation_mu,62000,3,6.666666666666667e-06,149.0847293251898,153.48307155137093,4.398342226181114
sum_absolute,0.001,0,continuation_mu,63000,3,6.666666666666667e-06,71.53035647646588,112.98245836830881,41.45210189184293
sum_absolute,0.001,0,continuation_mu,64000,3,6.666666666666667e-06,22.347733238705658,86.31597380594573,63.96824056724007
sum_absolute,0.001,0,continuation_mu,65000,3,6.666666666666667e-06,10.081990630093856,76.90278139917214,66.82079076907829
sum_absolute,0.001,0,continuation_mu,66000,3,6.666666666666667e-06,5.623128206906742,73.42554826098241,67.80242005407567
sum_absolute,0.001,0,continuation_mu,67000,3,6.666666666666667e-06,3.5035024421076173,71.75327123935921,68.24976879725159
sum_absolute,0.001,0,continuation_mu,68000,3,6.666666666666667e-06,2.3404243675839354,70.77182508762463,68.4314007200407
sum_absolute,0.001,0,continuation_mu,69000,3,6.666666666666667e-06,1.627651603271488,70.16547443717207,68.53782283390058
sum_absolute,0.001,0,continuation_mu,70000,3,6.666666666666667e-06,1.1852199949805993,69.78676387602502,68.60154388104442
sum_absolute,0.001,0,continuation_mu,71000,3,6.666666666666667e-06,0.8967383390268395,69.53301473753325,68.63627639850641
sum_absolute,0.001,0,continuation_mu,72000,3,6.666666666666667e-06,0.693683540253474,69.35220040540965,68.65851686515617
sum_absolute,0.001,0,continuation_mu,73000,3,6.666666666666667e-06,0.5488605539175353,69.22301314989832,68.67415259598079
sum_absolute,0.001,0,continuation_mu,74000,3,6.666666666666667e-06,0.4394109036693976,69.12159652198801,68.68218561831861
sum_absolute,0.001,0,continuation_mu,75000,3,6.666666666666667e-06,0.35369884784934413,69.04273642733573,68.68903757948638
sum_absolute,0.001,0,continuation_mu,76000,3,6.666666666666667e-06,0.28555446754627667,68.97880751403733,68.69325304649105
sum_absolute,0.001,0,continuation_mu,77000,3,6.666666666666667e-06,0.23010635450533812,68.927383784652,68.69727743014666
sum_absolute,0.001,0,continuation_mu,78000,3,6.666666666666667e-06,0.1824207056946392,68.88323159019836,68.70081088450372
sum_absolute,0.001,0,continuation_mu,79000,3,6.666666666666667e-06,0.1421406486311554,68.8453086495025,68.70316800087134
sum_absolute,0.001,0,continuation_mu,80000,3,6.666666666666667e-06,0.1073642596611819,68.81262275597827,68.70525849631709
sum_absolute,0.001,0,continuation_mu,81000,3,6.666666666666667e-06,0.07683677031761249,68.7837487379822,68.70691196766458
sum_absolute,0.001,0,continuation_mu,82000,3,6.666666666666667e-06,0.04997466740707068,68.75820928534937,68.7082346179423
sum_absolute,0.001,0,continuation_mu,83000,3,6.666666666666667e-06,0.02593464271171797,68.73528193456598,68.70934729185426
sum_absolute,0.001,0,continuation_mu,84000,3,6.666666666666667e-06,0.01405862397417934,68.72560604300382,68.71154741902964
sum_absolute,0.001,0,continuation_mu,85000,3,6.666666666666667e-06,0.012591690572378411,68.725224879627,68.71263318905463
sum_absolute,0.001,0,continuation_mu,86000,3,6.666666666666667e-06,0.01132708154405293,68.72487923765559,68.71355215611153
sum_absolute,0.001,0,continuation_mu,87000,3,6.666666666666667e-06,0.010136721824821393,68.72471855114459,68.71458182931977
sum_absolute,0.001,0,continuation_mu,88000,3,6.666666666666667e-06,0.009283190376507378,68.72452477690298,68.71524158652647
sum_absolute,0.001,0,continuation_mu,89000,3,6.666666666666667e-06,0.008546655461415753,68.72434792987606,68.71580127441464
sum_absolute,0.001,0,continuation_mu,90000,3,6.666666666666667e-06,0.00787552485984122,68.72421998895933,68.71634446409949
sum_absolute,0.001,0,continuation_mu,91000,3,6.666666666666667e-06,0.007278221206760804,68.72412145524756,68.7168432340408
sum_absolute,0.001,0,continuation_mu,92000,3,6.666666666666667e-06,0.006785315216319532,68.72404632182747,68.71726100661115
sum_absolute,0.001,0,continuation_mu,93000,3,6.666666666666667e-06,0.006342255968689869,68.7239794716692,68.7176372157005
sum_absolute,0.001,0,continuation_mu,94000,3,6.666666666666667e-06,0.005927143646118793,68.72392558680524,68.71799844315912
sum_absolute,0.001,0,continuation_mu,95000,3,6.666666666666667e-06,0.0055665962483999465,68.72388016493042,68.71831356868202
sum_absolute,0.001,0,continuation_mu,96000,3,6.666666666666667e-06,0.005238909236936706,68.72384010277275,68.71860119353582
sum_absolute,0.001,0,continuation_mu,97000,3,6.666666666666667e-06,0.0049402158691265186,68.72380469849878,68.71886448262966
sum_absolute,0.001,0,continuation_mu,98000,3,6.666666666666667e-06,0.004667203209237414,68.72377331146993,68.71910610826069
sum_absolute,0.001,0,continuation_mu,99000,3,6.666666666666667e-06,0.004417015305193672,68.7237454005394,68.7193283852342
sum_absolute,0.001,0,continuation_mu,100000,3,6.666666666666667e-06,0.004187181140935081,68.7237205081766,68.71953332703566
sum_absolute,0.001,0,continuation_mu,101000,3,6.666666666666667e-06,0.003975554483020005,68.72369824620256,68.71972269171954
sum_absolute,0.001,0,continuation_mu,102000,3,6.666666666666667e-06,0.0037802641143684923,68.72367828396764,68.71989801985328
sum_absolute,0.001,0,continuation_mu,103000,3,6.666666666666667e-06,0.0035996727008722473,68.72366033874276,68.72006066604189
sum_absolute,0.001,0,continuation_mu,104000,3,6.666666666666667e-06,0.003432342647556652,68.72364416789154,68.72021182524398
sum_absolute,0.001,0,continuation_mu,105000,3,6.666666666666667e-06,0.0032770076176689145,68.72362956245901,68.72035255484134
sum_absolute,0.001,0,continuation_mu,106000,3,6.666666666666667e-06,0.0031325486697255656,68.72361634189723,68.7204837932275
sum_absolute,0.001,0,continuation_mu,107000,3,6.666666666666667e-06,0.002997974177176843,68.72360434970646,68.72060637552929
sum_absolute,0.001,0,continuation_mu,108000,3,6.666666666666667e-06,0.0028724028626356812,68.72359344981888,68.72072104695624
sum_absolute,0.001,0,continuation_mu,109000,3,6.666666666666667e-06,0.00275504940736937,68.72358352358552,68.72082847417815
sum_absolute,0.001,0,continuation_mu,110000,3,6.666666666666667e-06,0.002645212199610114,68.72357446725687,68.72092925505726
sum_absolute,0.001,0,continuation_mu,111000,3,6.666666666666667e-06,0.0025422628669531377,68.72356618986795,68.721023927001
sum_absolute,0.001,0,continuation_mu,112000,3,6.666666666666667e-06,0.00244563730186087,68.72355861145735,68.72111297415549
sum_absolute,0.001,0,continuation_mu,113000,3,6.666666666666667e-06,0.002354827942923521,68.72355166156163,68.7211968336187
sum_absolute,0.001,0,continuation_mu,114000,3,6.666666666666667e-06,0.0022693771146009567,68.723545277939,68.7212759008244
sum_absolute,0.001,0,continuation_mu,115000,3,6.666666666666667e-06,0.0021888712633995056,68.72353940548376,68.72135053422036
sum_absolute,0.001,0,continuation_mu,116000,3,6.666666666666667e-06,0.0021129359553526683,68.72353399530009,68.72142105934473
sum_absolute,0.001,0,continuation_mu,117000,3,6.666666666666667e-06,0.002041231522127873,68.72352900390973,68.7214877723876
sum_absolute,0.001,0,continuation_mu,118000,3,6.666666666666667e-06,0.001973449261512883,68.72352439257223,68.72155094331072
sum_absolute,0.001,0,continuation_mu,119000,3,6.666666666666667e-06,0.001909308113013708,68.7235201266999,68.72161081858688
sum_absolute,0.001,0,continuation_mu,120000,3,6.666666666666667e-06,0.0018485517423840747,68.72351617535351,68.72166762361113
sum_absolute,0.001,0,continuation_mu,121000,3,6.666666666666667e-06,0.0017909459779730241,68.72351251080619,68.72172156482821
sum_absolute,0.001,0,continuation_mu,122000,3,6.666666666666667e-06,0.001736276551980609,68.72350910816516,68.72177283161318
sum_absolute,0.001,0,continuation_mu,123000,3,6.666666666666667e-06,0.0016843471054528436,68.72350594504343,68.72182159793797
sum_absolute,0.001,0,continuation_mu,124000,3,6.666666666666667e-06,0.0016349774223414215,68.7235030012736,68.72186802385126
sum_absolute,0.001,0,continuation_mu,125000,3,6.666666666666667e-06,0.0015880018635670012,68.72350025865833,68.72191225679477
sum_absolute,0.001,0,continuation_mu,126000,3,6.666666666666667e-06,0.001543267975293361,68.72349770075202,68.72195443277673
sum_absolute,0.001,0,continuation_mu,127000,3,6.666666666666667e-06,0.001500635249442439,68.7234953126694,68.72199467741996
sum_absolute,0.001,0,continuation_mu,128000,3,6.666666666666667e-06,0.001459974018473531,68.72349308091754,68.72203310689906
sum_absolute,0.001,0,continuation_mu,129000,3,6.666666666666667e-06,0.0014211644668620238,68.723490993248,68.72206982878114
sum_absolute,0.001,0,continuation_mu,130000,3,6.666666666666667e-06,0.0013840957468715942,68.72348903852662,68.72210494277975
sum_absolute,0.001,0,continuation_mu,131000,3,6.666666666666667e-06,0.001348665184963238,68.72348720661827,68.72213854143331
sum_absolute,0.001,0,continuation_mu,132000,3,6.666666666666667e-06,0.0013147775691777497,68.72348548828514,68.72217071071596
sum_absolute,0.001,0,continuation_mu,133000,3,6.666666666666667e-06,0.0012823445077003726,68.72348387509646,68.72220153058876
sum_absolute,0.001,0,continuation_mu,134000,3,6.666666666666667e-06,0.001251283851203766,68.72348235934852,68.72223107549732
sum_absolute,0.001,0,continuation_mu,135000,3,6.666666666666667e-06,0.0012215191709259443,68.72348093399323,68.7222594148223
sum_absolute,0.001,0,continuation_mu,136000,3,6.666666666666667e-06,0.0011929792874951772,68.72347959257496,68.72228661328747
sum_absolute,0.001,0,continuation_mu,137000,3,6.666666666666667e-06,0.0011655978439648607,68.72347832917374,68.72231273132978
sum_absolute,0.001,0,continuation_mu,138000,3,6.666666666666667e-06,0.0011393129190651052,68.72347713835484,68.72233782543577
sum_absolute,0.001,0,continuation_mu,139000,3,6.666666666666667e-06,0.0011140666760809381,68.72347601512357,68.72236194844749
sum_absolute,0.001,0,continuation_mu,140000,3,6.666666666666667e-06,0.001089805043676506,68.72347495488474,68.72238514984106
sum_absolute,0.001,0,continuation_mu,141000,3,6.666666666666667e-06,0.0010664774255673137,68.72347395340636,68.72240747598079
sum_absolute,0.001,0,continuation_mu,142000,3,6.666666666666667e-06,0.0010440364357009457,68.72347300678692,68.72242897035122
sum_absolute,0.001,0,continuation_mu,143000,3,6.666666666666667e-06,0.0010224376571699167,68.7234721114262,68.72244967376903
sum_absolute,0.001,0,continuation_mu,144000,3,6.666666666666667e-06,0.0010016394215170976,68.72347126399862,68.7224696245771
sum_absolute,0.001,0,continuation_mu,144081,3,6.666666666666667e-06,0.000999988607532032,68.72347119736048,68.72247120875295
sum_absolute,0.0001,0,fixed_mu,0,1,3.3333333333333335e-07,150.25015586725405,154.76735017678163,4.517194309527582
sum_absolute,0.0001,0,fixed_mu,1,1,3.3333333333333335e-07,150.2501319071541,154.76732621668168,4.517194309527582
sum_absolute,0.0001,0,fixed_mu,1000,1,3.3333333333333335e-07,142.85765082861462,151.91575519128097,9.058104362666342
sum_absolute,0.0001,0,fixed_mu,2000,1,3.3333333333333335e-07,128.84382879465824,144.1655419510847,15.321713156426455
sum_absolute,0.0001,0,fixed_mu,3000,1,3.3333333333333335e-07,108.29324841028507,133.81207971479068,25.51883130450561
sum_absolute,0.0001,0,fixed_mu,4000,1,3.3333333333333335e-07,87.752779737656,122.35096875915612,34.59818902150012
sum_absolute,0.0001,0,fixed_mu,5000,1,3.3333333333333335e-07,68.56646992978332,110.95139371235017,42.384923782566844
sum_absolute,0.0001,0,fixed_mu,6000,1,3.3333333333333335e-07,51.40177450359441,101.54656425933975,50.144789755745336
sum_absolute,0.0001,0,fixed_mu,7000,1,3.3333333333333335e-07,38.377542555133985,95.59068425463599,57.213141699502
sum_absolute,0.0001,0,fixed_mu,8000,1,3.3333333333333335e-07,29.417794081406797,90.80972255937888,61.39192847797209
sum_absolute,0.0001,0,fixed_mu,9000,1,3.3333333333333335e-07,23.236409702648558,86.2796575200563,63.043247817407746
sum_absolute,0.0001,0,fixed_mu,10000,1,3.3333333333333335e-07,18.813221241779488,83.2757036446573,64.46248240287781
sum_absolute,0.0001,0,fixed_mu,11000,1,3.3333333333333335e-07,15.54028804443277,81.57977113170716,66.03948308727439
sum_absolute,0.0001,0,fixed_mu,12000,1,3.3333333333333335e-07,13.050064729359605,79.74037654888912,66.69031181952951
sum_absolute,0.0001,0,fixed_mu,13000,1,3.3333333333333335e-07,11.111986576246807,78.50682674358404,67.39484016733724
sum_absolute,0.0001,0,fixed_mu,14000,1,3.3333333333333335e-07,9.573330129873227,77.39214260003862,67.8188124701654
sum_absolute,0.0001,0,fixed_mu,15000,1,3.3333333333333335e-07,8.331195184793813,76.6077840972377,68.27658891244388
sum_absolute,0.0001,0,fixed_mu,16000,1,3.3333333333333335e-07,7.3154397426499145,75.92314654684643,68.60770680419651
sum_absolute,0.0001,0,fixed_mu,17000,1,3.3333333333333335e-07,6.4721520314956535,75.43892389138225,68.96677185988659
sum_absolute,0.0001,0,fixed_mu,18000,1,3.3333333333333335e-07,5.765052826538721,75.01036968801944,69.24531686148072
sum_absolute,0.0001,0,fixed_mu,19000,1,3.3333333333333335e-07,5.166422060586854,74.60953492991285,69.443112869326
sum_absolute,0.0001,0,fixed_mu,20000,1,3.3333333333333335e-07,4.656078971275846,74.19262681227087,69.53654784099503
sum_absolute,0.0001,0,fixed_mu,21000,1,3.3333333333333335e-07,4.216590379306751,73.86797115158346,69.65138077227671
sum_absolute,0.0001,0,fixed_mu,22000,1,3.3333333333333335e-07,3.8341598779879007,73.55209883109968,69.71793895311178
sum_absolute,0.0001,0,fixed_mu,23000,1,3.3333333333333335e-07,3.500545497163756,73.31122375566027,69.81067825849651
sum_absolute,0.0001,0,fixed_mu,24000,1,3.3333333333333335e-07,3.2075110758262895,73.0508829199635,69.84337184413721
sum_absolute,0.0001,0,fixed_mu,25000,1,3.3333333333333335e-07,2.948855839740574,72.87709483089156,69.92823899115099
sum_absolute,0.0001,0,fixed_mu,26000,1,3.3333333333333335e-07,2.718739505359679,72.68939723452914,69.97065772916946
sum_absolute,0.0001,0,fixed_mu,27000,1,3.3333333333333335e-07,2.513564061803706,72.5424130702055,70.02884900840179
sum_absolute,0.0001,0,fixed_mu,28000,1,3.3333333333333335e-07,2.329982336275762,72.4036289794219,70.07364664314613
sum_absolute,0.0001,0,fixed_mu,29000,1,3.3333333333333335e-07,2.165101424221163,72.32423764121498,70.15913621699382
sum_absolute,0.0001,0,fixed_mu,30000,1,3.3333333333333335e-07,2.016392930679544,72.19256461935373,70.17617168867419
sum_absolute,0.0001,0,fixed_mu,31000,1,3.3333333333333335e-07,1.882084497232924,72.10370772602751,70.22162322879458
sum_absolute,0.0001,0,fixed_mu,32000,1,3.3333333333333335e-07,1.7595290073448808,72.01730975312276,70.25778074577788
sum_absolute,0.0001,0,fixed_mu,33000,1,3.3333333333333335e-07,1.647434287213116,71.92375621919555,70.27632193198244
sum_absolute,0.0001,0,fixed_mu,34000,1,3.3333333333333335e-07,1.544987123657009,71.82454567890899,70.27955855525198
sum_absolute,0.0001,0,fixed_mu,35000,1,3.3333333333333335e-07,1.4507420661724524,71.74813916099754,70.29739709482509
sum_absolute,0.0001,0,fixed_mu,36000,1,3.3333333333333335e-07,1.3638729132481586,71.68490126554052,70.32102835229236
sum_absolute,0.0001,0,fixed_mu,37000,1,3.3333333333333335e-07,1.2841113090522356,71.6265346579481,70.34242334889586
sum_absolute,0.0001,0,fixed_mu,38000,1,3.3333333333333335e-07,1.2105278746485197,71.56169883125519,70.35117095660667
sum_absolute,0.0001,0,fixed_mu,39000,1,3.3333333333333335e-07,1.1411823867212831,71.50716632619032,70.36598393946903
sum_absolute,0.0001,0,fixed_mu,40000,1,3.3333333333333335e-07,1.0777641334176167,71.4516539982418,70.37388986482418
sum_absolute,0.0001,0,fixed_mu,41000,1,3.3333333333333335e-07,1.0184351164876375,71.41496793481323,70.3965328183256
sum_absolute,0.0001,0,fixed_mu,42000,1,3.3333333333333335e-07,0.9641539974428213,71.37957040559758,70.41541640815475
sum_absolute,0.0001,0,fixed_mu,43000,1,3.3333333333333335e-07,0.9131334889179499,71.33807027881083,70.42493678989288
sum_absolute,0.0001,0,fixed_mu,44000,1,3.3333333333333335e-07,0.8647620909614204,71.2962939778267,70.43153188686529
sum_absolute,0.0001,0,fixed_mu,45000,1,3.3333333333333335e-07,0.8200201864844701,71.26320395789018,70.44318377140571
sum_absolute,0.0001,0,fixed_mu,46000,1,3.3333333333333335e-07,0.7788752231873275,71.22984263876123,70.4509674155739
sum_absolute,0.0001,0,fixed_mu,47000,1,3.3333333333333335e-07,0.7396943035379877,71.19816154186984,70.45846723833185
sum_absolute,0.0001,0,fixed_mu,48000,1,3.3333333333333335e-07,0.7022347264954476,71.1721749716585,70.46994024516306
sum_absolute,0.0001,0,fixed_mu,49000,1,3.3333333333333335e-07,0.6672472872224944,71.1455881649184,70.4783408776959
sum_absolute,0.0001,0,fixed_mu,50000,1,3.3333333333333335e-07,0.6348844924764308,71.11591746040747,70.48103296793104
sum_absolute,0.0001,0,fixed_mu,51000,1,3.3333333333333335e-07,0.6052219748437295,71.09171496034952,70.48649298550579
sum_absolute,0.0001,0,fixed_mu,52000,1,3.3333333333333335e-07,0.5773812238909954,71.06528619178775,70.48790496789675
sum_absolute,0.0001,0,fixed_mu,53000,1,3.3333333333333335e-07,0.5515506644107973,71.04791756961046,70.49636690519966
sum_absolute,0.0001,0,fixed_mu,54000,1,3.3333333333333335e-07,0.5268277252481113,71.02966795929835,70.50284023405024
sum_absolute,0.0001,0,fixed_mu,55000,1,3.3333333333333335e-07,0.5039739972899184,71.00775446959663,70.50378047230672
sum_absolute,0.0001,0,fixed_mu,56000,1,3.3333333333333335e-07,0.4823455203715099,70.98893800308778,70.50659248271627
sum_absolute,0.0001,0,fixed_mu,57000,1,3.3333333333333335e-07,0.46185310001628466,70.97336500505001,70.51151190503373
sum_absolute,0.0001,0,fixed_mu,58000,1,3.3333333333333335e-07,0.44324256427978526,70.95827740391583,70.51503483963604
sum_absolute,0.0001,0,fixed_mu,59000,1,3.3333333333333335e-07,0.42565469789278154,70.94425582171016,70.51860112381738
sum_absolute,0.0001,0,fixed_mu,60000,1,3.3333333333333335e-07,0.40954662679618536,70.92848713147384,70.51894050467766
sum_absolute,0.0001,0,fixed_mu,61000,1,3.3333333333333335e-07,0.39409844107360925,70.91515091056826,70.52105246949465
sum_absolute,0.0001,0,fixed_mu,62000,1,3.3333333333333335e-07,0.37923854055304673,70.90381389736997,70.52457535681692
sum_absolute,0.0001,0,fixed_mu,63000,1,3.3333333333333335e-07,0.3650340685820481,70.8916546726295,70.52662060404745
sum_absolute,0.0001,0,fixed_mu,64000,1,3.3333333333333335e-07,0.3516704921058391,70.88099522493913,70.52932473283329
sum_absolute,0.0001,0,fixed_mu,65000,1,3.3333333333333335e-07,0.33940303110971115,70.87131207283907,70.53190904172936
sum_absolute,0.0001,0,fixed_mu,66000,1,3.3333333333333335e-07,0.3279763620134162,70.86200393739907,70.53402757538565
sum_absolute,0.0001,0,fixed_mu,67000,1,3.3333333333333335e-07,0.3173363145731116,70.85272215252868,70.53538583795557
sum_absolute,0.0001,0,fixed_mu,68000,1,3.3333333333333335e-07,0.30729590167030096,70.84397279561925,70.53667689394895
sum_absolute,0.0001,0,fixed_mu,69000,1,3.3333333333333335e-07,0.2977498318224434,70.83496052281734,70.5372106909949
sum_absolute,0.0001,0,fixed_mu,70000,1,3.3333333333333335e-07,0.288600914159133,70.82694498832234,70.5383440741632
sum_absolute,0.0001,0,fixed_mu,71000,1,3.3333333333333335e-07,0.27959637264953585,70.8188834616236,70.53928708897406
sum_absolute,0.0001,0,fixed_mu,72000,1,3.3333333333333335e-07,0.27088161115851506,70.81126360963405,70.54038199847554
sum_absolute,0.0001,0,fixed_mu,73000,1,3.3333333333333335e-07,0.26279112842649965,70.80385684220768,70.54106571378118
sum_absolute,0.0001,0,fixed_mu,74000,1,3.3333333333333335e-07,0.254826612436446,70.79698701309614,70.5421604006597
sum_absolute,0.0001,0,fixed_mu,75000,1,3.3333333333333335e-07,0.24739039493503867,70.79041568937183,70.54302529443679
sum_absolute,0.0001,0,fixed_mu,76000,1,3.3333333333333335e-07,0.2402656760274624,70.78424913547519,70.54398345944773
sum_absolute,0.0001,0,fixed_mu,77000,1,3.3333333333333335e-07,0.23337841727473574,70.77823569512434,70.5448572778496
sum_absolute,0.0001,0,fixed_mu,78000,1,3.3333333333333335e-07,0.2267245764623027,70.77232825319355,70.54560367673125
sum_absolute,0.0001,0,fixed_mu,79000,1,3.3333333333333335e-07,0.2204459961688059,70.7666846097003,70.5462386135315
sum_absolute,0.0001,0,fixed_mu,80000,1,3.3333333333333335e-07,0.2144353687325662,70.76122797832714,70.54679260959458
sum_absolute,0.0001,0,fixed_mu,81000,1,3.3333333333333335e-07,0.2086323936683243,70.75605313085651,70.54742073718819
sum_absolute,0.0001,0,fixed_mu,82000,1,3.3333333333333335e-07,0.20309532935058883,70.75112708920946,70.54803175985887
sum_absolute,0.0001,0,fixed_mu,83000,1,3.3333333333333335e-07,0.19772769275655833,70.74633831039799,70.54861061764143
sum_absolute,0.0001,0,fixed_mu,84000,1,3.3333333333333335e-07,0.19255208715283345,70.74168151379104,70.5491294266382
sum_absolute,0.0001,0,fixed_mu,85000,1,3.3333333333333335e-07,0.18760550808158882,70.73848846888967,70.55088296080808
sum_absolute,0.0001,0,fixed_mu,86000,1,3.3333333333333335e-07,0.18281337351770333,70.73388195678078,70.55106858326307
sum_absolute,0.0001,0,fixed_mu,87000,1,3.3333333333333335e-07,0.1781122289028616,70.72999235278841,70.55188012388555
sum_absolute,0.0001,0,fixed_mu,88000,1,3.3333333333333335e-07,0.17348178350016497,70.72580884666033,70.55232706316016
sum_absolute,0.0001,0,fixed_mu,89000,1,3.3333333333333335e-07,0.1690065970926895,70.7219744733948,70.5529678763021
sum_absolute,0.0001,0,fixed_mu,90000,1,3.3333333333333335e-07,0.16456599518423332,70.71843060241801,70.55386460723378
sum_absolute,0.0001,0,fixed_mu,91000,1,3.3333333333333335e-07,0.16026457863311805,70.71445115383915,70.55418657520603
sum_absolute,0.0001,0,fixed_mu,92000,1,3.3333333333333335e-07,0.15620774126280423,70.7109353297594,70.55472758849659
sum_absolute,0.0001,0,fixed_mu,93000,1,3.3333333333333335e-07,0.1523737939484846,70.70749487741391,70.55512108346542
sum_absolute,0.0001,0,fixed_mu,94000,1,3.3333333333333335e-07,0.14870909326182868,70.70422236087937,70.55551326761754
sum_absolute,0.0001,0,fixed_mu,95000,1,3.3333333333333335e-07,0.145161748573841,70.7010130055718,70.55585125699795
sum_absolute,0.0001,0,fixed_mu,96000,1,3.3333333333333335e-07,0.14168356330205256,70.69789693770849,70.55621337440644
sum_absolute,0.0001,0,fixed_mu,97000,1,3.3333333333333335e-07,0.13828817378097824,70.69492787589729,70.55663970211631
sum_absolute,0.0001,0,fixed_mu,98000,1,3.3333333333333335e-07,0.13500615889816459,70.6919831112853,70.55697695238713
sum_absolute,0.0001,0,fixed_mu,99000,1,3.3333333333333335e-07,0.13180841461255,70.68912466929058,70.55731625467803
sum_absolute,0.0001,0,fixed_mu,100000,1,3.3333333333333335e-07,0.12873321421704986,70.68634609840292,70.55761288418587
sum_absolute,0.0001,0,fixed_mu,101000,1,3.3333333333333335e-07,0.1256819325702878,70.6836638751252,70.55798194255492
sum_absolute,0.0001,0,fixed_mu,102000,1,3.3333333333333335e-07,0.12276348058102826,70.68105194160796,70.55828846102693
sum_absolute,0.0001,0,fixed_mu,103000,1,3.3333333333333335e-07,0.11989619330221046,70.67850650563514,70.55861031233293
sum_absolute,0.0001,0,fixed_mu,104000,1,3.3333333333333335e-07,0.11716576187875205,70.67604519355669,70.55887943167794
sum_absolute,0.0001,0,fixed_mu,105000,1,3.3333333333333335e-07,0.11451583319222891,70.67364869624856,70.55913286305633
sum_absolute,0.0001,0,fixed_mu,106000,1,3.3333333333333335e-07,0.11192275388953021,70.67131105967755,70.55938830578802
sum_absolute,0.0001,0,fixed_mu,107000,1,3.3333333333333335e-07,0.10939111181329508,70.66917723192128,70.55978612010799
sum_absolute,0.0001,0,fixed_mu,108000,1,3.3333333333333335e-07,0.10691617032780698,70.66689251659417,70.55997634626637
sum_absolute,0.0001,0,fixed_mu,109000,1,3.3333333333333335e-07,0.10450569271006316,70.6647181852226,70.56021249251253
sum_absolute,0.0001,0,fixed_mu,110000,1,3.3333333333333335e-07,0.10214298256695997,70.66266737087304,70.56052438830608
sum_absolute,0.0001,0,fixed_mu,111000,1,3.3333333333333335e-07,0.0998247414501634,70.66057309291126,70.5607483514611
sum_absolute,0.0001,0,fixed_mu,112000,1,3.3333333333333335e-07,0.0975090890466106,70.65855074327692,70.56104165423031
sum_absolute,0.0001,0,fixed_mu,113000,1,3.3333333333333335e-07,0.09533897608204711,70.65660339590949,70.56126441982744
sum_absolute,0.0001,0,fixed_mu,114000,1,3.3333333333333335e-07,0.09321913386034453,70.65469098243977,70.56147184857943
sum_absolute,0.0001,0,fixed_mu,115000,1,3.3333333333333335e-07,0.09115404329457988,70.65282549994404,70.56167145664946
sum_absolute,0.0001,0,fixed_mu,116000,1,3.3333333333333335e-07,0.08910746663983105,70.65116114808131,70.56205368144148
sum_absolute,0.0001,0,fixed_mu,117000,1,3.3333333333333335e-07,0.08714236547285736,70.6493671007326,70.56222473525975
sum_absolute,0.0001,0,fixed_mu,118000,1,3.3333333333333335e-07,0.08515765942225073,70.64759364414468,70.56243598472243
sum_absolute,0.0001,0,fixed_mu,119000,1,3.3333333333333335e-07,0.08329047889699837,70.64590504679563,70.56261456789863
sum_absolute,0.0001,0,fixed_mu,120000,1,3.3333333333333335e-07,0.08144381393584865,70.6442514239403,70.56280761000446
sum_absolute,0.0001,0,fixed_mu,121000,1,3.3333333333333335e-07,0.079657392698536,70.64263495701506,70.56297756431653
sum_absolute,0.0001,0,fixed_mu,122000,1,3.3333333333333335e-07,0.0779148443291291,70.64105957137367,70.56314472704454
sum_absolute,0.0001,0,fixed_mu,123000,1,3.3333333333333335e-07,0.07622735203545972,70.6395284641639,70.56330111212844
sum_absolute,0.0001,0,fixed_mu,124000,1,3.3333333333333335e-07,0.07447287091885357,70.6380060858899,70.56353321497105
sum_absolute,0.0001,0,fixed_mu,125000,1,3.3333333333333335e-07,0.07279026651886511,70.63650953960428,70.56371927308541
sum_absolute,0.0001,0,fixed_mu,126000,1,3.3333333333333335e-07,0.0711787662751533,70.63505781021026,70.5638790439351
sum_absolute,0.0001,0,fixed_mu,127000,1,3.3333333333333335e-07,0.06959873321726207,70.63363235899621,70.56403362577895
sum_absolute,0.0001,0,fixed_mu,128000,1,3.3333333333333335e-07,0.06806577703575556,70.63224249766886,70.5641767206331
sum_absolute,0.0001,0,fixed_mu,129000,1,3.3333333333333335e-07,0.06657722672586885,70.63090007273719,70.56432284601132
sum_absolute,0.0001,0,fixed_mu,130000,1,3.3333333333333335e-07,0.06502050786498614,70.62956209982514,70.56454159196015
sum_absolute,0.0001,0,fixed_mu,131000,1,3.3333333333333335e-07,0.0635607123821984,70.62825861869119,70.564697906309
sum_absolute,0.0001,0,fixed_mu,132000,1,3.3333333333333335e-07,0.06215668498433047,70.62699343072825,70.56483674574392
sum_absolute,0.0001,0,fixed_mu,133000,1,3.3333333333333335e-07,0.06078424206684474,70.625750941582,70.56496669951515
sum_absolute,0.0001,0,fixed_mu,134000,1,3.3333333333333335e-07,0.05944461723315442,70.62453824045073,70.56509362321758
sum_absolute,0.0001,0,fixed_mu,135000,1,3.3333333333333335e-07,0.05813107916468141,70.62334733140412,70.56521625223944
sum_absolute,0.0001,0,fixed_mu,136000,1,3.3333333333333335e-07,0.056835449662287374,70.62217522654612,70.56533977688383
sum_absolute,0.0001,0,fixed_mu,137000,1,3.3333333333333335e-07,0.05555917360612739,70.62102182396464,70.56546265035851
sum_absolute,0.0001,0,fixed_mu,138000,1,3.3333333333333335e-07,0.05431687938734342,70.61990023463233,70.56558335524498
sum_absolute,0.0001,0,fixed_mu,139000,1,3.3333333333333335e-07,0.05310032060705794,70.61879667573567,70.56569635512861
sum_absolute,0.0001,0,fixed_mu,140000,1,3.3333333333333335e-07,0.05191231231981419,70.61771602785336,70.56580371553355
sum_absolute,0.0001,0,fixed_mu,141000,1,3.3333333333333335e-07,0.05074018444319961,70.61665179679862,70.56591161235542
sum_absolute,0.0001,0,fixed_mu,142000,1,3.3333333333333335e-07,0.049590937747225894,70.61560717673899,70.56601623899176
sum_absolute,0.0001,0,fixed_mu,143000,1,3.3333333333333335e-07,0.04846278782214597,70.61458108588549,70.56611829806334
sum_absolute,0.0001,0,fixed_mu,144000,1,3.3333333333333335e-07,0.04735507934364591,70.61357298637343,70.56621790702978
sum_absolute,0.0001,0,fixed_mu,145000,1,3.3333333333333335e-07,0.046239514539607285,70.61257306734967,70.56633355281006
sum_absolute,0.0001,0,fixed_mu,146000,1,3.3333333333333335e-07,0.045160547479895286,70.61159624300052,70.56643569552062
sum_absolute,0.0001,0,fixed_mu,147000,1,3.3333333333333335e-07,0.04410607994827842,70.6106390365579,70.56653295660962
sum_absolute,0.0001,0,fixed_mu,148000,1,3.3333333333333335e-07,0.04307093472580448,70.60969864258668,70.56662770786087
sum_absolute,0.0001,0,fixed_mu,149000,1,3.3333333333333335e-07,0.04205383975332211,70.60877422982313,70.5667203900698
sum_absolute,0.0001,0,fixed_mu,150000,1,3.3333333333333335e-07,0.04105419690193912,70.60786531592481,70.56681111902287
sum_absolute,0.0001,0,fixed_mu,151000,1,3.3333333333333335e-07,0.040071502227306155,70.60697147118009,70.56689996895278
sum_absolute,0.0001,0,fixed_mu,152000,1,3.3333333333333335e-07,0.03910530069525464,70.60609229614614,70.56698699545089
sum_absolute,0.0001,0,fixed_mu,153000,1,3.3333333333333335e-07,0.03815516199819058,70.60522740936204,70.56707224736385
sum_absolute,0.0001,0,fixed_mu,154000,1,3.3333333333333335e-07,0.037220670675054635,70.60437644213096,70.5671557714559
sum_absolute,0.0001,0,fixed_mu,155000,1,3.3333333333333335e-07,0.036301424926534764,70.60353903772838,70.56723761280185
sum_absolute,0.0001,0,fixed_mu,156000,1,3.3333333333333335e-07,0.03539703594384491,70.60271485087327,70.56731781492942
sum_absolute,0.0001,0,fixed_mu,157000,1,3.3333333333333335e-07,0.034507127277009886,70.60190354722391,70.5673964199469
sum_absolute,0.0001,0,fixed_mu,158000,1,3.3333333333333335e-07,0.03363133435377108,70.60110480295862,70.56747346860485
sum_absolute,0.0001,0,fixed_mu,159000,1,3.3333333333333335e-07,0.032769304031887714,70.60031830438066,70.56754900034878
sum_absolute,0.0001,0,fixed_mu,160000,1,3.3333333333333335e-07,0.03192069416967058,70.59954374753985,70.56762305337018
sum_absolute,0.0001,0,fixed_mu,161000,1,3.3333333333333335e-07,0.03108517321672366,70.59878083787146,70.56769566465474
sum_absolute,0.0001,0,fixed_mu,162000,1,3.3333333333333335e-07,0.030262419823529285,70.59802928985067,70.56776687002714
sum_absolute,0.0001,0,fixed_mu,163000,1,3.3333333333333335e-07,0.029452122466338437,70.59728882666171,70.56783670419537
sum_absolute,0.0001,0,fixed_mu,164000,1,3.3333333333333335e-07,0.02864971863913013,70.59656450684348,70.56791478820435
sum_absolute,0.0001,0,fixed_mu,165000,1,3.3333333333333335e-07,0.027847800448810744,70.59585272897948,70.56800492853067
sum_absolute,0.0001,0,fixed_mu,166000,1,3.3333333333333335e-07,0.027065763367090767,70.59514067489931,70.56807491153222
sum_absolute,0.0001,0,fixed_mu,167000,1,3.3333333333333335e-07,0.026301547655918966,70.59444222282556,70.56814067516964
sum_absolute,0.0001,0,fixed_mu,168000,1,3.3333333333333335e-07,0.025556036268582716,70.59375797086679,70.5682019345982
sum_absolute,0.0001,0,fixed_mu,169000,1,3.3333333333333335e-07,0.02482000289445807,70.59308242063159,70.56826241773713
sum_absolute,0.0001,0,fixed_mu,170000,1,3.3333333333333335e-07,0.024093325052575665,70.59241541025514,70.56832208520257
sum_absolute,0.0001,0,fixed_mu,171000,1,3.3333333333333335e-07,0.02337657422349082,70.59175730827245,70.56838073404896
sum_absolute,0.0001,0,fixed_mu,172000,1,3.3333333333333335e-07,0.022669856465057592,70.59110798357784,70.56843812711278
sum_absolute,0.0001,0,fixed_mu,173000,1,3.3333333333333335e-07,0.021963799391869543,70.59046296015953,70.56849916076766
sum_absolute,0.0001,0,fixed_mu,174000,1,3.3333333333333335e-07,0.021268984972380167,70.58982713470917,70.56855814973679
sum_absolute,0.0001,0,fixed_mu,175000,1,3.3333333333333335e-07,0.020586093350232204,70.58920084789001,70.56861475453978
sum_absolute,0.0001,0,fixed_mu,176000,1,3.3333333333333335e-07,0.019913234925937218,70.58858307460065,70.56866983967471
sum_absolute,0.0001,0,fixed_mu,177000,1,3.3333333333333335e-07,0.019249560112456265,70.58797331185232,70.56872375173987
sum_absolute,0.0001,0,fixed_mu,178000,1,3.3333333333333335e-07,0.01859474986592602,70.58737132690885,70.56877657704293
sum_absolute,0.0001,0,fixed_mu,179000,1,3.3333333333333335e-07,0.01794852071950004,70.58677690513152,70.56882838441201
sum_absolute,0.0001,0,fixed_mu,180000,1,3.3333333333333335e-07,0.01731066785987423,70.58618987385469,70.56887920599482
sum_absolute,0.0001,0,fixed_mu,181000,1,3.3333333333333335e-07,0.016680997596012048,70.58561006770445,70.56892907010844
sum_absolute,0.0001,0,fixed_mu,182000,1,3.3333333333333335e-07,0.01605932873906113,70.58503732942064,70.56897800068158
sum_absolute,0.0001,0,fixed_mu,183000,1,3.3333333333333335e-07,0.015445486468948388,70.58447150667979,70.56902602021084
sum_absolute,0.0001,0,fixed_mu,184000,1,3.3333333333333335e-07,0.014837717687498753,70.58391289030115,70.56907517261365
sum_absolute,0.0001,0,fixed_mu,185000,1,3.3333333333333335e-07,0.014239340419649693,70.58336169579432,70.56912235537467
sum_absolute,0.0001,0,fixed_mu,186000,1,3.3333333333333335e-07,0.013648290316297107,70.58281663018292,70.56916833986662
sum_absolute,0.0001,0,fixed_mu,187000,1,3.3333333333333335e-07,0.013064232299058176,70.58227786152378,70.56921362922472
sum_absolute,0.0001,0,fixed_mu,188000,1,3.3333333333333335e-07,0.012486952859646294,70.5817452001784,70.56925824731876
sum_absolute,0.0001,0,fixed_mu,189000,1,3.3333333333333335e-07,0.011916515125037108,70.58121862289441,70.56930210776937
sum_absolute,0.0001,0,fixed_mu,190000,1,3.3333333333333335e-07,0.011352783239757969,70.5806980065333,70.56934522329354
sum_absolute,0.0001,0,fixed_mu,191000,1,3.3333333333333335e-07,0.01079563866447586,70.58018323816444,70.56938759949996
sum_absolute,0.0001,0,fixed_mu,192000,1,3.3333333333333335e-07,0.010244949882945775,70.57967419966496,70.56942924978202
sum_absolute,0.0001,0,fixed_mu,193000,1,3.3333333333333335e-07,0.009700586726836491,70.57917077492917,70.56947018820233
sum_absolute,0.0001,0,fixed_mu,194000,1,3.3333333333333335e-07,0.00916242074862339,70.57867285000003,70.56951042925141
sum_absolute,0.0001,0,fixed_mu,195000,1,3.3333333333333335e-07,0.008630335370071407,70.57818038164126,70.56955004627119
sum_absolute,0.0001,0,fixed_mu,196000,1,3.3333333333333335e-07,0.008105262468262708,70.57769384712785,70.56958858465958
sum_absolute,0.0001,0,fixed_mu,197000,1,3.3333333333333335e-07,0.007585398312130565,70.57721207809882,70.5696266797867
sum_absolute,0.0001,0,fixed_mu,198000,1,3.3333333333333335e-07,0.007071237146760723,70.57673541119564,70.56966417404888
sum_absolute,0.0001,0,fixed_mu,199000,1,3.3333333333333335e-07,0.006562579547136238,70.57626367471985,70.56970109517272
sum_absolute,0.0001,0,fixed_mu,200000,1,3.3333333333333335e-07,0.006059382230034771,70.57579680744075,70.56973742521072
sum_absolute,0.0001,0,fixed_mu,201000,1,3.3333333333333335e-07,0.005561545577876359,70.57533471721601,70.56977317163813
sum_absolute,0.0001,0,fixed_mu,202000,1,3.3333333333333335e-07,0.0050689742172664864,70.57487731521252,70.56980834099525
sum_absolute,0.0001,0,fixed_mu,203000,1,3.3333333333333335e-07,0.004581568052458351,70.57442451121648,70.56984294316402
sum_absolute,0.0001,0,fixed_mu,204000,1,3.3333333333333335e-07,0.004204956185233755,70.57418602019223,70.569981064007
sum_absolute,0.0001,0,fixed_mu,205000,1,3.3333333333333335e-07,0.0041358128477781975,70.57421441360715,70.57007860075937
sum_absolute,0.0001,0,fixed_mu,206000,1,3.3333333333333335e-07,0.004074955131414981,70.57421590272173,70.57014094759032
sum_absolute,0.0001,0,fixed_mu,207000,1,3.3333333333333335e-07,0.004027051303992835,70.5742228885797,70.5701958372757
sum_absolute,0.0001,0,fixed_mu,208000,1,3.3333333333333335e-07,0.003982517779434147,70.57421903580888,70.57023651802945
sum_absolute,0.0001,0,fixed_mu,209000,1,3.3333333333333335e-07,0.00393681373223842,70.57420828207536,70.57027146834312
sum_absolute,0.0001,0,fixed_mu,210000,1,3.3333333333333335e-07,0.0038850686650846455,70.57419661976544,70.57031155110036
sum_absolute,0.0001,0,fixed_mu,211000,1,3.3333333333333335e-07,0.003839287210084308,70.57418502005471,70.57034573284463
sum_absolute,0.0001,0,fixed_mu,212000,1,3.3333333333333335e-07,0.003789878806372826,70.57417384733952,70.57038396853315
sum_absolute,0.0001,0,fixed_mu,213000,1,3.3333333333333335e-07,0.0037411393468431697,70.5741666219605,70.57042548261366
sum_absolute,0.0001,0,fixed_mu,214000,1,3.3333333333333335e-07,0.003703341501179125,70.5741607389262,70.57045739742502
sum_absolute,0.0001,0,fixed_mu,215000,1,3.3333333333333335e-07,0.003667062010933364,70.57415405675272,70.57048699474178
sum_absolute,0.0001,0,fixed_mu,216000,1,3.3333333333333335e-07,0.0036312238212161674,70.57414610889252,70.5705148850713
sum_absolute,0.0001,0,fixed_mu,217000,1,3.3333333333333335e-07,0.0035958694367224098,70.57413700837876,70.57054113894203
sum_absolute,0.0001,0,fixed_mu,218000,1,3.3333333333333335e-07,0.003560628891037254,70.57412689306248,70.57056626417145
sum_absolute,0.0001,0,fixed_mu,219000,1,3.3333333333333335e-07,0.003520080255484004,70.5741206575109,70.57060057725542
sum_absolute,0.0001,0,fixed_mu,220000,1,3.3333333333333335e-07,0.0034808505084242825,70.5741180051635,70.57063715465507
sum_absolute,0.0001,0,fixed_mu,221000,1,3.3333333333333335e-07,0.003446097661907288,70.57411201619841,70.5706659185365
sum_absolute,0.0001,0,fixed_mu,222000,1,3.3333333333333335e-07,0.0034125246277625365,70.57410606737835,70.57069354275059
sum_absolute,0.0001,0,fixed_mu,223000,1,3.3333333333333335e-07,0.0033795129309623917,70.57409958630763,70.57072007337666
sum_absolute,0.0001,0,fixed_mu,224000,1,3.3333333333333335e-07,0.003347286670276617,70.57409289947495,70.57074561280467
sum_absolute,0.0001,0,fixed_mu,225000,1,3.3333333333333335e-07,0.0033153442651041587,70.57408643448946,70.57077109022435
sum_absolute,0.0001,0,fixed_mu,226000,1,3.3333333333333335e-07,0.0032844506370253157,70.57407946903902,70.570795018402
sum_absolute,0.0001,0,fixed_mu,227000,1,3.3333333333333335e-07,0.003254047460501397,70.57407216600208,70.57081811854158
sum_absolute,0.0001,0,fixed_mu,228000,1,3.3333333333333335e-07,0.0032171546721855293,70.57406747553316,70.57085032086097
sum_absolute,0.0001,0,fixed_mu,229000,1,3.3333333333333335e-07,0.003179499097385019,70.57406511861731,70.57088561951993
sum_absolute,0.0001,0,fixed_mu,230000,1,3.3333333333333335e-07,0.003148244717124271,70.57406079650548,70.57091255178835
sum_absolute,0.0001,0,fixed_mu,231000,1,3.3333333333333335e-07,0.003118920351838028,70.57405678474575,70.57093786439391
sum_absolute,0.0001,0,fixed_mu,232000,1,3.3333333333333335e-07,0.0030906264316001852,70.57405177350991,70.57096114707831
sum_absolute,0.0001,0,fixed_mu,233000,1,3.3333333333333335e-07,0.0030619309534216654,70.57404713135993,70.57098520040651
sum_absolute,0.0001,0,fixed_mu,234000,1,3.3333333333333335e-07,0.0030334921684271876,70.5740430298647,70.57100953769627
sum_absolute,0.0001,0,fixed_mu,235000,1,3.3333333333333335e-07,0.003006624887618159,70.574039082332,70.57103245744439
sum_absolute,0.0001,0,fixed_mu,236000,1,3.3333333333333335e-07,0.0029800697226960438,70.57403499781756,70.57105492809487
sum_absolute,0.0001,0,fixed_mu,237000,1,3.3333333333333335e-07,0.002922092697914991,70.57404847144542,70.57112637874751
sum_absolute,0.0001,0,fixed_mu,238000,1,3.3333333333333335e-07,0.0028806818569364623,70.57404292742339,70.57116224556646
sum_absolute,0.0001,0,fixed_mu,239000,1,3.3333333333333335e-07,0.002853082333942325,70.57404196541187,70.57118888307792
sum_absolute,0.0001,0,fixed_mu,240000,1,3.3333333333333335e-07,0.002827370308111199,70.57403781522471,70.5712104449166
sum_absolute,0.0001,0,fixed_mu,241000,1,3.3333333333333335e-07,0.002799736124671881,70.57403104676986,70.57123131064519
sum_absolute,0.0001,0,fixed_mu,242000,1,3.3333333333333335e-07,0.002770506269612838,70.57402996555965,70.57125945929003
sum_absolute,0.0001,0,fixed_mu,243000,1,3.3333333333333335e-07,0.002741279098927407,70.57402952358683,70.5712882444879
sum_absolute,0.0001,0,fixed_mu,244000,1,3.3333333333333335e-07,0.0027129161510686117,70.57402692135852,70.57131400520746
sum_absolute,0.0001,0,fixed_mu,245000,1,3.3333333333333335e-07,0.0026898344319619127,70.57402473127283,70.57133489684087
sum_absolute,0.0001,0,fixed_mu,246000,1,3.3333333333333335e-07,0.0026671426239062157,70.57402250444831,70.5713553618244
sum_absolute,0.0001,0,fixed_mu,247000,1,3.3333333333333335e-07,0.0026451463118633,70.57402007282418,70.57137492651232
sum_absolute,0.0001,0,fixed_mu,248000,1,3.3333333333333335e-07,0.002622132556695078,70.57401806249891,70.57139592994221
sum_absolute,0.0001,0,fixed_mu,249000,1,3.3333333333333335e-07,0.0025995553615274503,70.57401614031653,70.571416584955
sum_absolute,0.0001,0,fixed_mu,250000,1,3.3333333333333335e-07,0.002578239167590368,70.57401400339265,70.57143576422506
sum_absolute,0.0001,0,fixed_mu,251000,1,3.3333333333333335e-07,0.002554487483521939,70.57401244067836,70.57145795319484
sum_absolute,0.0001,0,fixed_mu,252000,1,3.3333333333333335e-07,0.0025337725902971897,70.57401133371484,70.57147756112454
sum_absolute,0.0001,0,fixed_mu,253000,1,3.3333333333333335e-07,0.0025134178438577237,70.57401013830327,70.57149672045941
sum_absolute,0.0001,0,fixed_mu,254000,1,3.3333333333333335e-07,0.0024933590840987563,70.57400893227477,70.57151557319067
sum_absolute,0.0001,0,fixed_mu,255000,1,3.3333333333333335e-07,0.0024734248261495395,70.57400767126165,70.5715342464355
sum_absolute,0.0001,0,fixed_mu,256000,1,3.3333333333333335e-07,0.002453878454673486,70.57400651902225,70.57155264056757
sum_absolute,0.0001,0,fixed_mu,257000,1,3.3333333333333335e-07,0.002434525955322897,70.57400530773205,70.57157078177673
sum_absolute,0.0001,0,fixed_mu,258000,1,3.3333333333333335e-07,0.002415403266425642,70.57400408514967,70.57158868188324
sum_absolute,0.0001,0,fixed_mu,259000,1,3.3333333333333335e-07,0.0023938579330859966,70.57400303224061,70.57160917430753
sum_absolute,0.0001,0,fixed_mu,260000,1,3.3333333333333335e-07,0.0023753129178771815,70.57400245408581,70.57162714116794
sum_absolute,0.0001,0,fixed_mu,261000,1,3.3333333333333335e-07,0.0023568628260335345,70.57400167417738,70.57164481135135
sum_absolute,0.0001,0,fixed_mu,262000,1,3.3333333333333335e-07,0.002338663368533389,70.57400091636788,70.57166225299935
sum_absolute,0.0001,0,fixed_mu,263000,1,3.3333333333333335e-07,0.0023206733958858194,70.57400014655715,70.57167947316127
sum_absolute,0.0001,0,fixed_mu,264000,1,3.3333333333333335e-07,0.002302890488124376,70.57399936614884,70.57169647566072
sum_absolute,0.0001,0,fixed_mu,265000,1,3.3333333333333335e-07,0.002285311636597953,70.57399857581225,70.57171326417566
sum_absolute,0.0001,0,fixed_mu,266000,1,3.3333333333333335e-07,0.002267836557976466,70.57399778828186,70.57172995172388
sum_absolute,0.0001,0,fixed_mu,267000,1,3.3333333333333335e-07,0.002250662901488454,70.57399708177991,70.57174641887842
sum_absolute,0.0001,0,fixed_mu,268000,1,3.3333333333333335e-07,0.0022336857597622384,70.57399636659352,70.57176268083376
sum_absolute,0.0001,0,fixed_mu,269000,1,3.3333333333333335e-07,0.0022169003657239728,70.57399565924919,70.57177875888347
sum_absolute,0.0001,0,fixed_mu,270000,1,3.3333333333333335e-07,0.0022003051144707797,70.5739949611351,70.57179465602063
sum_absolute,0.0001,0,fixed_mu,271000,1,3.3333333333333335e-07,0.002183895881202602,70.57399427078906,70.57181037490786
sum_absolute,0.0001,0,fixed_mu,272000,1,3.3333333333333335e-07,0.002167670112498854,70.57399358834586,70.57182591823336
sum_absolute,0.0001,0,fixed_mu,273000,1,3.3333333333333335e-07,0.002151236284802849,70.57399294614652,70.57184170986172
sum_absolute,0.0001,0,fixed_mu,274000,1,3.3333333333333335e-07,0.002135307194649272,70.57399240433189,70.57185709713724
sum_absolute,0.0001,0,fixed_mu,275000,1,3.3333333333333335e-07,0.00211960401490785,70.57399178555443,70.57187218153952
sum_absolute,0.0001,0,fixed_mu,276000,1,3.3333333333333335e-07,0.0021040115559145534,70.57399111409381,70.5718871025379
sum_absolute,0.0001,0,fixed_mu,277000,1,3.3333333333333335e-07,0.0020886985873005415,70.57399056873331,70.57190187014601
sum_absolute,0.0001,0,fixed_mu,278000,1,3.3333333333333335e-07,0.0020735295955915944,70.57399000057909,70.5719164709835
sum_absolute,0.0001,0,fixed_mu,279000,1,3.3333333333333335e-07,0.0020585241833117607,70.57398943912054,70.57193091493723
sum_absolute,0.0001,0,fixed_mu,280000,1,3.3333333333333335e-07,0.002043682577976824,70.57398888688599,70.57194520430801
sum_absolute,0.0001,0,fixed_mu,281000,1,3.3333333333333335e-07,0.0020290017838675567,70.57398834305026,70.57195934126639
sum_absolute,0.0001,0,fixed_mu,282000,1,3.3333333333333335e-07,0.0020144794501248953,70.5739878074201,70.57197332796997
sum_absolute,0.0001,0,fixed_mu,283000,1,3.3333333333333335e-07,0.002000113323518349,70.57398727987136,70.57198716654784
sum_absolute,0.0001,0,fixed_mu,284000,1,3.3333333333333335e-07,0.001985901179779148,70.57398676026315,70.57200085908337
sum_absolute,0.0001,0,fixed_mu,285000,1,3.3333333333333335e-07,0.0019718408205164906,70.5739862484447,70.57201440762418
sum_absolute,0.0001,0,fixed_mu,286000,1,3.3333333333333335e-07,0.0019579300916348075,70.57398574427458,70.57202781418295
sum_absolute,0.0001,0,fixed_mu,287000,1,3.3333333333333335e-07,0.0019441668775357357,70.57398524761454,70.57204108073701
sum_absolute,0.0001,0,fixed_mu,288000,1,3.3333333333333335e-07,0.001930549099114387,70.57398475832852,70.5720542092294
sum_absolute,0.0001,0,fixed_mu,289000,1,3.3333333333333335e-07,0.0019170747140009325,70.57398427628353,70.57206720156952
sum_absolute,0.0001,0,fixed_mu,290000,1,3.3333333333333335e-07,0.0019037417153242586,70.57398380134936,70.57208005963403
sum_absolute,0.0001,0,fixed_mu,291000,1,3.3333333333333335e-07,0.0018905481315556472,70.57398333339864,70.57209278526709
sum_absolute,0.0001,0,fixed_mu,292000,1,3.3333333333333335e-07,0.001877492025116112,70.57398287230664,70.57210538028153
sum_absolute,0.0001,0,fixed_mu,293000,1,3.3333333333333335e-07,0.001864571491978495,70.57398241795121,70.57211784645924
sum_absolute,0.0001,0,fixed_mu,294000,1,3.3333333333333335e-07,0.0018517846611985078,70.57398197021283,70.57213018555163
sum_absolute,0.0001,0,fixed_mu,295000,1,3.3333333333333335e-07,0.0018391296937352308,70.57398152897443,70.5721423992807
sum_absolute,0.0001,0,fixed_mu,296000,1,3.3333333333333335e-07,0.0018266047822237397,70.57398109412138,70.57215448933916
sum_absolute,0.0001,0,fixed_mu,297000,1,3.3333333333333335e-07,0.0018142081499661344,70.57398066554143,70.57216645739146
sum_absolute,0.0001,0,fixed_mu,298000,1,3.3333333333333335e-07,0.0018019380507610094,70.57398024312467,70.5721783050739
sum_absolute,0.0001,0,fixed_mu,299000,1,3.3333333333333335e-07,0.0017897927678234282,70.57397982676343,70.57219003399561
sum_absolute,0.0001,0,fixed_mu,300000,1,3.3333333333333335e-07,0.0017777706134154414,70.57397941635224,70.57220164573883
sum_absolute,0.0001,0,fixed_mu,301000,1,3.3333333333333335e-07,0.001765869928220809,70.57397901178786,70.57221314185963
sum_absolute,0.0001,0,fixed_mu,302000,1,3.3333333333333335e-07,0.0017540890808760423,70.57397861296909,70.57222452388821
sum_absolute,0.0001,0,fixed_mu,303000,1,3.3333333333333335e-07,0.0017424264672456502,70.5739782197968,70.57223579332955
sum_absolute,0.0001,0,fixed_mu,304000,1,3.3333333333333335e-07,0.0017308805098394942,70.57397783217387,70.57224695166403
sum_absolute,0.0001,0,fixed_mu,305000,1,3.3333333333333335e-07,0.0017194496576138363,70.57397745000516,70.57225800034755
sum_absolute,0.0001,0,fixed_mu,306000,1,3.3333333333333335e-07,0.0017081323850902663,70.57397707319748,70.57226894081239
sum_absolute,0.0001,0,fixed_mu,307000,1,3.3333333333333335e-07,0.0016969271918725326,70.57397670165943,70.57227977446756
sum_absolute,0.0001,0,fixed_mu,308000,1,3.3333333333333335e-07,0.0016858326024049575,70.57397633530152,70.57229050269912
sum_absolute,0.0001,0,fixed_mu,309000,1,3.3333333333333335e-07,0.0016748471653471597,70.573975974036,70.57230112687066
sum_absolute,0.0001,0,fixed_mu,310000,1,3.3333333333333335e-07,0.0016639694529629878,70.5739756177769,70.57231164832393
sum_absolute,0.0001,0,fixed_mu,311000,1,3.3333333333333335e-07,0.0016531980609357788,70.57397526643993,70.572322068379
sum_absolute,0.0001,0,fixed_mu,312000,1,3.3333333333333335e-07,0.001642531607615183,70.57397491994249,70.57233238833487
sum_absolute,0.0001,0,fixed_mu,313000,1,3.3333333333333335e-07,0.0016319687338466338,70.5739745782036,70.57234260946976
sum_absolute,0.0001,0,fixed_mu,314000,1,3.3333333333333335e-07,0.001621508102218172,70.57397424114386,70.57235273304164
sum_absolute,0.0001,0,fixed_mu,315000,1,3.3333333333333335e-07,0.0016111483970746576,70.57397390868547,70.5723627602884
sum_absolute,0.0001,0,fixed_mu,316000,1,3.3333333333333335e-07,0.0016008883237077498,70.5739735807521,70.57237269242839
sum_absolute,0.0001,0,fixed_mu,317000,1,3.3333333333333335e-07,0.0015907266081285343,70.57397325726896,70.57238253066083
sum_absolute,0.0001,0,fixed_mu,318000,1,3.3333333333333335e-07,0.0015806619967264623,70.5739729381627,70.57239227616597
sum_absolute,0.0001,0,fixed_mu,319000,1,3.3333333333333335e-07,0.0015706932556582842,70.57397262336134,70.57240193010568
sum_absolute,0.0001,0,fixed_mu,320000,1,3.3333333333333335e-07,0.0015608191706348862,70.57397231279435,70.57241149362372
sum_absolute,0.0001,0,fixed_mu,321000,1,3.3333333333333335e-07,0.0015510385467081278,70.57397200639255,70.57242096784584
sum_absolute,0.0001,0,fixed_mu,322000,1,3.3333333333333335e-07,0.0015413502075602992,70.57397170408808,70.57243035388052
sum_absolute,0.0001,0,fixed_mu,323000,1,3.3333333333333335e-07,0.0015317529953335907,70.5739714058144,70.57243965281907
sum_absolute,0.0001,0,fixed_mu,324000,1,3.3333333333333335e-07,0.0015222457703885084,70.57397111150618,70.5724488657358
sum_absolute,0.0001,0,fixed_mu,325000,1,3.3333333333333335e-07,0.0015128274106643858,70.57397082109942,70.57245799368876
sum_absolute,0.0001,0,fixed_mu,326000,1,3.3333333333333335e-07,0.0015034968116935943,70.57397053453127,70.57246703771958
sum_absolute,0.0001,0,fixed_mu,327000,1,3.3333333333333335e-07,0.0014942528861041637,70.57397025174012,70.57247599885402
sum_absolute,0.0001,0,fixed_mu,328000,1,3.3333333333333335e-07,0.0014850945631650347,70.57396997266547,70.5724848781023
sum_absolute,0.0001,0,fixed_mu,329000,1,3.3333333333333335e-07,0.0014760207888144805,70.573969697248,70.57249367645919
sum_absolute,0.0001,0,fixed_mu,330000,1,3.3333333333333335e-07,0.0014670305250774618,70.57396942542951,70.57250239490443
sum_absolute,0.0001,0,fixed_mu,331000,1,3.3333333333333335e-07,0.0014581227498240423,70.57396915715285,70.57251103440302
sum_absolute,0.0001,0,fixed_mu,332000,1,3.3333333333333335e-07,0.0014492964565846478,70.57396889236195,70.57251959590536
sum_absolute,0.0001,0,fixed_mu,333000,1,3.3333333333333335e-07,0.001440550654223216,70.57396863100183,70.57252808034761
sum_absolute,0.0001,0,fixed_mu,334000,1,3.3333333333333335e-07,0.0014318843664540282,70.57396837301846,70.572536488652
sum_absolute,0.0001,0,fixed_mu,335000,1,3.3333333333333335e-07,0.0014232966319980278,70.57396811835885,70.57254482172685
sum_absolute,0.0001,0,fixed_mu,336000,1,3.3333333333333335e-07,0.0014147865038580676,70.573967866971,70.57255308046715
sum_absolute,0.0001,0,fixed_mu,337000,1,3.3333333333333335e-07,0.00140635304933312,70.5739676188038,70.57256126575447
sum_absolute,0.0001,0,fixed_mu,338000,1,3.3333333333333335e-07,0.0013979953498051145,70.57396737380722,70.57256937845742
sum_absolute,0.0001,0,fixed_mu,339000,1,3.3333333333333335e-07,0.0013897125001562927,70.57396713193197,70.57257741943181
sum_absolute,0.0001,0,fixed_mu,340000,1,3.3333333333333335e-07,0.0013815036088971056,70.57396689312978,70.57258538952088
sum_absolute,0.0001,0,fixed_mu,341000,1,3.3333333333333335e-07,0.0013733677977967318,70.57396665735321,70.57259328955541
sum_absolute,0.0001,0,fixed_mu,342000,1,3.3333333333333335e-07,0.001365304201442541,70.57396642455569,70.57260112035425
sum_absolute,0.0001,0,fixed_mu,343000,1,3.3333333333333335e-07,0.0013573119674674672,70.57396619469154,70.57260888272407
sum_absolute,0.0001,0,fixed_mu,344000,1,3.3333333333333335e-07,0.0013493902557826232,70.5739659677158,70.57261657746001
sum_absolute,0.0001,0,fixed_mu,345000,1,3.3333333333333335e-07,0.0013415382387336194,70.57396574358438,70.57262420534565
sum_absolute,0.0001,0,fixed_mu,346000,1,3.3333333333333335e-07,0.001333755100844769,70.57396552225404,70.5726317671532
sum_absolute,0.0001,0,fixed_mu,347000,1,3.3333333333333335e-07,0.0013260400385206594,70.57396530368224,70.57263926364372
sum_absolute,0.0001,0,fixed_mu,348000,1,3.3333333333333335e-07,0.001318392259648249,70.57396508782719,70.57264669556754
sum_absolute,0.0001,0,fixed_mu,349000,1,3.3333333333333335e-07,0.0013108109838384507,70.57396487464788,70.57265406366405
sum_absolute,0.0001,0,fixed_mu,350000,1,3.3333333333333335e-07,0.0013032954419287535,70.57396466410404,70.57266136866211
sum_absolute,0.0001,0,fixed_mu,351000,1,3.3333333333333335e-07,0.0012958448757842689,70.57396445615606,70.57266861128028
sum_absolute,0.0001,0,fixed_mu,352000,1,3.3333333333333335e-07,0.001288458538198256,70.57396425076507,70.57267579222687
sum_absolute,0.0001,0,fixed_mu,353000,1,3.3333333333333335e-07,0.0012811356927215911,70.57396404789293,70.57268291220021
sum_absolute,0.0001,0,fixed_mu,354000,1,3.3333333333333335e-07,0.0012738756133501283,70.57396384750203,70.57268997188868
sum_absolute,0.0001,0,fixed_mu,355000,1,3.3333333333333335e-07,0.0012666775845104894,70.57396364955557,70.57269697197106
sum_absolute,0.0001,0,fixed_mu,356000,1,3.3333333333333335e-07,0.0012595409007616354,70.5739634540173,70.57270391311654
sum_absolute,0.0001,0,fixed_mu,357000,1,3.3333333333333335e-07,0.0012524648665959148,70.57396326085166,70.57271079598506
sum_absolute,0.0001,0,fixed_mu,358000,1,3.3333333333333335e-07,0.0012454487964390637,70.57396307002364,70.5727176212272
sum_absolute,0.0001,0,fixed_mu,359000,1,3.3333333333333335e-07,0.00123849201439441,70.5739628814989,70.5727243894845
sum_absolute,0.0001,0,fixed_mu,360000,1,3.3333333333333335e-07,0.001231593853944446,70.57396269524368,70.57273110138973
sum_absolute,0.0001,0,fixed_mu,361000,1,3.3333333333333335e-07,0.001224753658036093,70.57396251122478,70.57273775756674
sum_absolute,0.0001,0,fixed_mu,362000,1,3.3333333333333335e-07,0.0012179707786543759,70.57396232940957,70.57274435863091
sum_absolute,0.0001,0,fixed_mu,363000,1,3.3333333333333335e-07,0.001211244576950321,70.57396214976602,70.57275090518907
sum_absolute,0.0001,0,fixed_mu,364000,1,3.3333333333333335e-07,0.001204574422956739,70.57396197226262,70.57275739783967
sum_absolute,0.0001,0,fixed_mu,365000,1,3.3333333333333335e-07,0.0011979596952755855,70.57396179686836,70.57276383717308
sum_absolute,0.0001,0,fixed_mu,366000,1,3.3333333333333335e-07,0.0011913997812911248,70.57396162355285,70.57277022377156
sum_absolute,0.0001,0,fixed_mu,367000,1,3.3333333333333335e-07,0.0011848940767009708,70.57396145228613,70.57277655820943
sum_absolute,0.0001,0,fixed_mu,368000,1,3.3333333333333335e-07,0.0011784419855729311,70.57396128303881,70.57278284105324
sum_absolute,0.0001,0,fixed_mu,369000,1,3.3333333333333335e-07,0.0011720429200892113,70.57396111578194,70.57278907286185
sum_absolute,0.0001,0,fixed_mu,370000,1,3.3333333333333335e-07,0.001165696300532204,70.57396095048708,70.57279525418654
sum_absolute,0.0001,0,fixed_mu,371000,1,3.3333333333333335e-07,0.0011594015551139591,70.57396078712631,70.5728013855712
sum_absolute,0.0001,0,fixed_mu,372000,1,3.3333333333333335e-07,0.001153158119606701,70.57396062567211,70.57280746755251
sum_absolute,0.0001,0,fixed_mu,373000,1,3.3333333333333335e-07,0.0011469654377265215,70.57396046609747,70.57281350065975
sum_absolute,0.0001,0,fixed_mu,374000,1,3.3333333333333335e-07,0.0011408229605081033,70.57396030837577,70.57281948541527
sum_absolute,0.0001,0,fixed_mu,375000,1,3.3333333333333335e-07,0.0011347301465178816,70.57396015248094,70.57282542233442
sum_absolute,0.0001,0,fixed_mu,376000,1,3.3333333333333335e-07,0.001128686461456141,70.57395999838724,70.57283131192578
sum_absolute,0.0001,0,fixed_mu,377000,1,3.3333333333333335e-07,0.001122691378313334,70.57395984606939,70.57283715469107
sum_absolute,0.0001,0,fixed_mu,378000,1,3.3333333333333335e-07,0.0011167443770716545,70.57395969550255,70.57284295112548
sum_absolute,0.0001,0,fixed_mu,379000,1,3.3333333333333335e-07,0.0011108449447476687,70.57395954666225,70.5728487017175
sum_absolute,0.0001,0,fixed_mu,380000,1,3.3333333333333335e-07,0.0011049925749802014,70.57395939952445,70.57285440694947
sum_absolute,0.0001,0,fixed_mu,381000,1,3.3333333333333335e-07,0.0010991867683571854,70.5739592540655,70.57286006729714
sum_absolute,0.0001,0,fixed_mu,382000,1,3.3333333333333335e-07,0.0010934270318898598,70.57395911026211,70.57286568323022
sum_absolute,0.0001,0,fixed_mu,383000,1,3.3333333333333335e-07,0.0010877128792259327,70.57395896809143,70.5728712552122
sum_absolute,0.0001,0,fixed_mu,384000,1,3.3333333333333335e-07,0.0010820438303511537,70.57395882753092,70.57287678370056
sum_absolute,0.0001,0,fixed_mu,385000,1,3.3333333333333335e-07,0.0010764194116319459,70.57395868855843,70.5728822691468
sum_absolute,0.0001,0,fixed_mu,386000,1,3.3333333333333335e-07,0.0010708391554601349,70.57395855115215,70.57288771199669
sum_absolute,0.0001,0,fixed_mu,387000,1,3.3333333333333335e-07,0.0010653026005513766,70.57395841529068,70.57289311269012
sum_absolute,0.0001,0,fixed_mu,388000,1,3.3333333333333335e-07,0.00105980929149041,70.5739582809529,70.5728984716614
sum_absolute,0.0001,0,fixed_mu,389000,1,3.3333333333333335e-07,0.001054358778830533,70.57395814811805,70.57290378933922
sum_absolute,0.0001,0,fixed_mu,390000,1,3.3333333333333335e-07,0.0010489506188946507,70.57395801676572,70.57290906614682
sum_absolute,0.0001,0,fixed_mu,391000,1,3.3333333333333335e-07,0.0010435843739173833,70.57395788687582,70.5729143025019
sum_absolute,0.0001,0,fixed_mu,392000,1,3.3333333333333335e-07,0.001038259611561898,70.57395775842853,70.57291949881697
sum_absolute,0.0001,0,fixed_mu,393000,1,3.3333333333333335e-07,0.0010329759051188603,70.57395763140444,70.57292465549932
sum_absolute,0.0001,0,fixed_mu,394000,1,3.3333333333333335e-07,0.0010277328334211688,70.57395750578438,70.57292977295096
sum_absolute,0.0001,0,fixed_mu,395000,1,3.3333333333333335e-07,0.0010225299805881605,70.57395738154946,70.57293485156887
sum_absolute,0.0001,0,fixed_mu,396000,1,3.3333333333333335e-07,0.0010173669361250859,70.57395725868119,70.57293989174507
sum_absolute,0.0001,0,fixed_mu,397000,1,3.3333333333333335e-07,0.0010122432947525795,70.57395713716129,70.57294489386653
sum_absolute,0.0001,0,fixed_mu,398000,1,3.3333333333333335e-07,0.001007158656335605,70.57395701697176,70.57294985831543
sum_absolute,0.0001,0,fixed_mu,399000,1,3.3333333333333335e-07,0.001002112625755558,70.57395689809493,70.57295478546918
sum_absolute,0.0001,0,fixed_mu,400000,1,3.3333333333333335e-07,0.0009971048129244764,70.5739567805134,70.57295967570047
sum_absolute,0.0001,0,fixed_mu,401000,1,3.3333333333333335e-07,0.0009921348327424084,70.57395666421002,70.57296452937727
sum_absolute,0.0001,0,fixed_mu,402000,1,3.3333333333333335e-07,0.0009872023047421408,70.57395654916786,70.57296934686312
sum_absolute,0.0001,0,fixed_mu,403000,1,3.3333333333333335e-07,0.000982306853458681,70.57395643537039,70.57297412851693
sum_absolute,0.0001,0,fixed_mu,404000,1,3.3333333333333335e-07,0.0009774481080313535,70.57395632280121,70.57297887469318
sum_absolute,0.0001,0,fixed_mu,405000,1,3.3333333333333335e-07,0.0009726257021611673,70.57395621144421,70.57298358574205
sum_absolute,0.0001,0,fixed_mu,406000,1,3.3333333333333335e-07,0.0009678392741818698,70.57395610128356,70.57298826200937
sum_absolute,0.0001,0,fixed_mu,407000,1,3.3333333333333335e-07,0.0009630884669320494,70.57395599230364,70.5729929038367
sum_absolute,0.0001,0,fixed_mu,408000,1,3.3333333333333335e-07,0.0009583729276414488,70.57395588448907,70.57299751156143
sum_absolute,0.0001,0,fixed_mu,409000,1,3.3333333333333335e-07,0.0009536923078741211,70.57395577782474,70.57300208551686
sum_absolute,0.0001,0,fixed_mu,410000,1,3.3333333333333335e-07,0.0009490462635142194,70.57395567229571,70.5730066260322
sum_absolute,0.0001,0,fixed_mu,411000,1,3.3333333333333335e-07,0.0009444344547091532,70.57395556788732,70.57301113343262
sum_absolute,0.0001,0,fixed_mu,412000,1,3.3333333333333335e-07,0.0009398565456280039,70.57395546458511,70.57301560803948
sum_absolute,0.0001,0,fixed_mu,413000,1,3.3333333333333335e-07,0.0009353122048452178,70.57395536237486,70.57302005017002
sum_absolute,0.0001,0,fixed_mu,414000,1,3.3333333333333335e-07,0.0009308011046158526,70.57395526124255,70.57302446013793
sum_absolute,0.0001,0,fixed_mu,415000,1,3.3333333333333335e-07,0.0009263229213871682,70.57395516117433,70.57302883825294
sum_absolute,0.0001,0,fixed_mu,416000,1,3.3333333333333335e-07,0.0009218773356280963,70.57395506215667,70.57303318482104
sum_absolute,0.0001,0,fixed_mu,417000,1,3.3333333333333335e-07,0.0009174640314313365,70.57395496417612,70.5730375001447
sum_absolute,0.0001,0,fixed_mu,418000,1,3.3333333333333335e-07,0.000913082696854417,70.57395486721951,70.57304178452266
sum_absolute,0.0001,0,fixed_mu,419000,1,3.3333333333333335e-07,0.0009087330237349533,70.57395477127383,70.5730460382501
sum_absolute,0.0001,0,fixed_mu,420000,1,3.3333333333333335e-07,0.000904414707534329,70.57395467632631,70.57305026161877
sum_absolute,0.0001,0,fixed_mu,421000,1,3.3333333333333335e-07,0.0009001274474229604,70.5739545823643,70.57305445491687
sum_absolute,0.0001,0,fixed_mu,422000,1,3.3333333333333335e-07,0.0008958709461239778,70.57395448937538,70.57305861842926
sum_absolute,0.0001,0,fixed_mu,423000,1,3.3333333333333335e-07,0.0008916449099984902,70.57395439734734,70.57306275243734
sum_absolute,0.0001,0,fixed_mu,424000,1,3.3333333333333335e-07,0.0008874490488324227,70.57395430626809,70.57306685721926
sum_absolute,0.0001,0,fixed_mu,425000,1,3.3333333333333335e-07,0.0008832830758507271,70.57395421612576,70.5730709330499
sum_absolute,0.0001,0,fixed_mu,426000,1,3.3333333333333335e-07,0.0008791467076605386,70.57395412690865,70.57307498020099
sum_absolute,0.0001,0,fixed_mu,427000,1,3.3333333333333335e-07,0.0008750396643790737,70.57395403860522,70.57307899894084
sum_absolute,0.0001,0,fixed_mu,428000,1,3.3333333333333335e-07,0.0008709616691646715,70.57395395120409,70.57308298953492
sum_absolute,0.0001,0,fixed_mu,429000,1,3.3333333333333335e-07,0.0008669124487141744,70.57395386469409,70.57308695224538
sum_absolute,0.0001,0,fixed_mu,430000,1,3.3333333333333335e-07,0.0008628917327371255,70.57395377906417,70.57309088733143
sum_absolute,0.0001,0,fixed_mu,431000,1,3.3333333333333335e-07,0.0008588992541547213,70.57395369430347,70.57309479504931
sum_absolute,0.0001,0,fixed_mu,432000,1,3.3333333333333335e-07,0.0008549347490429682,70.57395361040125,70.5730986756522
sum_absolute,0.0001,0,fixed_mu,433000,1,3.3333333333333335e-07,0.0008509979565474168,70.57395352734699,70.57310252939044
sum_absolute,0.0001,0,fixed_mu,434000,1,3.3333333333333335e-07,0.0008470886188263194,70.57395344513023,70.5731063565114
sum_absolute,0.0001,0,fixed_mu,435000,1,3.3333333333333335e-07,0.0008432064810079964,70.57395336374074,70.57311015725973
sum_absolute,0.0001,0,fixed_mu,436000,1,3.3333333333333335e-07,0.00083935129123347,70.57395328316841,70.57311393187717
sum_absolute,0.0001,0,fixed_mu,437000,1,3.3333333333333335e-07,0.0008355228005711979,70.57395320340328,70.5731176806027
sum_absolute,0.0001,0,fixed_mu,438000,1,3.3333333333333335e-07,0.0008317207628749657,70.57395312443552,70.57312140367264
sum_absolute,0.0001,0,fixed_mu,439000,1,3.3333333333333335e-07,0.0008279449348975731,70.57395304625545,70.57312510132056
sum_absolute,0.0001,0,fixed_mu,440000,1,3.3333333333333335e-07,0.0008241950760208283,70.57395296885352,70.5731287737775
sum_absolute,0.0001,0,fixed_mu,441000,1,3.3333333333333335e-07,0.0008204709486960837,70.57395289222035,70.57313242127165
sum_absolute,0.0001,0,fixed_mu,442000,1,3.3333333333333335e-07,0.0008167723177621156,70.57395281634663,70.57313604402887
sum_absolute,0.0001,0,fixed_mu,443000,1,3.3333333333333335e-07,0.0008130989510135578,70.57395274122325,70.57313964227224
sum_absolute,0.0001,0,fixed_mu,444000,1,3.3333333333333335e-07,0.0008094506186466788,70.5739526668412,70.57314321622255
sum_absolute,0.0001,0,fixed_mu,445000,1,3.3333333333333335e-07,0.0008058270935720202,70.57395259319156,70.57314676609799
sum_absolute,0.0001,0,fixed_mu,446000,1,3.3333333333333335e-07,0.0008022281512864993,70.5739525202656,70.57315029211432
sum_absolute,0.0001,0,fixed_mu,447000,1,3.3333333333333335e-07,0.000798653569844987,70.57395244805468,70.57315379448484
sum_absolute,0.0001,0,fixed_mu,448000,1,3.3333333333333335e-07,0.0007951031296897781,70.5739523765503,70.5731572734206
sum_absolute,0.0001,0,fixed_mu,449000,1,3.3333333333333335e-07,0.0007915766138637537,70.57395230574402,70.57316072913015
sum_absolute,0.0001,0,fixed_mu,450000,1,3.3333333333333335e-07,0.0007880738077403748,70.57395223562762,70.57316416181988
sum_absolute,0.0001,0,fixed_mu,451000,1,3.3333333333333335e-07,0.0007845944991373699,70.57395216619287,70.57316757169373
sum_absolute,0.0001,0,fixed_mu,452000,1,3.3333333333333335e-07,0.000781138478231469,70.57395209743177,70.57317095895354
sum_absolute,0.0001,0,fixed_mu,453000,1,3.3333333333333335e-07,0.0007777055376010367,70.5739520293364,70.5731743237988
sum_absolute,0.0001,0,fixed_mu,454000,1,3.3333333333333335e-07,0.0007742954719844874,70.57395196189887,70.57317766642689
sum_absolute,0.0001,0,fixed_mu,455000,1,3.3333333333333335e-07,0.0007709080785360811,70.57395189511152,70.57318098703298
sum_absolute,0.0001,0,fixed_mu,456000,1,3.3333333333333335e-07,0.0007675431566553925,70.5739518289667,70.57318428581004
sum_absolute,0.0001,0,fixed_mu,457000,1,3.3333333333333335e-07,0.0007642005078167813,70.57395176345693,70.57318756294912
sum_absolute,0.0001,0,fixed_mu,458000,1,3.3333333333333335e-07,0.0007608799357541329,70.57395169857477,70.57319081863902
sum_absolute,0.0001,0,fixed_mu,459000,1,3.3333333333333335e-07,0.0007575812464608589,70.57395163431295,70.57319405306649
sum_absolute,0.0001,0,fixed_mu,460000,1,3.3333333333333335e-07,0.0007543042480051554,70.57395157066426,70.57319726641626
sum_absolute,0.0001,0,fixed_mu,461000,1,3.3333333333333335e-07,0.0007510487503168406,70.57395150762159,70.57320045887127
sum_absolute,0.0001,0,fixed_mu,462000,1,3.3333333333333335e-07,0.0007478145658694757,70.57395144517793,70.57320363061206
sum_absolute,0.0001,0,fixed_mu,463000,1,3.3333333333333335e-07,0.0007446015087566593,70.57395138332637,70.57320678181762
sum_absolute,0.0001,0,fixed_mu,464000,1,3.3333333333333335e-07,0.0007414093953030942,70.57395132206011,70.57320991266481
sum_absolute,0.0001,0,fixed_mu,465000,1,3.3333333333333335e-07,0.0007382380437803704,70.5739512613724,70.57321302332862
sum_absolute,0.0001,0,fixed_mu,466000,1,3.3333333333333335e-07,0.0007350872744353865,70.5739512012566,70.57321611398217
sum_absolute,0.0001,0,fixed_mu,467000,1,3.3333333333333335e-07,0.0007319569094050848,70.5739511417062,70.5732191847968
sum_absolute,0.0001,0,fixed_mu,468000,1,3.3333333333333335e-07,0.0007288467728301384,70.57395108271473,70.5732222359419
sum_absolute,0.0001,0,fixed_mu,469000,1,3.3333333333333335e-07,0.0007257566906986312,70.57395102427577,70.57322526758507
sum_absolute,0.0001,0,fixed_mu,470000,1,3.3333333333333335e-07,0.0007226864908318475,70.57395096638311,70.57322827989228
sum_absolute,0.0001,0,fixed_mu,471000,1,3.3333333333333335e-07,0.0007196360029837479,70.5739509090305,70.57323127302752
sum_absolute,0.0001,0,fixed_mu,472000,1,3.3333333333333335e-07,0.0007166050585851735,70.57395085221182,70.57323424715324
sum_absolute,0.0001,0,fixed_mu,473000,1,3.3333333333333335e-07,0.0007135934910564856,70.57395079592109,70.57323720243004
sum_absolute,0.0001,0,fixed_mu,474000,1,3.3333333333333335e-07,0.0007106011354665043,70.57395074015227,70.5732401390168
sum_absolute,0.0001,0,fixed_mu,475000,1,3.3333333333333335e-07,0.0007076278285893522,70.57395068489956,70.57324305707097
sum_absolute,0.0001,0,fixed_mu,476000,1,3.3333333333333335e-07,0.0007046734090749851,70.5739506301571,70.57324595674802
sum_absolute,0.0001,0,fixed_mu,477000,1,3.3333333333333335e-07,0.0007017377171507633,70.57395057591921,70.57324883820206
sum_absolute,0.0001,0,fixed_mu,478000,1,3.3333333333333335e-07,0.0006988205948061932,70.57395052218021,70.5732517015854
sum_absolute,0.0001,0,fixed_mu,479000,1,3.3333333333333335e-07,0.0006959218856792404,70.57395046893456,70.57325454704888
sum_absolute,0.0001,0,fixed_mu,480000,1,3.3333333333333335e-07,0.0006930414350136971,70.57395041617673,70.57325737474171
sum_absolute,0.0001,0,fixed_mu,481000,1,3.3333333333333335e-07,0.0006901790896876037,70.5739503639013,70.57326018481162
sum_absolute,0.0001,0,fixed_mu,482000,1,3.3333333333333335e-07,0.0006873346982558814,70.57395031210294,70.57326297740468
sum_absolute,0.0001,0,fixed_mu,483000,1,3.3333333333333335e-07,0.0006845081107655915,70.57395026077633,70.57326575266556
sum_absolute,0.0001,0,fixed_mu,484000,1,3.3333333333333335e-07,0.0006816991788411997,70.57395020991628,70.57326851073744
sum_absolute,0.0001,0,fixed_mu,485000,1,3.3333333333333335e-07,0.0006789077556419443,70.5739501595176,70.57327125176195
sum_absolute,0.0001,0,fixed_mu,486000,1,3.3333333333333335e-07,0.0006761336959613118,70.57395010957525,70.57327397587929
sum_absolute,0.0001,0,fixed_mu,487000,1,3.3333333333333335e-07,0.0006733768559428199,70.57395006008419,70.57327668322824
sum_absolute,0.0001,0,fixed_mu,488000,1,3.3333333333333335e-07,0.0006706370932647587,70.57395001103947,70.5732793739462
sum_absolute,0.0001,0,fixed_mu,489000,1,3.3333333333333335e-07,0.0006679142671401905,70.5739499624362,70.57328204816906
sum_absolute,0.0001,0,fixed_mu,490000,1,3.3333333333333335e-07,0.000665208238217474,70.57394991426958,70.57328470603136
sum_absolute,0.0001,0,fixed_mu,491000,1,3.3333333333333335e-07,0.0006625188684097338,70.5739498665348,70.5732873476664
sum_absolute,0.0001,0,fixed_mu,492000,1,3.3333333333333335e-07,0.0006598460213069757,70.57394981922721,70.5732899732059
sum_absolute,0.0001,0,fixed_mu,493000,1,3.3333333333333335e-07,0.0006571895616218626,70.57394977234213,70.57329258278051
sum_absolute,0.0001,0,fixed_mu,494000,1,3.3333333333333335e-07,0.0006545493557723603,70.57394972587498,70.57329517651921
sum_absolute,0.0001,0,fixed_mu,495000,1,3.3333333333333335e-07,0.0006519252712848811,70.57394967982128,70.57329775455
sum_absolute,0.0001,0,fixed_mu,496000,1,3.3333333333333335e-07,0.0006493171769648143,70.5739496341765,70.57330031699954
sum_absolute,0.0001,0,fixed_mu,497000,1,3.3333333333333335e-07,0.0006467249432660083,70.57394958893627,70.573302863993
sum_absolute,0.0001,0,fixed_mu,498000,1,3.3333333333333335e-07,0.0006441484416939147,70.57394954409622,70.57330539565453
sum_absolute,0.0001,0,fixed_mu,499000,1,3.3333333333333335e-07,0.0006415875451040165,70.57394949965206,70.57330791210696
sum_absolute,0.0001,0,fixed_mu,500000,1,3.3333333333333335e-07,0.0006390421277444602,70.57394945559955,70.5733104134718
sum_absolute,0.0001,0,fixed_mu,501000,1,3.3333333333333335e-07,0.0006365120650144718,70.57394941193448,70.57331289986946
sum_absolute,0.0001,0,fixed_mu,502000,1,3.3333333333333335e-07,0.0006339972335354105,70.57394936865273,70.5733153714192
sum_absolute,0.0001,0,fixed_mu,503000,1,3.3333333333333335e-07,0.0006314975113212995,70.57394932575025,70.57331782823893
sum_absolute,0.0001,0,fixed_mu,504000,1,3.3333333333333335e-07,0.0006290127774093435,70.5739492832229,70.57332027044549
sum_absolute,0.0001,0,fixed_mu,505000,1,3.3333333333333335e-07,0.0006265429122294108,70.5739492410668,70.57332269815457
sum_absolute,0.0001,0,fixed_mu,506000,1,3.3333333333333335e-07,0.0006240877973198167,70.57394919927796,70.57332511148064
sum_absolute,0.0001,0,fixed_mu,507000,1,3.3333333333333335e-07,0.0006216473152704793,70.57394915785251,70.57332751053724
sum_absolute,0.0001,0,fixed_mu,508000,1,3.3333333333333335e-07,0.0006192213501492461,70.57394911678662,70.57332989543647
sum_absolute,0.0001,0,fixed_mu,509000,1,3.3333333333333335e-07,0.0006168097868339828,70.5739490760765,70.57333226628967
sum_absolute,0.0001,0,fixed_mu,510000,1,3.3333333333333335e-07,0.0006144125115952193,70.5739490357184,70.5733346232068
sum_absolute,0.0001,0,fixed_mu,511000,1,3.3333333333333335e-07,0.0006120294116271907,70.5739489957086,70.57333696629698
sum_absolute,0.0001,0,fixed_mu,512000,1,3.3333333333333335e-07,0.0006096603753888985,70.57394895604351,70.57333929566812
sum_absolute,0.0001,0,fixed_mu,513000,1,3.3333333333333335e-07,0.0006073052923909472,70.57394891671949,70.5733416114271
sum_absolute,0.0001,0,fixed_mu,514000,1,3.3333333333333335e-07,0.0006049640531244904,70.57394887773295,70.57334391367982
sum_absolute,0.0001,0,fixed_mu,515000,1,3.3333333333333335e-07,0.0006026365493596586,70.57394883908042,70.57334620253106
sum_absolute,0.0001,0,fixed_mu,516000,1,3.3333333333333335e-07,0.0006003226737192335,70.5739488007584,70.57334847808468
sum_absolute,0.0001,0,fixed_mu,517000,1,3.3333333333333335e-07,0.0005980223199344437,70.57394876276346,70.57335074044353
sum_absolute,0.0001,0,fixed_mu,518000,1,3.3333333333333335e-07,0.0005957353828875966,70.57394872509222,70.57335298970933
sum_absolute,0.0001,0,fixed_mu,519000,1,3.3333333333333335e-07,0.0005934617583278623,70.57394868774135,70.57335522598302
sum_absolute,0.0001,0,fixed_mu,520000,1,3.3333333333333335e-07,0.0005912013431128571,70.57394865070751,70.5733574493644
sum_absolute,0.0001,0,fixed_mu,521000,1,3.3333333333333335e-07,0.000588954034938638,70.57394861398741,70.57335965995247
sum_absolute,0.0001,0,fixed_mu,522000,1,3.3333333333333335e-07,0.000586719732751817,70.57394857757788,70.57336185784513
sum_absolute,0.0001,0,fixed_mu,523000,1,3.3333333333333335e-07,0.0005844983362663925,70.5739485414757,70.57336404313943
sum_absolute,0.0001,0,fixed_mu,524000,1,3.3333333333333335e-07,0.0005822897462621768,70.57394850567773,70.57336621593147
sum_absolute,0.0001,0,fixed_mu,525000,1,3.3333333333333335e-07,0.000580093864428477,70.57394847018087,70.57336837631644
sum_absolute,0.0001,0,fixed_mu,526000,1,3.3333333333333335e-07,0.0005779105932646189,70.57394843498199,70.57337052438872
sum_absolute,0.0001,0,fixed_mu,527000,1,3.3333333333333335e-07,0.000575739836577327,70.57394840007811,70.57337266024153
sum_absolute,0.0001,0,fixed_mu,528000,1,3.3333333333333335e-07,0.0005735814986849164,70.57394836546621,70.57337478396752
sum_absolute,0.0001,0,fixed_mu,529000,1,3.3333333333333335e-07,0.000571435485014149,70.57394833114333,70.57337689565831
sum_absolute,0.0001,0,fixed_mu,530000,1,3.3333333333333335e-07,0.0005693017019154922,70.57394829710651,70.5733789954046
sum_absolute,0.0001,0,fixed_mu,531000,1,3.3333333333333335e-07,0.0005671800565494323,70.57394826335289,70.57338108329634
sum_absolute,0.0001,0,fixed_mu,532000,1,3.3333333333333335e-07,0.0005650704569575282,70.57394822987959,70.57338315942263
sum_absolute,0.0001,0,fixed_mu,533000,1,3.3333333333333335e-07,0.0005629728120766231,70.5739481966838,70.57338522387172
sum_absolute,0.0001,0,fixed_mu,534000,1,3.3333333333333335e-07,0.000560887031710422,70.57394816376271,70.573387276731
sum_absolute,0.0001,0,fixed_mu,535000,1,3.3333333333333335e-07,0.0005588130265152813,70.57394813111357,70.57338931808705
sum_absolute,0.0001,0,fixed_mu,536000,1,3.3333333333333335e-07,0.000556750707971787,70.57394809873364,70.57339134802567
sum_absolute,0.0001,0,fixed_mu,537000,1,3.3333333333333335e-07,0.0005546999884273873,70.57394806662026,70.57339336663183
sum_absolute,0.0001,0,fixed_mu,538000,1,3.3333333333333335e-07,0.0005526607809258621,70.57394803477072,70.5733953739898
sum_absolute,0.0001,0,fixed_mu,539000,1,3.3333333333333335e-07,0.0005506329994915404,70.57394800318241,70.57339737018292
sum_absolute,0.0001,0,fixed_mu,540000,1,3.3333333333333335e-07,0.0005486165588308722,70.57394797185273,70.5733993552939
sum_absolute,0.0001,0,fixed_mu,541000,1,3.3333333333333335e-07,0.000546611374488748,70.5739479407791,70.57340132940462
sum_absolute,0.0001,0,fixed_mu,542000,1,3.3333333333333335e-07,0.0005446173628769202,70.57394790995899,70.57340329259611
sum_absolute,0.0001,0,fixed_mu,543000,1,3.3333333333333335e-07,0.0005426344409897865,70.57394787938989,70.5734052449489
sum_absolute,0.0001,0,fixed_mu,544000,1,3.3333333333333335e-07,0.0005406625267028176,70.57394784906928,70.57340718654258
sum_absolute,0.0001,0,fixed_mu,545000,1,3.3333333333333335e-07,0.000538701538758346,70.57394781899477,70.57340911745601
sum_absolute,0.0001,0,fixed_mu,546000,1,3.3333333333333335e-07,0.0005367513964245063,70.5739477891639,70.57341103776747
sum_absolute,0.0001,0,fixed_mu,547000,1,3.3333333333333335e-07,0.0005348120199073492,70.57394775957428,70.57341294755437
sum_absolute,0.0001,0,fixed_mu,548000,1,3.3333333333333335e-07,0.0005328833300239921,70.57394773022354,70.57341484689351
sum_absolute,0.0001,0,fixed_mu,549000,1,3.3333333333333335e-07,0.0005309652483731497,70.57394770110935,70.57341673586097
sum_absolute,0.0001,0,fixed_mu,550000,1,3.3333333333333335e-07,0.0005290576972072358,70.57394767222937,70.57341861453216
sum_absolute,0.0001,0,fixed_mu,551000,1,3.3333333333333335e-07,0.0005271605996171047,70.57394764358132,70.5734204829817
sum_absolute,0.0001,0,fixed_mu,552000,1,3.3333333333333335e-07,0.0005252738793046774,70.57394761516295,70.57342234128365
sum_absolute,0.0001,0,fixed_mu,553000,1,3.3333333333333335e-07,0.0005233974606113634,70.57394758697201,70.5734241895114
sum_absolute,0.0001,0,fixed_mu,554000,1,3.3333333333333335e-07,0.0005215312687312235,70.57394755900631,70.57342602773758
sum_absolute,0.0001,0,fixed_mu,555000,1,3.3333333333333335e-07,0.0005196752293699092,70.57394753126364,70.57342785603427
sum_absolute,0.0001,0,fixed_mu,556000,1,3.3333333333333335e-07,0.0005178292690004582,70.57394750374186,70.57342967447286
sum_absolute,0.0001,0,fixed_mu,557000,1,3.3333333333333335e-07,0.0005159933147496076,70.57394747643883,70.57343148312408
sum_absolute,0.0001,0,fixed_mu,558000,1,3.3333333333333335e-07,0.0005141672943977937,70.57394744935243,70.57343328205803
sum_absolute,0.0001,0,fixed_mu,559000,1,3.3333333333333335e-07,0.0005123511363649413,70.57394742248061,70.57343507134425
sum_absolute,0.0001,0,fixed_mu,560000,1,3.3333333333333335e-07,0.0005105447696536203,70.57394739582126,70.57343685105161
sum_absolute,0.0001,0,fixed_mu,561000,1,3.3333333333333335e-07,0.0005087481241048408,70.57394736937238,70.57343862124827
sum_absolute,0.0001,0,fixed_mu,562000,1,3.3333333333333335e-07,0.0005069611299433063,70.5739473431319,70.57344038200196
sum_absolute,0.0001,0,fixed_mu,563000,1,3.3333333333333335e-07,0.0005051837181184737,70.57394731709788,70.57344213337976
sum_absolute,0.0001,0,fixed_mu,564000,1,3.3333333333333335e-07,0.0005034158202903427,70.57394729126831,70.57344387544802
sum_absolute,0.0001,0,fixed_mu,565000,1,3.3333333333333335e-07,0.0005016573685736603,70.57394726564127,70.57344560827269
sum_absolute,0.0001,0,fixed_mu,566000,1,3.3333333333333335e-07,0.0004999082958221379,70.57394724021482,70.573447331919
sum_absolute,0.0001,0,fixed_mu,567000,1,3.3333333333333335e-07,0.0004981685353158127,70.57394721498704,70.57344904645173
sum_absolute,0.0001,0,fixed_mu,568000,1,3.3333333333333335e-07,0.000496438021102108,70.57394718995606,70.57345075193496
sum_absolute,0.0001,0,fixed_mu,569000,1,3.3333333333333335e-07,0.0004947166877684595,70.57394716512003,70.57345244843226
sum_absolute,0.0001,0,fixed_mu,570000,1,3.3333333333333335e-07,0.000493004470371261,70.57394714047707,70.5734541360067
sum_absolute,0.0001,0,fixed_mu,571000,1,3.3333333333333335e-07,0.0004913013046490278,70.57394711602538,70.57345581472073
sum_absolute,0.0001,0,fixed_mu,572000,1,3.3333333333333335e-07,0.0004896071269229196,70.57394709176316,70.57345748463624
sum_absolute,0.0001,0,fixed_mu,573000,1,3.3333333333333335e-07,0.0004879218739972657,70.57394706768864,70.57345914581464
sum_absolute,0.0001,0,fixed_mu,574000,1,3.3333333333333335e-07,0.00048624548325904016,70.57394704380003,70.57346079831677
sum_absolute,0.0001,0,fixed_mu,575000,1,3.3333333333333335e-07,0.000484577892592597,70.57394702009557,70.57346244220298
sum_absolute,0.0001,0,fixed_mu,576000,1,3.3333333333333335e-07,0.0004829190406070438,70.57394699657362,70.57346407753302
sum_absolute,0.0001,0,fixed_mu,577000,1,3.3333333333333335e-07,0.00048126886618149456,70.57394697323238,70.5734657043662
sum_absolute,0.0001,0,fixed_mu,578000,1,3.3333333333333335e-07,0.00047962730897666006,70.57394695007022,70.57346732276125
sum_absolute,0.0001,0,fixed_mu,579000,1,3.3333333333333335e-07,0.00047799430902273343,70.57394692708549,70.57346893277646
sum_absolute,0.0001,0,fixed_mu,580000,1,3.3333333333333335e-07,0.00047636980686149855,70.57394690427645,70.57347053446959
sum_absolute,0.0001,0,fixed_mu,581000,1,3.3333333333333335e-07,0.00047475374367422774,70.57394688164155,70.57347212789787
sum_absolute,0.0001,0,fixed_mu,582000,1,3.3333333333333335e-07,0.0004731460610969407,70.57394685917916,70.57347371311806
sum_absolute,0.0001,0,fixed_mu,583000,1,3.3333333333333335e-07,0.000471546701163561,70.57394683688764,70.57347529018648
sum_absolute,0.0001,0,fixed_mu,584000,1,3.3333333333333335e-07,0.00046995560656171165,70.57394681476549,70.57347685915893
sum_absolute,0.0001,0,fixed_mu,585000,1,3.3333333333333335e-07,0.00046837272037691946,70.57394679281109,70.57347842009071
sum_absolute,0.0001,0,fixed_mu,586000,1,3.3333333333333335e-07,0.00046679798622051294,70.57394677102292,70.5734799730367
sum_absolute,0.0001,0,fixed_mu,587000,1,3.3333333333333335e-07,0.0004652313482296222,70.57394674939943,70.5734815180512
sum_absolute,0.0001,0,fixed_mu,588000,1,3.3333333333333335e-07,0.0004636727508398053,70.5739467279391,70.57348305518826
sum_absolute,0.0001,0,fixed_mu,589000,1,3.3333333333333335e-07,0.0004621221392682173,70.5739467066405,70.57348458450123
sum_absolute,0.0001,0,fixed_mu,590000,1,3.3333333333333335e-07,0.0004605794589025436,70.5739466855021,70.57348610604319
sum_absolute,0.0001,0,fixed_mu,591000,1,3.3333333333333335e-07,0.0004590446557415362,70.57394666452242,70.57348761986668
sum_absolute,0.0001,0,fixed_mu,592000,1,3.3333333333333335e-07,0.0004575176762244837,70.57394664370007,70.57348912602384
sum_absolute,0.0001,0,fixed_mu,593000,1,3.3333333333333335e-07,0.0004559984672596329,70.57394662303358,70.57349062456632
sum_absolute,0.0001,0,fixed_mu,594000,1,3.3333333333333335e-07,0.00045448697613892364,70.57394660252154,70.5734921155454
sum_absolute,0.0001,0,fixed_mu,595000,1,3.3333333333333335e-07,0.0004529831506800974,70.57394658216255,70.57349359901187
sum_absolute,0.0001,0,fixed_mu,596000,1,3.3333333333333335e-07,0.00045148693909879967,70.57394656195521,70.57349507501611
sum_absolute,0.0001,0,fixed_mu,597000,1,3.3333333333333335e-07,0.00044999829006542313,70.57394654189818,70.57349654360812
sum_absolute,0.0001,0,fixed_mu,598000,1,3.3333333333333335e-07,0.0004485171526908971,70.57394652199008,70.57349800483739
sum_absolute,0.0001,0,fixed_mu,599000,1,3.3333333333333335e-07,0.00044704347641300046,70.57394650222957,70.57349945875316
sum_absolute,0.0001,0,fixed_mu,600000,1,3.3333333333333335e-07,0.0004455772112521572,70.57394648261533,70.57350090540407
sum_absolute,0.0001,0,fixed_mu,601000,1,3.3333333333333335e-07,0.0004441183075840627,70.57394646314606,70.57350234483847
sum_absolute,0.0001,0,fixed_mu,602000,1,3.3333333333333335e-07,0.000442666716097051,70.57394644382039,70.57350377710429
sum_absolute,0.0001,0,fixed_mu,603000,1,3.3333333333333335e-07,0.0004412223880763122,70.57394642463711,70.57350520224904
sum_absolute,0.0001,0,fixed_mu,604000,1,3.3333333333333335e-07,0.00043978527503441,70.57394640559494,70.5735066203199
sum_absolute,0.0001,0,fixed_mu,605000,1,3.3333333333333335e-07,0.000438355329080764,70.57394638669257,70.57350803136349
sum_absolute,0.0001,0,fixed_mu,606000,1,3.3333333333333335e-07,0.0004369325025237458,70.5739463679288,70.57350943542627
sum_absolute,0.0001,0,fixed_mu,607000,1,3.3333333333333335e-07,0.0004355167481691069,70.57394634930237,70.5735108325542
sum_absolute,0.0001,0,fixed_mu,608000,1,3.3333333333333335e-07,0.0004341080192489244,70.57394633081208,70.57351222279283
sum_absolute,0.0001,0,fixed_mu,609000,1,3.3333333333333335e-07,0.0004327062692510708,70.57394631245671,70.57351360618746
sum_absolute,0.0001,0,fixed_mu,610000,1,3.3333333333333335e-07,0.00043131145217500944,70.57394629423507,70.5735149827829
sum_absolute,0.0001,0,fixed_mu,611000,1,3.3333333333333335e-07,0.00042992352237547493,70.57394627614599,70.57351635262361
sum_absolute,0.0001,0,fixed_mu,612000,1,3.3333333333333335e-07,0.00042854243451984075,70.57394625818827,70.57351771575375
sum_absolute,0.0001,0,fixed_mu,613000,1,3.3333333333333335e-07,0.00042716814371601686,70.57394624036075,70.57351907221704
sum_absolute,0.0001,0,fixed_mu,614000,1,3.3333333333333335e-07,0.00042580060534191944,70.57394622266233,70.57352042205699
sum_absolute,0.0001,0,fixed_mu,615000,1,3.3333333333333335e-07,0.0004244397753012663,70.57394620509183,70.57352176531653
sum_absolute,0.0001,0,fixed_mu,616000,1,3.3333333333333335e-07,0.0004230856097819924,70.57394618764815,70.57352310203837
sum_absolute,0.0001,0,fixed_mu,617000,1,3.3333333333333335e-07,0.00042173806519940626,70.57394617033017,70.57352443226497
sum_absolute,0.0001,0,fixed_mu,618000,1,3.3333333333333335e-07,0.00042039709855146157,70.57394615313679,70.57352575603824
sum_absolute,0.0001,0,fixed_mu,619000,1,3.3333333333333335e-07,0.00041906266699243133,70.57394613606694,70.57352707339994
sum_absolute,0.0001,0,fixed_mu,620000,1,3.3333333333333335e-07,0.0004177347281739685,70.57394611911953,70.57352838439135
sum_absolute,0.0001,0,fixed_mu,621000,1,3.3333333333333335e-07,0.0004164132399750997,70.57394610229349,70.57352968905352
sum_absolute,0.0001,0,fixed_mu,622000,1,3.3333333333333335e-07,0.0004150981606443338,70.57394608558774,70.57353098742709
sum_absolute,0.0001,0,fixed_mu,623000,1,3.3333333333333335e-07,0.0004137894488707161,70.57394606900128,70.57353227955241
sum_absolute,0.0001,0,fixed_mu,624000,1,3.3333333333333335e-07,0.00041248706348540054,70.57394605253306,70.57353356546957
sum_absolute,0.0001,0,fixed_mu,625000,1,3.3333333333333335e-07,0.0004111909638169209,70.57394603618206,70.57353484521825
sum_absolute,0.0001,0,fixed_mu,626000,1,3.3333333333333335e-07,0.0004099011094638172,70.57394601994727,70.57353611883781
sum_absolute,0.0001,0,fixed_mu,627000,1,3.3333333333333335e-07,0.00040861746032305746,70.57394600382767,70.57353738636735
sum_absolute,0.0001,0,fixed_mu,628000,1,3.3333333333333335e-07,0.00040733997664688104,70.57394598782227,70.57353864784562
sum_absolute,0.0001,0,fixed_mu,629000,1,3.3333333333333335e-07,0.00040606861898595525,70.5739459719301,70.57353990331112
sum_absolute,0.0001,0,fixed_mu,630000,1,3.3333333333333335e-07,0.0004048033482462188,70.57394595615023,70.57354115280198
sum_absolute,0.0001,0,fixed_mu,631000,1,3.3333333333333335e-07,0.00040354412556098396,70.5739459404816,70.57354239635603
sum_absolute,0.0001,0,fixed_mu,632000,1,3.3333333333333335e-07,0.0004022909124330454,70.57394592492332,70.57354363401089
sum_absolute,0.0001,0,fixed_mu,633000,1,3.3333333333333335e-07,0.00040104367073467984,70.57394590947445,70.57354486580371
sum_absolute,0.0001,0,fixed_mu,634000,1,3.3333333333333335e-07,0.0003998023625371161,70.57394589413404,70.5735460917715
sum_absolute,0.0001,0,fixed_mu,635000,1,3.3333333333333335e-07,0.0003985669501389566,70.57394587890116,70.57354731195102
sum_absolute,0.0001,0,fixed_mu,636000,1,3.3333333333333335e-07,0.00039733739637881627,70.5739458637749,70.57354852637852
sum_absolute,0.0001,0,fixed_mu,637000,1,3.3333333333333335e-07,0.00039611366420899685,70.57394584875436,70.57354973509015
sum_absolute,0.0001,0,fixed_mu,638000,1,3.3333333333333335e-07,0.00039489571685180636,70.57394583383865,70.5735509381218
sum_absolute,0.0001,0,fixed_mu,639000,1,3.3333333333333335e-07,0.0003936835179843001,70.57394581902687,70.57355213550889
sum_absolute,0.0001,0,fixed_mu,640000,1,3.3333333333333335e-07,0.0003924770314398529,70.57394580431816,70.57355332728672
sum_absolute,0.0001,0,fixed_mu,641000,1,3.3333333333333335e-07,0.00039127622136447826,70.57394578971162,70.57355451349025
sum_absolute,0.0001,0,fixed_mu,642000,1,3.3333333333333335e-07,0.00039008105214577427,70.5739457752064,70.57355569415425
sum_absolute,0.0001,0,fixed_mu,643000,1,3.3333333333333335e-07,0.0003888914885123995,70.57394576080165,70.57355686931314
sum_absolute,0.0001,0,fixed_mu,644000,1,3.3333333333333335e-07,0.000387707495448808,70.57394574649652,70.57355803900107
sum_absolute,0.0001,0,fixed_mu,645000,1,3.3333333333333335e-07,0.00038652903826630336,70.57394573229018,70.57355920325192
sum_absolute,0.0001,0,fixed_mu,646000,1,3.3333333333333335e-07,0.0003853560824040869,70.57394571818182,70.57356036209941
sum_absolute,0.0001,0,fixed_mu,647000,1,3.3333333333333335e-07,0.0003841885936850531,70.57394570417057,70.57356151557688
sum_absolute,0.0001,0,fixed_mu,648000,1,3.3333333333333335e-07,0.0003830265381736808,70.57394569025567,70.5735626637175
sum_absolute,0.0001,0,fixed_mu,649000,1,3.3333333333333335e-07,0.0003818698822044553,70.5739456764363,70.57356380655409
sum_absolute,0.0001,0,fixed_mu,650000,1,3.3333333333333335e-07,0.00038071859233923533,70.57394566271165,70.57356494411931
sum_absolute,0.0001,0,fixed_mu,651000,1,3.3333333333333335e-07,0.00037957263543830777,70.57394564908093,70.57356607644549
sum_absolute,0.0001,0,fixed_mu,652000,1,3.3333333333333335e-07,0.00037843197857512223,70.57394563554338,70.5735672035648
sum_absolute,0.0001,0,fixed_mu,653000,1,3.3333333333333335e-07,0.0003772965891073454,70.57394562209821,70.5735683255091
sum_absolute,0.0001,0,fixed_mu,654000,1,3.3333333333333335e-07,0.00037616643462001775,70.57394560874468,70.57356944231006
sum_absolute,0.0001,0,fixed_mu,655000,1,3.3333333333333335e-07,0.0003750414830392401,70.573945595482,70.57357055399896
sum_absolute,0.0001,0,fixed_mu,656000,1,3.3333333333333335e-07,0.0003739217024190111,70.57394558230945,70.57357166060703
sum_absolute,0.0001,0,fixed_mu,657000,1,3.3333333333333335e-07,0.0003728070610264922,70.57394556922625,70.57357276216523
sum_absolute,0.0001,0,fixed_mu,658000,1,3.3333333333333335e-07,0.00037169752759780295,70.57394555623172,70.57357385870412
sum_absolute,0.0001,0,fixed_mu,659000,1,3.3333333333333335e-07,0.0003705930708122196,70.57394554332508,70.57357495025427
sum_absolute,0.0001,0,fixed_mu,660000,1,3.3333333333333335e-07,0.0003694936597327114,70.57394553050561,70.57357603684588
sum_absolute,0.0001,0,fixed_mu,661000,1,3.3333333333333335e-07,0.0003683992637775191,70.57394551777261,70.57357711850884
sum_absolute,0.0001,0,fixed_mu,662000,1,3.3333333333333335e-07,0.0003673098524359375,70.57394550512541,70.57357819527297
sum_absolute,0.0001,0,fixed_mu,663000,1,3.3333333333333335e-07,0.0003662253953251593,70.57394549256324,70.57357926716791
sum_absolute,0.0001,0,fixed_mu,664000,1,3.3333333333333335e-07,0.0003651458626308113,70.57394548008543,70.5735803342228
sum_absolute,0.0001,0,fixed_mu,665000,1,3.3333333333333335e-07,0.00036407122448167684,70.57394546769132,70.57358139646684
sum_absolute,0.0001,0,fixed_mu,666000,1,3.3333333333333335e-07,0.0003630014512765456,70.5739454553802,70.57358245392892
sum_absolute,0.0001,0,fixed_mu,667000,1,3.3333333333333335e-07,0.0003619365137836894,70.57394544315142,70.57358350663763
sum_absolute,0.0001,0,fixed_mu,668000,1,3.3333333333333335e-07,0.0003608763827713801,70.57394543100429,70.57358455462152
sum_absolute,0.0001,0,fixed_mu,669000,1,3.3333333333333335e-07,0.00035982102943421523,70.57394541893812,70.57358559790869
sum_absolute,0.0001,0,fixed_mu,670000,1,3.3333333333333335e-07,0.0003587704250378465,70.57394540695233,70.5735866365273
sum_absolute,0.0001,0,fixed_mu,671000,1,3.3333333333333335e-07,0.00035772454121740793,70.57394539504621,70.57358767050499
sum_absolute,0.0001,0,fixed_mu,672000,1,3.3333333333333335e-07,0.00035668334956540093,70.57394538321915,70.57358869986959
sum_absolute,0.0001,0,fixed_mu,673000,1,3.3333333333333335e-07,0.00035564682214328514,70.57394537147049,70.57358972464834
sum_absolute,0.0001,0,fixed_mu,674000,1,3.3333333333333335e-07,0.0003546149310977853,70.57394535979961,70.57359074486851
sum_absolute,0.0001,0,fixed_mu,675000,1,3.3333333333333335e-07,0.000353587648788789,70.57394534820588,70.5735917605571
sum_absolute,0.0001,0,fixed_mu,676000,1,3.3333333333333335e-07,0.0003525649478461901,70.5739453366887,70.57359277174085
sum_absolute,0.0001,0,fixed_mu,677000,1,3.3333333333333335e-07,0.00035154680101356917,70.57394532524745,70.57359377844644
sum_absolute,0.0001,0,fixed_mu,678000,1,3.3333333333333335e-07,0.0003505331812334589,70.57394531388147,70.57359478070023
sum_absolute,0.0001,0,fixed_mu,679000,1,3.3333333333333335e-07,0.00034952406186050666,70.57394530259023,70.57359577852837
sum_absolute,0.0001,0,fixed_mu,680000,1,3.3333333333333335e-07,0.00034851941610725135,70.57394529137311,70.573596771957
sum_absolute,0.0001,0,fixed_mu,681000,1,3.3333333333333335e-07,0.00034751921761255744,70.57394528022951,70.5735977610119
sum_absolute,0.0001,0,fixed_mu,682000,1,3.3333333333333335e-07,0.000346523440157398,70.57394526915886,70.5735987457187
sum_absolute,0.0001,0,fixed_mu,683000,1,3.3333333333333335e-07,0.0003455320577074872,70.57394525816055,70.57359972610284
sum_absolute,0.0001,0,fixed_mu,684000,1,3.3333333333333335e-07,0.00034454504445591283,70.57394524723406,70.57360070218961
sum_absolute,0.0001,0,fixed_mu,685000,1,3.3333333333333335e-07,0.00034356237472366047,70.57394523637879,70.57360167400407
sum_absolute,0.0001,0,fixed_mu,686000,1,3.3333333333333335e-07,0.000342584023087511,70.57394522559416,70.57360264157107
sum_absolute,0.0001,0,fixed_mu,687000,1,3.3333333333333335e-07,0.0003416099641810888,70.57394521487963,70.57360360491545
sum_absolute,0.0001,0,fixed_mu,688000,1,3.3333333333333335e-07,0.0003406401729364461,70.57394520423463,70.5736045640617
sum_absolute,0.0001,0,fixed_mu,689000,1,3.3333333333333335e-07,0.0003396746245698523,70.57394519365866,70.57360551903409
sum_absolute,0.0001,0,fixed_mu,690000,1,3.3333333333333335e-07,0.0003387132942265225,70.57394518315112,70.5736064698569
sum_absolute,0.0001,0,fixed_mu,691000,1,3.3333333333333335e-07,0.00033775615744957577,70.57394517271153,70.57360741655408
sum_absolute,0.0001,0,fixed_mu,692000,1,3.3333333333333335e-07,0.00033680318982476365,70.57394516233929,70.57360835914946
sum_absolute,0.0001,0,fixed_mu,693000,1,3.3333333333333335e-07,0.0003358543670799463,70.5739451520339,70.57360929766682
sum_absolute,0.0001,0,fixed_mu,694000,1,3.3333333333333335e-07,0.00033490966534088784,70.57394514179488,70.57361023212954
sum_absolute,0.0001,0,fixed_mu,695000,1,3.3333333333333335e-07,0.00033396906071914145,70.57394513162166,70.57361116256094
sum_absolute,0.0001,0,fixed_mu,696000,1,3.3333333333333335e-07,0.0003330325295110015,70.57394512151374,70.57361208898423
sum_absolute,0.0001,0,fixed_mu,697000,1,3.3333333333333335e-07,0.0003321000482543468,70.57394511147061,70.57361301142235
sum_absolute,0.0001,0,fixed_mu,698000,1,3.3333333333333335e-07,0.00033117159358653225,70.57394510149176,70.57361392989817
sum_absolute,0.0001,0,fixed_mu,699000,1,3.3333333333333335e-07,0.0003302471424575515,70.57394509157673,70.57361484443427
sum_absolute,0.0001,0,fixed_mu,700000,1,3.3333333333333335e-07,0.0003293266716752896,70.57394508172497,70.5736157550533
sum_absolute,0.0001,0,fixed_mu,701000,1,3.3333333333333335e-07,0.0003284101585876442,70.57394507193604,70.57361666177745
sum_absolute,0.0001,0,fixed_mu,702000,1,3.3333333333333335e-07,0.0003274975804146152,70.5739450622094,70.57361756462899
sum_absolute,0.0001,0,fixed_mu,703000,1,3.3333333333333335e-07,0.0003265889147314738,70.57394505254462,70.57361846362988
sum_absolute,0.0001,0,fixed_mu,704000,1,3.3333333333333335e-07,0.00032568413914191296,70.57394504294119,70.57361935880205
sum_absolute,0.0001,0,fixed_mu,705000,1,3.3333333333333335e-07,0.0003247832314769994,70.57394503339866,70.57362025016718
sum_absolute,0.0001,0,fixed_mu,706000,1,3.3333333333333335e-07,0.0003238861696956974,70.57394502391652,70.57362113774683
sum_absolute,0.0001,0,fixed_mu,707000,1,3.3333333333333335e-07,0.00032299293202697754,70.57394501449437,70.57362202156234
sum_absolute,0.0001,0,fixed_mu,708000,1,3.3333333333333335e-07,0.0003221034965861236,70.57394500513169,70.5736229016351
sum_absolute,0.0001,0,fixed_mu,709000,1,3.3333333333333335e-07,0.00032121784195737746,70.57394499582807,70.57362377798611
sum_absolute,0.0001,0,fixed_mu,710000,1,3.3333333333333335e-07,0.00032033594662550513,70.57394498658303,70.5736246506364
sum_absolute,0.0001,0,fixed_mu,711000,1,3.3333333333333335e-07,0.0003194577894305439,70.57394497739614,70.57362551960671
sum_absolute,0.0001,0,fixed_mu,712000,1,3.3333333333333335e-07,0.00031858334922674203,70.57394496826694,70.57362638491772
sum_absolute,0.0001,0,fixed_mu,713000,1,3.3333333333333335e-07,0.00031771260502466703,70.57394495919499,70.57362724658996
sum_absolute,0.0001,0,fixed_mu,714000,1,3.3333333333333335e-07,0.00031684553603383847,70.57394495017985,70.57362810464382
sum_absolute,0.0001,0,fixed_mu,715000,1,3.3333333333333335e-07,0.0003159821215916736,70.57394494122111,70.57362895909952
sum_absolute,0.0001,0,fixed_mu,716000,1,3.3333333333333335e-07,0.00031512234123454164,70.57394493231834,70.5736298099771
sum_absolute,0.0001,0,fixed_mu,717000,1,3.3333333333333335e-07,0.0003142661744988118,70.5739449234711,70.5736306572966
sum_absolute,0.0001,0,fixed_mu,718000,1,3.3333333333333335e-07,0.00031341360120507034,70.57394491467899,70.57363150107778
sum_absolute,0.0001,0,fixed_mu,719000,1,3.3333333333333335e-07,0.00031256460125916874,70.57394490594156,70.5736323413403
sum_absolute,0.0001,0,fixed_mu,720000,1,3.3333333333333335e-07,0.00031171915468064526,70.57394489725843,70.57363317810375
sum_absolute,0.0001,0,fixed_mu,721000,1,3.3333333333333335e-07,0.0003108772416595684,70.57394488862917,70.57363401138751
sum_absolute,0.0001,0,fixed_mu,722000,1,3.3333333333333335e-07,0.0003100388425991696,70.57394488005339,70.57363484121079
sum_absolute,0.0001,0,fixed_mu,723000,1,3.3333333333333335e-07,0.0003092039378884692,70.57394487153067,70.57363566759278
sum_absolute,0.0001,0,fixed_mu,724000,1,3.3333333333333335e-07,0.0003083725081154398,70.57394486306065,70.57363649055253
sum_absolute,0.0001,0,fixed_mu,725000,1,3.3333333333333335e-07,0.0003075445340243732,70.57394485464286,70.57363731010884
sum_absolute,0.0001,0,fixed_mu,726000,1,3.3333333333333335e-07,0.0003067199965727241,70.57394484627699,70.57363812628041
sum_absolute,0.0001,0,fixed_mu,727000,1,3.3333333333333335e-07,0.000305898876632682,70.57394483796261,70.57363893908598
sum_absolute,0.0001,0,fixed_mu,728000,1,3.3333333333333335e-07,0.0003050811554032862,70.57394482969933,70.57363974854393
sum_absolute,0.0001,0,fixed_mu,729000,1,3.3333333333333335e-07,0.00030426681416884094,70.5739448214868,70.57364055467264
sum_absolute,0.0001,0,fixed_mu,730000,1,3.3333333333333335e-07,0.00030345583424207234,70.57394481332463,70.57364135749039
sum_absolute,0.0001,0,fixed_mu,731000,1,3.3333333333333335e-07,0.00030264819717729097,70.57394480521242,70.57364215701524
sum_absolute,0.0001,0,fixed_mu,732000,1,3.3333333333333335e-07,0.00030184388459986167,70.57394479714982,70.57364295326522
sum_absolute,0.0001,0,fixed_mu,733000,1,3.3333333333333335e-07,0.0003010428783198904,70.57394478913646,70.57364374625814
sum_absolute,0.0001,0,fixed_mu,734000,1,3.3333333333333335e-07,0.0003002451601901157,70.57394478117197,70.57364453601178
sum_absolute,0.0001,0,fixed_mu,735000,1,3.3333333333333335e-07,0.0002994507122906498,70.57394477325602,70.57364532254373
sum_absolute,0.0001,0,fixed_mu,736000,1,3.3333333333333335e-07,0.00029865951673002655,70.5739447653882,70.57364610587148
sum_absolute,0.0001,0,fixed_mu,737000,1,3.3333333333333335e-07,0.0002978715557162559,70.57394475756817,70.57364688601245
sum_absolute,0.0001,0,fixed_mu,738000,1,3.3333333333333335e-07,0.00029708681172735396,70.5739447497956,70.57364766298387
sum_absolute,0.0001,0,fixed_mu,739000,1,3.3333333333333335e-07,0.0002963052671987043,70.57394474207013,70.57364843680293
sum_absolute,0.0001,0,fixed_mu,740000,1,3.3333333333333335e-07,0.0002955269047930642,70.57394473439142,70.57364920748662
sum_absolute,0.0001,0,fixed_mu,741000,1,3.3333333333333335e-07,0.0002947517072300343,70.5739447267591,70.57364997505186
sum_absolute,0.0001,0,fixed_mu,742000,1,3.3333333333333335e-07,0.0002939796573713238,70.57394471917286,70.57365073951549
sum_absolute,0.0001,0,fixed_mu,743000,1,3.3333333333333335e-07,0.0002932107382207505,70.57394471163235,70.57365150089413
sum_absolute,0.0001,0,fixed_mu,744000,1,3.3333333333333335e-07,0.00029244493281055384,70.57394470413723,70.57365225920442
sum_absolute,0.0001,0,fixed_mu,745000,1,3.3333333333333335e-07,0.0002916822243292927,70.57394469668716,70.57365301446283
sum_absolute,0.0001,0,fixed_mu,746000,1,3.3333333333333335e-07,0.0002909225961928996,70.57394468928184,70.57365376668565
sum_absolute,0.0001,0,fixed_mu,747000,1,3.3333333333333335e-07,0.00029016603178888545,70.57394468192095,70.57365451588916
sum_absolute,0.0001,0,fixed_mu,748000,1,3.3333333333333335e-07,0.00028941251456160444,70.57394467460412,70.57365526208956
sum_absolute,0.0001,0,fixed_mu,749000,1,3.3333333333333335e-07,0.00028866202826804965,70.57394466733106,70.5736560053028
sum_absolute,0.0001,0,fixed_mu,750000,1,3.3333333333333335e-07,0.00028791455666521415,70.57394466010146,70.5736567455448
sum_absolute,0.0001,0,fixed_mu,751000,1,3.3333333333333335e-07,0.0002871700835953561,70.573944652915,70.57365748283141
sum_absolute,0.0001,0,fixed_mu,752000,1,3.3333333333333335e-07,0.00028642859300020973,70.57394464577133,70.57365821717833
sum_absolute,0.0001,0,fixed_mu,753000,1,3.3333333333333335e-07,0.000285690069034672,70.5739446386702,70.57365894860116
sum_absolute,0.0001,0,fixed_mu,754000,1,3.3333333333333335e-07,0.00028495449579679644,70.57394463161125,70.57365967711546
sum_absolute,0.0001,0,fixed_mu,755000,1,3.3333333333333335e-07,0.00028422185766885377,70.57394462459422,70.57366040273655
sum_absolute,0.0001,0,fixed_mu,756000,1,3.3333333333333335e-07,0.00028349213897627124,70.57394461761879,70.57366112547982
sum_absolute,0.0001,0,fixed_mu,757000,1,3.3333333333333335e-07,0.00028276532430027146,70.57394461068466,70.57366184536036
sum_absolute,0.0001,0,fixed_mu,758000,1,3.3333333333333335e-07,0.0002820413981794445,70.57394460379153,70.57366256239335
sum_absolute,0.0001,0,fixed_mu,759000,1,3.3333333333333335e-07,0.0002813203453229107,70.5739445969391,70.57366327659378
sum_absolute,0.0001,0,fixed_mu,760000,1,3.3333333333333335e-07,0.00028060215058189897,70.5739445901271,70.57366398797652
sum_absolute,0.0001,0,fixed_mu,761000,1,3.3333333333333335e-07,0.0002798867988360598,70.57394458335523,70.57366469655639
sum_absolute,0.0001,0,fixed_mu,762000,1,3.3333333333333335e-07,0.00027917427509294157,70.57394457662318,70.57366540234808
sum_absolute,0.0001,0,fixed_mu,763000,1,3.3333333333333335e-07,0.00027846456445956846,70.57394456993069,70.57366610536623
sum_absolute,0.0001,0,fixed_mu,764000,1,3.3333333333333335e-07,0.0002777576521566516,70.57394456327748,70.57366680562532
sum_absolute,0.0001,0,fixed_mu,765000,1,3.3333333333333335e-07,0.0002770535234617455,70.57394455666328,70.57366750313982
sum_absolute,0.0001,0,fixed_mu,766000,1,3.3333333333333335e-07,0.00027635216380872407,70.57394455008779,70.57366819792398
sum_absolute,0.0001,0,fixed_mu,767000,1,3.3333333333333335e-07,0.00027565355860303953,70.57394454355074,70.57366888999213
sum_absolute,0.0001,0,fixed_mu,768000,1,3.3333333333333335e-07,0.00027495769353436117,70.57394453705186,70.57366957935832
sum_absolute,0.0001,0,fixed_mu,769000,1,3.3333333333333335e-07,0.00027426455424972573,70.57394453059088,70.57367026603663
sum_absolute,0.0001,0,fixed_mu,770000,1,3.3333333333333335e-07,0.0002735741265382785,70.57394452416753,70.57367095004099
sum_absolute,0.0001,0,fixed_mu,771000,1,3.3333333333333335e-07,0.00027288639623179733,70.57394451778156,70.57367163138532
sum_absolute,0.0001,0,fixed_mu,772000,1,3.3333333333333335e-07,0.0002722013493468012,70.57394451143267,70.57367231008332
sum_absolute,0.0001,0,fixed_mu,773000,1,3.3333333333333335e-07,0.00027151897182875473,70.57394450512064,70.57367298614881
sum_absolute,0.0001,0,fixed_mu,774000,1,3.3333333333333335e-07,0.00027083924994997233,70.57394449884518,70.57367365959523
sum_absolute,0.0001,0,fixed_mu,775000,1,3.3333333333333335e-07,0.0002701621698690815,70.57394449260605,70.57367433043618
sum_absolute,0.0001,0,fixed_mu,776000,1,3.3333333333333335e-07,0.00026948771794366166,70.573944486403,70.57367499868505
sum_absolute,0.0001,0,fixed_mu,777000,1,3.3333333333333335e-07,0.0002688158805170815,70.57394448023575,70.57367566435524
sum_absolute,0.0001,0,fixed_mu,778000,1,3.3333333333333335e-07,0.0002681466441458724,70.57394447410405,70.5736763274599
sum_absolute,0.0001,0,fixed_mu,779000,1,3.3333333333333335e-07,0.0002674799954434093,70.5739444680077,70.57367698801225
sum_absolute,0.0001,0,fixed_mu,780000,1,3.3333333333333335e-07,0.0002668159210088561,70.57394446194638,70.57367764602537
sum_absolute,0.0001,0,fixed_mu,781000,1,3.3333333333333335e-07,0.00026615440762611797,70.57394445591993,70.5736783015123
sum_absolute,0.0001,0,fixed_mu,782000,1,3.3333333333333335e-07,0.0002654954421217326,70.57394444992804,70.57367895448591
sum_absolute,0.0001,0,fixed_mu,783000,1,3.3333333333333335e-07,0.0002648390114927679,70.57394444397049,70.573679604959
sum_absolute,0.0001,0,fixed_mu,784000,1,3.3333333333333335e-07,0.0002641851026510267,70.57394443804705,70.5736802529444
sum_absolute,0.0001,0,fixed_mu,785000,1,3.3333333333333335e-07,0.000263533702778318,70.57394443215748,70.5736808984547
sum_absolute,0.0001,0,fixed_mu,786000,1,3.3333333333333335e-07,0.0002628847989711858,70.57394442630152,70.57368154150255
sum_absolute,0.0001,0,fixed_mu,787000,1,3.3333333333333335e-07,0.0002622383785251259,70.57394442047897,70.57368218210044
sum_absolute,0.0001,0,fixed_mu,788000,1,3.3333333333333335e-07,0.0002615944288066885,70.5739444146896,70.5736828202608
sum_absolute,0.0001,0,fixed_mu,789000,1,3.3333333333333335e-07,0.0002609529371682129,70.57394440893316,70.57368345599599
sum_absolute,0.0001,0,fixed_mu,790000,1,3.3333333333333335e-07,0.00026031389116099035,70.57394440320942,70.57368408931826
sum_absolute,0.0001,0,fixed_mu,791000,1,3.3333333333333335e-07,0.00025967727836473387,70.57394439751818,70.57368472023981
sum_absolute,0.0001,0,fixed_mu,792000,1,3.3333333333333335e-07,0.00025904308644442153,70.57394439185919,70.57368534877274
sum_absolute,0.0001,0,fixed_mu,793000,1,3.3333333333333335e-07,0.0002584113030508206,70.57394438623224,70.57368597492919
sum_absolute,0.0001,0,fixed_mu,794000,1,3.3333333333333335e-07,0.00025778191607628287,70.57394438063712,70.57368659872104
sum_absolute,0.0001,0,fixed_mu,795000,1,3.3333333333333335e-07,0.00025715491342737096,70.5739443750736,70.57368722016017
sum_absolute,0.0001,0,fixed_mu,796000,1,3.3333333333333335e-07,0.00025653028302485836,70.57394436954144,70.57368783925841
sum_absolute,0.0001,0,fixed_mu,797000,1,3.3333333333333335e-07,0.000255908012945838,70.57394436404047,70.57368845602753
sum_absolute,0.0001,0,fixed_mu,798000,1,3.3333333333333335e-07,0.000255288091238981,70.57394435857046,70.57368907047922
sum_absolute,0.0001,0,fixed_mu,799000,1,3.3333333333333335e-07,0.0002546705061945431,70.5739443531312,70.573689682625
sum_absolute,0.0001,0,fixed_mu,800000,1,3.3333333333333335e-07,0.0002540552459748824,70.57394434772246,70.57369029247648
sum_absolute,0.0001,0,fixed_mu,801000,1,3.3333333333333335e-07,0.0002534422990549956,70.57394434234405,70.573690900045
sum_absolute,0.0001,0,fixed_mu,802000,1,3.3333333333333335e-07,0.00025283165373934935,70.57394433699577,70.57369150534203
sum_absolute,0.0001,0,fixed_mu,803000,1,3.3333333333333335e-07,0.000252223298545573,70.57394433167741,70.57369210837886
sum_absolute,0.0001,0,fixed_mu,804000,1,3.3333333333333335e-07,0.000251617221991296,70.57394432638876,70.57369270916676
sum_absolute,0.0001,0,fixed_mu,805000,1,3.3333333333333335e-07,0.00025101341279309963,70.57394432112963,70.57369330771684
sum_absolute,0.0001,0,fixed_mu,806000,1,3.3333333333333335e-07,0.000250411859596511,70.5739443158998,70.5736939040402
sum_absolute,0.0001,0,fixed_mu,807000,1,3.3333333333333335e-07,0.0002498125511181115,70.57394431069909,70.57369449814797
sum_absolute,0.0001,0,fixed_mu,808000,1,3.3333333333333335e-07,0.00024921547630185614,70.57394430552729,70.57369509005099
sum_absolute,0.0001,0,fixed_mu,809000,1,3.3333333333333335e-07,0.00024862062402064566,70.57394430038423,70.5736956797602
sum_absolute,0.0001,0,fixed_mu,810000,1,3.3333333333333335e-07,0.0002480279832468568,70.57394429526968,70.57369626728644
sum_absolute,0.0001,0,fixed_mu,811000,1,3.3333333333333335e-07,0.00024743754300970977,70.57394429018348,70.57369685264047
sum_absolute,0.0001,0,fixed_mu,812000,1,3.3333333333333335e-07,0.0002468492924236898,70.57394428512544,70.57369743583301
sum_absolute,0.0001,0,fixed_mu,813000,1,3.3333333333333335e-07,0.0002462632207311799,70.57394428009533,70.5736980168746
sum_absolute,0.0001,0,fixed_mu,814000,1,3.3333333333333335e-07,0.0002456793170608762,70.573944275093,70.57369859577594
sum_absolute,0.0001,0,fixed_mu,815000,1,3.3333333333333335e-07,0.0002450975708683245,70.57394427011826,70.57369917254739
sum_absolute,0.0001,0,fixed_mu,816000,1,3.3333333333333335e-07,0.00024451797148117294,70.57394426517095,70.57369974719947
sum_absolute,0.0001,0,fixed_mu,817000,1,3.3333333333333335e-07,0.000243940508283913,70.57394426025081,70.57370031974253
sum_absolute,0.0001,0,fixed_mu,818000,1,3.3333333333333335e-07,0.00024336517084577736,70.57394425535772,70.57370089018687
sum_absolute,0.0001,0,fixed_mu,819000,1,3.3333333333333335e-07,0.00024279194872178778,70.5739442504915,70.57370145854277
sum_absolute,0.0001,0,fixed_mu,820000,1,3.3333333333333335e-07,0.00024222083158065288,70.57394424565194,70.57370202482036
sum_absolute,0.0001,0,fixed_mu,821000,1,3.3333333333333335e-07,0.00024165180907687045,70.57394424083887,70.57370258902979
sum_absolute,0.0001,0,fixed_mu,822000,1,3.3333333333333335e-07,0.00024108487100704679,70.57394423605216,70.57370315118115
sum_absolute,0.0001,0,fixed_mu,823000,1,3.3333333333333335e-07,0.00024052000718199906,70.57394423129156,70.57370371128438
sum_absolute,0.0001,0,fixed_mu,824000,1,3.3333333333333335e-07,0.00023995720754044214,70.57394422655696,70.57370426934942
sum_absolute,0.0001,0,fixed_mu,825000,1,3.3333333333333335e-07,0.00023939646196424746,70.57394422184817,70.5737048253862
sum_absolute,0.0001,0,fixed_mu,826000,1,3.3333333333333335e-07,0.00023883776050581673,70.573944217165,70.5737053794045
sum_absolute,0.0001,0,fixed_mu,827000,1,3.3333333333333335e-07,0.0002382810932033408,70.57394421250729,70.57370593141408
sum_absolute,0.0001,0,fixed_mu,828000,1,3.3333333333333335e-07,0.00023772645019448646,70.57394420787486,70.57370648142467
sum_absolute,0.0001,0,fixed_mu,829000,1,3.3333333333333335e-07,0.00023717382175902912,70.5739442032676,70.57370702944584
sum_absolute,0.0001,0,fixed_mu,830000,1,3.3333333333333335e-07,0.00023662319806305732,70.57394419868527,70.5737075754872
sum_absolute,0.0001,0,fixed_mu,831000,1,3.3333333333333335e-07,0.0002360745693863464,70.57394419412776,70.57370811955838
sum_absolute,0.0001,0,fixed_mu,832000,1,3.3333333333333335e-07,0.00023552792615078033,70.57394418959485,70.5737086616687
sum_absolute,0.0001,0,fixed_mu,833000,1,3.3333333333333335e-07,0.00023498325883508642,70.57394418508645,70.57370920182761
sum_absolute,0.0001,0,fixed_mu,834000,1,3.3333333333333335e-07,0.00023444055780430517,70.57394418060237,70.57370974004456
sum_absolute,0.0001,0,fixed_mu,835000,1,3.3333333333333335e-07,0.0002338998137645376,70.57394417614245,70.57371027632868
sum_absolute,0.0001,0,fixed_mu,836000,1,3.3333333333333335e-07,0.00023336101713766766,70.57394417170651,70.57371081068938
sum_absolute,0.0001,0,fixed_mu,837000,1,3.3333333333333335e-07,0.0002328241586724289,70.57394416729441,70.57371134313574
sum_absolute,0.0001,0,fixed_mu,838000,1,3.3333333333333335e-07,0.00023228922907492233,70.573944162906,70.57371187367693
sum_absolute,0.0001,0,fixed_mu,839000,1,3.3333333333333335e-07,0.00023175621909388155,70.57394415854114,70.57371240232204
sum_absolute,0.0001,0,fixed_mu,840000,1,3.3333333333333335e-07,0.00023122511953488356,70.57394415419964,70.5737129290801
sum_absolute,0.0001,0,fixed_mu,841000,1,3.3333333333333335e-07,0.0002306959213456139,70.57394414988136,70.57371345396001
sum_absolute,0.0001,0,fixed_mu,842000,1,3.3333333333333335e-07,0.00023016861534586042,70.57394414558618,70.57371397697084
sum_absolute,0.0001,0,fixed_mu,843000,1,3.3333333333333335e-07,0.00022964319265383892,70.57394414131392,70.57371449812126
sum_absolute,0.0001,0,fixed_mu,844000,1,3.3333333333333335e-07,0.00022911964421723496,70.57394413706442,70.5737150174202
sum_absolute,0.0001,0,fixed_mu,845000,1,3.3333333333333335e-07,0.00022859796114005348,70.57394413283757,70.57371553487643
sum_absolute,0.0001,0,fixed_mu,846000,1,3.3333333333333335e-07,0.00022807813458314286,70.57394412863319,70.5737160504986
sum_absolute,0.0001,0,fixed_mu,847000,1,3.3333333333333335e-07,0.000227560155749984,70.57394412445116,70.57371656429541
sum_absolute,0.0001,0,fixed_mu,848000,1,3.3333333333333335e-07,0.00022704401587247958,70.57394412029132,70.57371707627544
sum_absolute,0.0001,0,fixed_mu,849000,1,3.3333333333333335e-07,0.0002265297062820082,70.57394411615354,70.57371758644726
sum_absolute,0.0001,0,fixed_mu,850000,1,3.3333333333333335e-07,0.00022601721828152677,70.57394411203767,70.57371809481938
sum_absolute,0.0001,0,fixed_mu,851000,1,3.3333333333333335e-07,0.00022550654335873332,70.57394410794356,70.5737186014002
sum_absolute,0.0001,0,fixed_mu,852000,1,3.3333333333333335e-07,0.00022499767285921735,70.5739441038711,70.57371910619824
sum_absolute,0.0001,0,fixed_mu,853000,1,3.3333333333333335e-07,0.00022449059835594198,70.57394409982011,70.57371960922175
sum_absolute,0.0001,0,fixed_mu,854000,1,3.3333333333333335e-07,0.00022398531140765954,70.5739440957905,70.57372011047909
sum_absolute,0.0001,0,fixed_mu,855000,1,3.3333333333333335e-07,0.00022348180361575487,70.57394409178208,70.57372060997847
sum_absolute,0.0001,0,fixed_mu,856000,1,3.3333333333333335e-07,0.0002229800665958237,70.57394408779476,70.57372110772816
sum_absolute,0.0001,0,fixed_mu,857000,1,3.3333333333333335e-07,0.00022248009209135944,70.5739440838284,70.5737216037363
sum_absolute,0.0001,0,fixed_mu,858000,1,3.3333333333333335e-07,0.00022198187183164464,70.57394407988284,70.573722098011
sum_absolute,0.0001,0,fixed_mu,859000,1,3.3333333333333335e-07,0.00022148539760280528,70.57394407595795,70.57372259056035
sum_absolute,0.0001,0,fixed_mu,860000,1,3.3333333333333335e-07,0.00022099066131886502,70.57394407205362,70.5737230813923
sum_absolute,0.0001,0,fixed_mu,861000,1,3.3333333333333335e-07,0.0002204976548085824,70.57394406816972,70.57372357051491
sum_absolute,0.0001,0,fixed_mu,862000,1,3.3333333333333335e-07,0.00022000637000019196,70.57394406430612,70.57372405793612
sum_absolute,0.0001,0,fixed_mu,863000,1,3.3333333333333335e-07,0.00021951679896403675,70.57394406046265,70.57372454366369
sum_absolute,0.0001,0,fixed_mu,864000,1,3.3333333333333335e-07,0.0002190289335999296,70.57394405663923,70.57372502770563
sum_absolute,0.0001,0,fixed_mu,865000,1,3.3333333333333335e-07,0.0002185427661771655,70.57394405283571,70.57372551006954
sum_absolute,0.0001,0,fixed_mu,866000,1,3.3333333333333335e-07,0.0002180582886950333,70.573944049052,70.57372599076331
sum_absolute,0.0001,0,fixed_mu,867000,1,3.3333333333333335e-07,0.00021757549335177373,70.57394404528793,70.57372646979458
sum_absolute,0.0001,0,fixed_mu,868000,1,3.3333333333333335e-07,0.000217094372302995,70.57394404154338,70.57372694717108
sum_absolute,0.0001,0,fixed_mu,869000,1,3.3333333333333335e-07,0.00021661491797431154,70.57394403781826,70.57372742290029
sum_absolute,0.0001,0,fixed_mu,870000,1,3.3333333333333335e-07,0.00021613712254975326,70.57394403411243,70.57372789698988
sum_absolute,0.0001,0,fixed_mu,871000,1,3.3333333333333335e-07,0.00021566097838388032,70.57394403042575,70.57372836944737
sum_absolute,0.0001,0,fixed_mu,872000,1,3.3333333333333335e-07,0.00021518647793072887,70.57394402675814,70.57372884028021
sum_absolute,0.0001,0,fixed_mu,873000,1,3.3333333333333335e-07,0.00021471361357328078,70.57394402310943,70.57372930949586
sum_absolute,0.0001,0,fixed_mu,874000,1,3.3333333333333335e-07,0.00021424237782241562,70.57394401947955,70.57372977710173
sum_absolute,0.0001,0,fixed_mu,875000,1,3.3333333333333335e-07,0.00021377276318901295,70.57394401586835,70.57373024310516
sum_absolute,0.0001,0,fixed_mu,876000,1,3.3333333333333335e-07,0.00021330476231185003,70.57394401227575,70.57373070751343
sum_absolute,0.0001,0,fixed_mu,877000,1,3.3333333333333335e-07,0.00021283836770180642,70.57394400870157,70.57373117033387
sum_absolute,0.0001,0,fixed_mu,878000,1,3.3333333333333335e-07,0.0002123735720545028,70.57394400514576,70.57373163157371
sum_absolute,0.0001,0,fixed_mu,879000,1,3.3333333333333335e-07,0.00021191036813661412,70.57394400160818,70.57373209124005
sum_absolute,0.0001,0,fixed_mu,880000,1,3.3333333333333335e-07,0.00021144874853007423,70.57394399808871,70.57373254934018
sum_absolute,0.0001,0,fixed_mu,881000,1,3.3333333333333335e-07,0.00021098870615787746,70.57394399458724,70.57373300588108
sum_absolute,0.0001,0,fixed_mu,882000,1,3.3333333333333335e-07,0.00021053023377248792,70.57394399110368,70.5737334608699
sum_absolute,0.0001,0,fixed_mu,883000,1,3.3333333333333335e-07,0.0002100733242542674,70.57394398763789,70.57373391431364
sum_absolute,0.0001,0,fixed_mu,884000,1,3.3333333333333335e-07,0.00020961797052621023,70.57394398418975,70.57373436621923
sum_absolute,0.0001,0,fixed_mu,885000,1,3.3333333333333335e-07,0.00020916416545446737,70.5739439807592,70.57373481659374
sum_absolute,0.0001,0,fixed_mu,886000,1,3.3333333333333335e-07,0.00020871190211835255,70.5739439773461,70.57373526544399
sum_absolute,0.0001,0,fixed_mu,887000,1,3.3333333333333335e-07,0.00020826117346928186,70.57394397395035,70.57373571277688
sum_absolute,0.0001,0,fixed_mu,888000,1,3.3333333333333335e-07,0.00020781197258656903,70.57394397057183,70.57373615859925
sum_absolute,0.0001,0,fixed_mu,889000,1,3.3333333333333335e-07,0.00020736429260637124,70.57394396721045,70.57373660291785
sum_absolute,0.0001,0,fixed_mu,890000,1,3.3333333333333335e-07,0.00020691812659379138,70.5739439638661,70.5737370457395
sum_absolute,0.0001,0,fixed_mu,891000,1,3.3333333333333335e-07,0.00020647346779867348,70.57394396053866,70.57373748707086
sum_absolute,0.0001,0,fixed_mu,892000,1,3.3333333333333335e-07,0.00020603030944243983,70.57394395722807,70.57373792691862
sum_absolute,0.0001,0,fixed_mu,893000,1,3.3333333333333335e-07,0.00020558864467545845,70.57394395393415,70.57373836528947
sum_absolute,0.0001,0,fixed_mu,894000,1,3.3333333333333335e-07,0.00020514846690389277,70.57394395065687,70.57373880218996
sum_absolute,0.0001,0,fixed_mu,895000,1,3.3333333333333335e-07,0.00020470976942021935,70.5739439473961,70.57373923762668
sum_absolute,0.0001,0,fixed_mu,896000,1,3.3333333333333335e-07,0.00020427254558796903,70.57394394415175,70.57373967160616
sum_absolute,0.0001,0,fixed_mu,897000,1,3.3333333333333335e-07,0.00020383678878488354,70.5739439409237,70.57374010413491
sum_absolute,0.0001,0,fixed_mu,898000,1,3.3333333333333335e-07,0.00020340249248818054,70.57394393771186,70.57374053521937
sum_absolute,0.0001,0,fixed_mu,899000,1,3.3333333333333335e-07,0.00020296965016086688,70.57394393451614,70.57374096486598
sum_absolute,0.0001,0,fixed_mu,900000,1,3.3333333333333335e-07,0.00020253825539384707,70.57394393133643,70.57374139308104
sum_absolute,0.0001,0,fixed_mu,901000,1,3.3333333333333335e-07,0.00020210830159328452,70.57394392817264,70.57374181987105
sum_absolute,0.0001,0,fixed_mu,902000,1,3.3333333333333335e-07,0.0002016797824353489,70.57394392502468,70.57374224524224
sum_absolute,0.0001,0,fixed_mu,903000,1,3.3333333333333335e-07,0.00020125269152515557,70.57394392189244,70.57374266920091
sum_absolute,0.0001,0,fixed_mu,904000,1,3.3333333333333335e-07,0.00020082702249624163,70.57394391877581,70.57374309175331
sum_absolute,0.0001,0,fixed_mu,905000,1,3.3333333333333335e-07,0.00020040276911004185,70.57394391567473,70.57374351290562
sum_absolute,0.0001,0,fixed_mu,906000,1,3.3333333333333335e-07,0.00019997992502851503,70.5739439125891,70.57374393266407
sum_absolute,0.0001,0,fixed_mu,907000,1,3.3333333333333335e-07,0.00019955848404151766,70.57394390951882,70.57374435103478
sum_absolute,0.0001,0,fixed_mu,908000,1,3.3333333333333335e-07,0.00019913843993890623,70.57394390646378,70.57374476802384
sum_absolute,0.0001,0,fixed_mu,909000,1,3.3333333333333335e-07,0.00019871978653895894,70.57394390342391,70.57374518363737
sum_absolute,0.0001,0,fixed_mu,910000,1,3.3333333333333335e-07,0.00019830251775942997,70.57394390039912,70.57374559788136
sum_absolute,0.0001,0,fixed_mu,911000,1,3.3333333333333335e-07,0.0001978866273617541,70.57394389738928,70.57374601076192
sum_absolute,0.0001,0,fixed_mu,912000,1,3.3333333333333335e-07,0.00019747210950527005,70.57394389439438,70.57374642228487
sum_absolute,0.0001,0,fixed_mu,913000,1,3.3333333333333335e-07,0.00019705895792299088,70.57394389141425,70.57374683245632
sum_absolute,0.0001,0,fixed_mu,914000,1,3.3333333333333335e-07,0.00019664716680267702,70.57394388844885,70.57374724128205
sum_absolute,0.0001,0,fixed_mu,915000,1,3.3333333333333335e-07,0.00019623673006208264,70.57394388549807,70.573747648768
sum_absolute,0.0001,0,fixed_mu,916000,1,3.3333333333333335e-07,0.00019582764176107048,70.57394388256182,70.57374805492006
sum_absolute,0.0001,0,fixed_mu,917000,1,3.3333333333333335e-07,0.00019541989608740096,70.57394387964003,70.57374845974394
sum_absolute,0.0001,0,fixed_mu,918000,1,3.3333333333333335e-07,0.00019501348705830424,70.5739438767326,70.57374886324554
sum_absolute,0.0001,0,fixed_mu,919000,1,3.3333333333333335e-07,0.00019460840891838416,70.57394387383945,70.57374926543054
sum_absolute,0.0001,0,fixed_mu,920000,1,3.3333333333333335e-07,0.00019420465582697943,70.5739438709605,70.57374966630468
sum_absolute,0.0001,0,fixed_mu,921000,1,3.3333333333333335e-07,0.00019380222207132647,70.57394386809568,70.57375006587361
sum_absolute,0.0001,0,fixed_mu,922000,1,3.3333333333333335e-07,0.00019340110178234227,70.57394386524486,70.57375046414307
sum_absolute,0.0001,0,fixed_mu,923000,1,3.3333333333333335e-07,0.00019300128933252836,70.57394386240797,70.57375086111864
sum_absolute,0.0001,0,fixed_mu,924000,1,3.3333333333333335e-07,0.0001926027789949103,70.57394385958496,70.57375125680596
sum_absolute,0.0001,0,fixed_mu,925000,1,3.3333333333333335e-07,0.00019220556518462217,70.57394385677573,70.57375165121054
sum_absolute,0.0001,0,fixed_mu,926000,1,3.3333333333333335e-07,0.00019180964225995467,70.5739438539802,70.57375204433794
sum_absolute,0.0001,0,fixed_mu,927000,1,3.3333333333333335e-07,0.00019141500462183103,70.57394385119827,70.57375243619364
sum_absolute,0.0001,0,fixed_mu,928000,1,3.3333333333333335e-07,0.00019102164665696364,70.57394384842988,70.57375282678322
sum_absolute,0.0001,0,fixed_mu,929000,1,3.3333333333333335e-07,0.0001906295629083843,70.57394384567493,70.57375321611202
sum_absolute,0.0001,0,fixed_mu,930000,1,3.3333333333333335e-07,0.00019023874789070305,70.5739438429334,70.57375360418551
sum_absolute,0.0001,0,fixed_mu,931000,1,3.3333333333333335e-07,0.0001898491960332649,70.57394384020512,70.57375399100908
sum_absolute,0.0001,0,fixed_mu,932000,1,3.3333333333333335e-07,0.00018946090200699928,70.5739438374901,70.5737543765881
sum_absolute,0.0001,0,fixed_mu,933000,1,3.3333333333333335e-07,0.000189073860354938,70.5739438347882,70.57375476092784
sum_absolute,0.0001,0,fixed_mu,934000,1,3.3333333333333335e-07,0.00018868806566274543,70.57394383209936,70.5737551440337
sum_absolute,0.0001,0,fixed_mu,935000,1,3.3333333333333335e-07,0.00018830351262977274,70.57394382942353,70.5737555259109
sum_absolute,0.0001,0,fixed_mu,936000,1,3.3333333333333335e-07,0.00018792019591273856,70.5739438267606,70.57375590656468
sum_absolute,0.0001,0,fixed_mu,937000,1,3.3333333333333335e-07,0.0001875381102109941,70.57394382411049,70.57375628600028
sum_absolute,0.0001,0,fixed_mu,938000,1,3.3333333333333335e-07,0.00018715725026652308,70.57394382147315,70.57375666422288
sum_absolute,0.0001,0,fixed_mu,939000,1,3.3333333333333335e-07,0.00018677761080709843,70.5739438188485,70.5737570412377
sum_absolute,0.0001,0,fixed_mu,940000,1,3.3333333333333335e-07,0.00018639918665996902,70.57394381623646,70.5737574170498
sum_absolute,0.0001,0,fixed_mu,941000,1,3.3333333333333335e-07,0.00018602197263817288,70.57394381363696,70.57375779166432
sum_absolute,0.0001,0,fixed_mu,942000,1,3.3333333333333335e-07,0.00018564596352632634,70.57394381104993,70.5737581650864
sum_absolute,0.0001,0,fixed_mu,943000,1,3.3333333333333335e-07,0.00018527115433641939,70.5739438084753,70.57375853732097
sum_absolute,0.0001,0,fixed_mu,944000,1,3.3333333333333335e-07,0.00018489753983885748,70.57394380591299,70.57375890837315
sum_absolute,0.0001,0,fixed_mu,945000,1,3.3333333333333335e-07,0.00018452511494615464,70.57394380336291,70.57375927824796
sum_absolute,0.0001,0,fixed_mu,946000,1,3.3333333333333335e-07,0.000184153874755566,70.57394380082503,70.57375964695028
sum_absolute,0.0001,0,fixed_mu,947000,1,3.3333333333333335e-07,0.00018378381409434041,70.57394379829924,70.57376001448515
sum_absolute,0.0001,0,fixed_mu,948000,1,3.3333333333333335e-07,0.0001834149280028896,70.57394379578551,70.57376038085751
sum_absolute,0.0001,0,fixed_mu,949000,1,3.3333333333333335e-07,0.00018304721159267956,70.57394379328375,70.57376074607215
sum_absolute,0.0001,0,fixed_mu,950000,1,3.3333333333333335e-07,0.00018268065984727855,70.57394379079386,70.57376111013401
sum_absolute,0.0001,0,fixed_mu,951000,1,3.3333333333333335e-07,0.00018231526784973084,70.57394378831583,70.57376147304798
sum_absolute,0.0001,0,fixed_mu,952000,1,3.3333333333333335e-07,0.000181951030754135,70.57394378584955,70.5737618348188
sum_absolute,0.0001,0,fixed_mu,953000,1,3.3333333333333335e-07,0.00018158794370037867,70.57394378339498,70.57376219545128
sum_absolute,0.0001,0,fixed_mu,954000,1,3.3333333333333335e-07,0.00018122600177150616,70.57394378095202,70.57376255495025
sum_absolute,0.0001,0,fixed_mu,955000,1,3.3333333333333335e-07,0.00018086520026372455,70.57394377852063,70.57376291332037
sum_absolute,0.0001,0,fixed_mu,956000,1,3.3333333333333335e-07,0.00018050553430271066,70.57394377610075,70.57376327056645
sum_absolute,0.0001,0,fixed_mu,957000,1,3.3333333333333335e-07,0.00018014699914203902,70.57394377369226,70.57376362669312
sum_absolute,0.0001,0,fixed_mu,958000,1,3.3333333333333335e-07,0.00017978959010633844,70.57394377129518,70.57376398170507
sum_absolute,0.0001,0,fixed_mu,959000,1,3.3333333333333335e-07,0.00017943330242076172,70.57394376890936,70.57376433560694
sum_absolute,0.0001,0,fixed_mu,960000,1,3.3333333333333335e-07,0.00017907813139572681,70.5739437665348,70.5737646884034
sum_absolute,0.0001,0,fixed_mu,961000,1,3.3333333333333335e-07,0.0001787240724269168,70.57394376417139,70.57376504009896
sum_absolute,0.0001,0,fixed_mu,962000,1,3.3333333333333335e-07,0.0001783711207963279,70.57394376181911,70.57376539069831
sum_absolute,0.0001,0,fixed_mu,963000,1,3.3333333333333335e-07,0.00017801927192806488,70.57394375947786,70.57376574020593
sum_absolute,0.0001,0,fixed_mu,964000,1,3.3333333333333335e-07,0.00017766852124623256,70.57394375714759,70.57376608862634
sum_absolute,0.0001,0,fixed_mu,965000,1,3.3333333333333335e-07,0.000177318864146514,70.57394375482824,70.57376643596409
sum_absolute,0.0001,0,fixed_mu,966000,1,3.3333333333333335e-07,0.00017697029613827908,70.57394375251974,70.5737667822236
sum_absolute,0.0001,0,fixed_mu,967000,1,3.3333333333333335e-07,0.00017662281265984348,70.57394375022204,70.57376712740938
sum_absolute,0.0001,0,fixed_mu,968000,1,3.3333333333333335e-07,0.00017627640923478793,70.57394374793506,70.57376747152583
sum_absolute,0.0001,0,fixed_mu,969000,1,3.3333333333333335e-07,0.0001759310813582715,70.57394374565877,70.57376781457741
sum_absolute,0.0001,0,fixed_mu,970000,1,3.3333333333333335e-07,0.00017558682459650754,70.57394374339307,70.57376815656848
sum_absolute,0.0001,0,fixed_mu,971000,1,3.3333333333333335e-07,0.00017524363458676362,70.57394374113797,70.57376849750338
sum_absolute,0.0001,0,fixed_mu,972000,1,3.3333333333333335e-07,0.00017490150680998795,70.5739437388933,70.5737688373865
sum_absolute,0.0001,0,fixed_mu,973000,1,3.3333333333333335e-07,0.00017456043701713497,70.57394373665912,70.5737691762221
sum_absolute,0.0001,0,fixed_mu,974000,1,3.3333333333333335e-07,0.00017422042070336374,70.57394373443528,70.57376951401457
sum_absolute,0.0001,0,fixed_mu,975000,1,3.3333333333333335e-07,0.0001738814536196287,70.57394373222176,70.57376985076814
sum_absolute,0.0001,0,fixed_mu,976000,1,3.3333333333333335e-07,0.00017354353144583,70.5739437300185,70.57377018648705
sum_absolute,0.0001,0,fixed_mu,977000,1,3.3333333333333335e-07,0.0001732066499045004,70.57394372782545,70.57377052117555
sum_absolute,0.0001,0,fixed_mu,978000,1,3.3333333333333335e-07,0.00017287080464711835,70.57394372564252,70.57377085483787
sum_absolute,0.0001,0,fixed_mu,979000,1,3.3333333333333335e-07,0.0001725359915099034,70.57394372346971,70.5737711874782
sum_absolute,0.0001,0,fixed_mu,980000,1,3.3333333333333335e-07,0.00017220220622959914,70.57394372130689,70.57377151910066
sum_absolute,0.0001,0,fixed_mu,981000,1,3.3333333333333335e-07,0.00017186944467084686,70.57394371915407,70.5737718497094
sum_absolute,0.0001,0,fixed_mu,982000,1,3.3333333333333335e-07,0.00017153770249933586,70.57394371701116,70.57377217930866
sum_absolute,0.0001,0,fixed_mu,983000,1,3.3333333333333335e-07,0.00017120697567918342,70.5739437148781,70.57377250790242
sum_absolute,0.0001,0,fixed_mu,984000,1,3.3333333333333335e-07,0.00017087726006081994,70.57394371275488,70.57377283549482
sum_absolute,0.0001,0,fixed_mu,985000,1,3.3333333333333335e-07,0.00017054855146625414,70.57394371064137,70.5737731620899
sum_absolute,0.0001,0,fixed_mu,986000,1,3.3333333333333335e-07,0.000170220845888025,70.57394370853761,70.57377348769172
sum_absolute,0.0001,0,fixed_mu,987000,1,3.3333333333333335e-07,0.00016989413910550866,70.57394370644346,70.57377381230435
sum_absolute,0.0001,0,fixed_mu,988000,1,3.3333333333333335e-07,0.00016956842719650922,70.57394370435892,70.57377413593173
sum_absolute,0.0001,0,fixed_mu,989000,1,3.3333333333333335e-07,0.00016924370606830053,70.5739437022839,70.57377445857783
sum_absolute,0.0001,0,fixed_mu,990000,1,3.3333333333333335e-07,0.0001689199716992107,70.57394370021836,70.57377478024667
sum_absolute,0.0001,0,fixed_mu,991000,1,3.3333333333333335e-07,0.0001685972201102004,70.57394369816228,70.57377510094217
sum_absolute,0.0001,0,fixed_mu,992000,1,3.3333333333333335e-07,0.00016827544733644118,70.57394369611555,70.57377542066821
sum_absolute,0.0001,0,fixed_mu,993000,1,3.3333333333333335e-07,0.0001679546493988937,70.57394369407817,70.57377573942877
sum_absolute,0.0001,0,fixed_mu,994000,1,3.3333333333333335e-07,0.00016763482233272953,70.57394369205005,70.57377605722772
sum_absolute,0.0001,0,fixed_mu,995000,1,3.3333333333333335e-07,0.00016731596230101786,70.57394369003117,70.57377637406887
sum_absolute,0.0001,0,fixed_mu,996000,1,3.3333333333333335e-07,0.00016699806536735196,70.57394368802144,70.57377668995608
sum_absolute,0.0001,0,fixed_mu,997000,1,3.3333333333333335e-07,0.00016668112763795762,70.57394368602085,70.57377700489322
sum_absolute,0.0001,0,fixed_mu,998000,1,3.3333333333333335e-07,0.00016636514529011492,70.57394368402935,70.57377731888405
sum_absolute,0.0001,0,fixed_mu,999000,1,3.3333333333333335e-07,0.00016605011447268225,70.57394368204686,70.57377763193239
sum_absolute,0.0001,0,fixed_mu,1000000,1,3.3333333333333335e-07,0.00016573603140557225,70.57394368007334,70.57377794404194
sum_absolute,0.0001,0,fixed_mu,1001000,1,3.3333333333333335e-07,0.000165422892166589,70.57394367810875,70.57377825521658
sum_absolute,0.0001,0,fixed_mu,1002000,1,3.3333333333333335e-07,0.00016511069311775373,70.57394367615305,70.57377856545993
sum_absolute,0.0001,0,fixed_mu,1003000,1,3.3333333333333335e-07,0.00016479943037950306,70.57394367420613,70.57377887477575
sum_absolute,0.0001,0,fixed_mu,1004000,1,3.3333333333333335e-07,0.00016448910031385822,70.57394367226803,70.57377918316772
sum_absolute,0.0001,0,fixed_mu,1005000,1,3.3333333333333335e-07,0.00016417969916915354,70.57394367033865,70.57377949063948
sum_absolute,0.0001,0,fixed_mu,1006000,1,3.3333333333333335e-07,0.0001638712232221451,70.57394366841797,70.57377979719475
sum_absolute,0.0001,0,fixed_mu,1007000,1,3.3333333333333335e-07,0.0001635636687637998,70.5739436665059,70.57378010283713
sum_absolute,0.0001,0,fixed_mu,1008000,1,3.3333333333333335e-07,0.0001632570321703497,70.57394366460244,70.57378040757027
sum_absolute,0.0001,0,fixed_mu,1009000,1,3.3333333333333335e-07,0.00016295130974697258,70.5739436627075,70.57378071139776
sum_absolute,0.0001,0,fixed_mu,1010000,1,3.3333333333333335e-07,0.00016264649791253305,70.57394366082109,70.57378101432317
sum_absolute,0.0001,0,fixed_mu,1011000,1,3.3333333333333335e-07,0.0001623425930290523,70.57394365894311,70.57378131635008
sum_absolute,0.0001,0,fixed_mu,1012000,1,3.3333333333333335e-07,0.00016203959150118408,70.57394365707353,70.57378161748203
sum_absolute,0.0001,0,fixed_mu,1013000,1,3.3333333333333335e-07,0.000161737489747793,70.5739436552123,70.57378191772256
sum_absolute,0.0001,0,fixed_mu,1014000,1,3.3333333333333335e-07,0.00016143628417353284,70.57394365335941,70.57378221707523
sum_absolute,0.0001,0,fixed_mu,1015000,1,3.3333333333333335e-07,0.00016113597131095503,70.57394365151477,70.57378251554346
sum_absolute,0.0001,0,fixed_mu,1016000,1,3.3333333333333335e-07,0.00016083654762155675,70.57394364967837,70.57378281313075
sum_absolute,0.0001,0,fixed_mu,1017000,1,3.3333333333333335e-07,0.00016053800950999175,70.57394364785011,70.5737831098406
sum_absolute,0.0001,0,fixed_mu,1018000,1,3.3333333333333335e-07,0.00016024035362249833,70.57394364603003,70.57378340567641
sum_absolute,0.0001,0,fixed_mu,1019000,1,3.3333333333333335e-07,0.00015994357632109768,70.57394364421799,70.57378370064167
sum_absolute,0.0001,0,fixed_mu,1020000,1,3.3333333333333335e-07,0.00015964767429466065,70.57394364241404,70.57378399473974
sum_absolute,0.0001,0,fixed_mu,1021000,1,3.3333333333333335e-07,0.00015935264406152783,70.5739436406181,70.57378428797404
sum_absolute,0.0001,0,fixed_mu,1022000,1,3.3333333333333335e-07,0.00015905848214003981,70.57394363883007,70.57378458034793
sum_absolute,0.0001,0,fixed_mu,1023000,1,3.3333333333333335e-07,0.00015876518523327832,70.57394363705001,70.57378487186477
sum_absolute,0.0001,0,fixed_mu,1024000,1,3.3333333333333335e-07,0.00015847274984537307,70.5739436352778,70.57378516252795
sum_absolute,0.0001,0,fixed_mu,1025000,1,3.3333333333333335e-07,0.0001581811727078275,70.57394363351344,70.57378545234073
sum_absolute,0.0001,0,fixed_mu,1026000,1,3.3333333333333335e-07,0.00015789045031056048,70.57394363175685,70.57378574130654
sum_absolute,0.0001,0,fixed_mu,1027000,1,3.3333333333333335e-07,0.00015760057949876227,70.57394363000803,70.57378602942853
sum_absolute,0.0001,0,fixed_mu,1028000,1,3.3333333333333335e-07,0.00015731155680498432,70.5739436282669,70.5737863167101
sum_absolute,0.0001,0,fixed_mu,1029000,1,3.3333333333333335e-07,0.00015702337898915175,70.57394362653343,70.57378660315445
sum_absolute,0.0001,0,fixed_mu,1030000,1,3.3333333333333335e-07,0.00015673604278276798,70.57394362480761,70.57378688876483
sum_absolute,0.0001,0,fixed_mu,1031000,1,3.3333333333333335e-07,0.00015644954484628215,70.57394362308938,70.57378717354453
sum_absolute,0.0001,0,fixed_mu,1032000,1,3.3333333333333335e-07,0.0001561638819396194,70.57394362137866,70.57378745749672
sum_absolute,0.0001,0,fixed_mu,1033000,1,3.3333333333333335e-07,0.00015587905087954823,70.57394361967548,70.5737877406246
sum_absolute,0.0001,0,fixed_mu,1034000,1,3.3333333333333335e-07,0.00015559504834072868,70.57394361797975,70.57378802293141
sum_absolute,0.0001,0,fixed_mu,1035000,1,3.3333333333333335e-07,0.000155311871168351,70.57394361629144,70.57378830442028
sum_absolute,0.0001,0,fixed_mu,1036000,1,3.3333333333333335e-07,0.00015502951619339456,70.57394361461053,70.57378858509433
sum_absolute,0.0001,0,fixed_mu,1037000,1,3.3333333333333335e-07,0.00015474798018999536,70.57394361293694,70.57378886495675
sum_absolute,0.0001,0,fixed_mu,1038000,1,3.3333333333333335e-07,0.0001544672600175545,70.57394361127069,70.57378914401068
sum_absolute,0.0001,0,fixed_mu,1039000,1,3.3333333333333335e-07,0.00015418735245020798,70.57394360961169,70.57378942225924
sum_absolute,0.0001,0,fixed_mu,1040000,1,3.3333333333333335e-07,0.00015390825447525458,70.57394360795993,70.57378969970546
sum_absolute,0.0001,0,fixed_mu,1041000,1,3.3333333333333335e-07,0.00015362996286683028,70.57394360631534,70.57378997635247
sum_absolute,0.0001,0,fixed_mu,1042000,1,3.3333333333333335e-07,0.0001533524746122339,70.57394360467795,70.57379025220334
sum_absolute,0.0001,0,fixed_mu,1043000,1,3.3333333333333335e-07,0.00015307578655665566,70.57394360304764,70.57379052726108
sum_absolute,0.0001,0,fixed_mu,1044000,1,3.3333333333333335e-07,0.00015279989564476182,70.57394360142442,70.57379080152877
sum_absolute,0.0001,0,fixed_mu,1045000,1,3.3333333333333335e-07,0.0001525247988212186,70.57394359980825,70.57379107500942
sum_absolute,0.0001,0,fixed_mu,1046000,1,3.3333333333333335e-07,0.00015225049303069227,70.57394359819907,70.57379134770603
sum_absolute,0.0001,0,fixed_mu,1047000,1,3.3333333333333335e-07,0.0001519769752604816,70.57394359659686,70.5737916196216
sum_absolute,0.0001,0,fixed_mu,1048000,1,3.3333333333333335e-07,0.00015170424245525282,70.5739435950016,70.57379189075914
sum_absolute,0.0001,0,fixed_mu,1049000,1,3.3333333333333335e-07,0.0001514322916875699,70.57394359341322,70.57379216112153
sum_absolute,0.0001,0,fixed_mu,1050000,1,3.3333333333333335e-07,0.00015116111990209902,70.5739435918317,70.5737924307118
sum_absolute,0.0001,0,fixed_mu,1051000,1,3.3333333333333335e-07,0.00015089072410034987,70.57394359025702,70.57379269953292
sum_absolute,0.0001,0,fixed_mu,1052000,1,3.3333333333333335e-07,0.00015062110139751894,70.57394358868909,70.57379296758769
sum_absolute,0.0001,0,fixed_mu,1053000,1,3.3333333333333335e-07,0.0001503522488235376,70.57394358712793,70.5737932348791
sum_absolute,0.0001,0,fixed_mu,1054000,1,3.3333333333333335e-07,0.00015008416337991548,70.57394358557349,70.57379350141011
sum_absolute,0.0001,0,fixed_mu,1055000,1,3.3333333333333335e-07,0.0001498168423097468,70.57394358402576,70.57379376718345
sum_absolute,0.0001,0,fixed_mu,1056000,1,3.3333333333333335e-07,0.00014955028255769776,70.57394358248462,70.57379403220206
sum_absolute,0.0001,0,fixed_mu,1057000,1,3.3333333333333335e-07,0.00014928448132423,70.57394358095013,70.5737942964688
sum_absolute,0.0001,0,fixed_mu,1058000,1,3.3333333333333335e-07,0.0001490194356392749,70.57394357942222,70.57379455998658
sum_absolute,0.0001,0,fixed_mu,1059000,1,3.3333333333333335e-07,0.00014875514270329404,70.57394357790082,70.57379482275812
sum_absolute,0.0001,0,fixed_mu,1060000,1,3.3333333333333335e-07,0.00014849159973095993,70.57394357638597,70.57379508478624
sum_absolute,0.0001,0,fixed_mu,1061000,1,3.3333333333333335e-07,0.00014822880376641479,70.57394357487757,70.57379534607381
sum_absolute,0.0001,0,fixed_mu,1062000,1,3.3333333333333335e-07,0.00014796675203854193,70.57394357337564,70.5737956066236
sum_absolute,0.0001,0,fixed_mu,1063000,1,3.3333333333333335e-07,0.0001477054417762247,70.57394357188011,70.57379586643833
sum_absolute,0.0001,0,fixed_mu,1064000,1,3.3333333333333335e-07,0.00014744487009465956,70.57394357039092,70.57379612552083
sum_absolute,0.0001,0,fixed_mu,1065000,1,3.3333333333333335e-07,0.00014718503429378416,70.57394356890812,70.57379638387383
sum_absolute,0.0001,0,fixed_mu,1066000,1,3.3333333333333335e-07,0.0001469259315740601,70.57394356743163,70.57379664150005
sum_absolute,0.0001,0,fixed_mu,1067000,1,3.3333333333333335e-07,0.00014666755915015983,70.57394356596137,70.57379689840222
sum_absolute,0.0001,0,fixed_mu,1068000,1,3.3333333333333335e-07,0.0001464099143504427,70.5739435644974,70.57379715458305
sum_absolute,0.0001,0,fixed_mu,1069000,1,3.3333333333333335e-07,0.00014615299438958118,70.57394356303962,70.57379741004523
sum_absolute,0.0001,0,fixed_mu,1070000,1,3.3333333333333335e-07,0.00014589679659593457,70.57394356158804,70.57379766479144
sum_absolute,0.0001,0,fixed_mu,1071000,1,3.3333333333333335e-07,0.0001456413181699645,70.5739435601426,70.57379791882443
sum_absolute,0.0001,0,fixed_mu,1072000,1,3.3333333333333335e-07,0.00014538655658213884,70.57394355870329,70.57379817214671
sum_absolute,0.0001,0,fixed_mu,1073000,1,3.3333333333333335e-07,0.00014513250897607577,70.57394355727004,70.57379842476107
sum_absolute,0.0001,0,fixed_mu,1074000,1,3.3333333333333335e-07,0.0001448791727511889,70.57394355584285,70.5737986766701
sum_absolute,0.0001,0,fixed_mu,1075000,1,3.3333333333333335e-07,0.00014462654532110264,70.5739435544217,70.57379892787638
sum_absolute,0.0001,0,fixed_mu,1076000,1,3.3333333333333335e-07,0.00014437462395733291,70.57394355300654,70.57379917838259
sum_absolute,0.0001,0,fixed_mu,1077000,1,3.3333333333333335e-07,0.00014412340604508245,70.57394355159735,70.57379942819131
sum_absolute,0.0001,0,fixed_mu,1078000,1,3.3333333333333335e-07,0.0001438728890263974,70.57394355019409,70.57379967730506
sum_absolute,0.0001,0,fixed_mu,1079000,1,3.3333333333333335e-07,0.00014362307020121534,70.57394354879672,70.57379992572652
sum_absolute,0.0001,0,fixed_mu,1080000,1,3.3333333333333335e-07,0.00014337394708263673,70.57394354740522,70.57380017345814
sum_absolute,0.0001,0,fixed_mu,1081000,1,3.3333333333333335e-07,0.00014312551698481002,70.57394354601958,70.5738004205026
sum_absolute,0.0001,0,fixed_mu,1082000,1,3.3333333333333335e-07,0.00014287777740662477,70.57394354463975,70.57380066686234
sum_absolute,0.0001,0,fixed_mu,1083000,1,3.3333333333333335e-07,0.000142630725804338,70.5739435432657,70.5738009125399
sum_absolute,0.0001,0,fixed_mu,1084000,1,3.3333333333333335e-07,0.00014238435952051987,70.57394354189739,70.57380115753787
sum_absolute,0.0001,0,fixed_mu,1085000,1,3.3333333333333335e-07,0.00014213867615353593,70.57394354053483,70.57380140185867
sum_absolute,0.0001,0,fixed_mu,1086000,1,3.3333333333333335e-07,0.00014189367311701062,70.57394353917795,70.57380164550483
sum_absolute,0.0001,0,fixed_mu,1087000,1,3.3333333333333335e-07,0.00014164934789562267,70.57394353782672,70.57380188847883
sum_absolute,0.0001,0,fixed_mu,1088000,1,3.3333333333333335e-07,0.00014140569804510505,70.57394353648115,70.57380213078311
sum_absolute,0.0001,0,fixed_mu,1089000,1,3.3333333333333335e-07,0.0001411627210217148,70.57394353514118,70.57380237242016
sum_absolute,0.0001,0,fixed_mu,1090000,1,3.3333333333333335e-07,0.00014092041435276315,70.57394353380681,70.57380261339246
sum_absolute,0.0001,0,fixed_mu,1091000,1,3.3333333333333335e-07,0.00014067877559398312,70.57394353247797,70.57380285370238
sum_absolute,0.0001,0,fixed_mu,1092000,1,3.3333333333333335e-07,0.00014043780228689684,70.57394353115467,70.57380309335238
sum_absolute,0.0001,0,fixed_mu,1093000,1,3.3333333333333335e-07,0.000140197492015659,70.57394352983687,70.57380333234485
sum_absolute,0.0001,0,fixed_mu,1094000,1,3.3333333333333335e-07,0.00013995784229337005,70.57394352852452,70.57380357068223
sum_absolute,0.0001,0,fixed_mu,1095000,1,3.3333333333333335e-07,0.00013971885074681722,70.57394352721764,70.57380380836689
sum_absolute,0.0001,0,fixed_mu,1096000,1,3.3333333333333335e-07,0.00013948051491752267,70.57394352591615,70.57380404540123
sum_absolute,0.0001,0,fixed_mu,1097000,1,3.3333333333333335e-07,0.0001392428324749062,70.57394352462003,70.57380428178756
sum_absolute,0.0001,0,fixed_mu,1098000,1,3.3333333333333335e-07,0.00013900580093206827,70.5739435233293,70.57380451752837
sum_absolute,0.0001,0,fixed_mu,1099000,1,3.3333333333333335e-07,0.0001387694180436938,70.57394352204392,70.57380475262588
sum_absolute,0.0001,0,fixed_mu,1100000,1,3.3333333333333335e-07,0.00013853368137972666,70.5739435207638,70.57380498708243
sum_absolute,0.0001,0,fixed_mu,1101000,1,3.3333333333333335e-07,0.00013829858858116495,70.573943519489,70.57380522090043
sum_absolute,0.0001,0,fixed_mu,1102000,1,3.3333333333333335e-07,0.00013806413727479594,70.57394351821944,70.57380545408216
sum_absolute,0.0001,0,fixed_mu,1103000,1,3.3333333333333335e-07,0.00013783032517267202,70.5739435169551,70.57380568662992
sum_absolute,0.0001,0,fixed_mu,1104000,1,3.3333333333333335e-07,0.00013759714995842387,70.57394351569597,70.57380591854601
sum_absolute,0.0001,0,fixed_mu,1105000,1,3.3333333333333335e-07,0.00013736460931568217,70.57394351444202,70.5738061498327
sum_absolute,0.0001,0,fixed_mu,1106000,1,3.3333333333333335e-07,0.0001371327009280776,70.5739435131932,70.57380638049227
sum_absolute,0.0001,0,fixed_mu,1107000,1,3.3333333333333335e-07,0.00013690142250766257,70.57394351194954,70.57380661052703
sum_absolute,0.0001,0,fixed_mu,1108000,1,3.3333333333333335e-07,0.0001366707717238569,70.57394351071093,70.57380683993921
sum_absolute,0.0001,0,fixed_mu,1109000,1,3.3333333333333335e-07,0.00013644074641661064,70.57394350947743,70.57380706873101
sum_absolute,0.0001,0,fixed_mu,1110000,1,3.3333333333333335e-07,0.00013621134425534365,70.57394350824896,70.5738072969047
sum_absolute,0.0001,0,fixed_mu,1111000,1,3.3333333333333335e-07,0.0001359825630515843,70.57394350702553,70.57380752446248
sum_absolute,0.0001,0,fixed_mu,1112000,1,3.3333333333333335e-07,0.00013575440041790898,70.57394350580708,70.57380775140666
sum_absolute,0.0001,0,fixed_mu,1113000,1,3.3333333333333335e-07,0.00013552685427953293,70.57394350459361,70.57380797773934
sum_absolute,0.0001,0,fixed_mu,1114000,1,3.3333333333333335e-07,0.00013529992236271937,70.57394350338511,70.57380820346275
sum_absolute,0.0001,0,fixed_mu,1115000,1,3.3333333333333335e-07,0.00013507360243636413,70.5739435021815,70.57380842857907
sum_absolute,0.0001,0,fixed_mu,1116000,1,3.3333333333333335e-07,0.00013484789235462813,70.57394350098282,70.57380865309047
sum_absolute,0.0001,0,fixed_mu,1117000,1,3.3333333333333335e-07,0.00013462278987219634,70.573943499789,70.57380887699912
sum_absolute,0.0001,0,fixed_mu,1118000,1,3.3333333333333335e-07,0.00013439829280059712,70.57394349860002,70.57380910030722
sum_absolute,0.0001,0,fixed_mu,1119000,1,3.3333333333333335e-07,0.00013417439905083484,70.5739434974159,70.57380932301685
sum_absolute,0.0001,0,fixed_mu,1120000,1,3.3333333333333335e-07,0.00013395110640601615,70.57394349623657,70.57380954513016
sum_absolute,0.0001,0,fixed_mu,1121000,1,3.3333333333333335e-07,0.0001337284127487237,70.57394349506203,70.57380976664928
sum_absolute,0.0001,0,fixed_mu,1122000,1,3.3333333333333335e-07,0.00013350631583364247,70.57394349389222,70.57380998757638
sum_absolute,0.0001,0,fixed_mu,1123000,1,3.3333333333333335e-07,0.00013328481367125278,70.57394349272715,70.57381020791348
sum_absolute,0.0001,0,fixed_mu,1124000,1,3.3333333333333335e-07,0.00013306390404466129,70.57394349156681,70.57381042766276
sum_absolute,0.0001,0,fixed_mu,1125000,1,3.3333333333333335e-07,0.00013284358493592663,70.57394349041115,70.57381064682622
sum_absolute,0.0001,0,fixed_mu,1126000,1,3.3333333333333335e-07,0.00013262385412815547,70.57394348926015,70.57381086540602
sum_absolute,0.0001,0,fixed_mu,1127000,1,3.3333333333333335e-07,0.00013240470957498474,70.57394348811378,70.57381108340421
sum_absolute,0.0001,0,fixed_mu,1128000,1,3.3333333333333335e-07,0.00013218614918741878,70.57394348697204,70.57381130082285
sum_absolute,0.0001,0,fixed_mu,1129000,1,3.3333333333333335e-07,0.00013196817091909452,70.5739434858349,70.57381151766398
sum_absolute,0.0001,0,fixed_mu,1130000,1,3.3333333333333335e-07,0.00013175077269522717,70.57394348470234,70.57381173392965
sum_absolute,0.0001,0,fixed_mu,1131000,1,3.3333333333333335e-07,0.0001315339524268211,70.57394348357433,70.5738119496219
sum_absolute,0.0001,0,fixed_mu,1132000,1,3.3333333333333335e-07,0.0001313177080959349,70.57394348245084,70.57381216474275
sum_absolute,0.0001,0,fixed_mu,1133000,1,3.3333333333333335e-07,0.00013110203768462725,70.57394348133188,70.5738123792942
sum_absolute,0.0001,0,fixed_mu,1134000,1,3.3333333333333335e-07,0.00013088693904705906,70.57394348021738,70.57381259327833
sum_absolute,0.0001,0,fixed_mu,1135000,1,3.3333333333333335e-07,0.00013067241033581922,70.57394347910736,70.57381280669702
sum_absolute,0.0001,0,fixed_mu,1136000,1,3.3333333333333335e-07,0.00013045844939085782,70.57394347800175,70.57381301955236
sum_absolute,0.0001,0,fixed_mu,1137000,1,3.3333333333333335e-07,0.00013024505430792033,70.5739434769006,70.57381323184629
sum_absolute,0.0001,0,fixed_mu,1138000,1,3.3333333333333335e-07,0.00013003222304064366,70.57394347580382,70.57381344358078
sum_absolute,0.0001,0,fixed_mu,1139000,1,3.3333333333333335e-07,0.00012981995362792986,70.57394347471143,70.5738136547578
sum_absolute,0.0001,0,fixed_mu,1140000,1,3.3333333333333335e-07,0.00012960824409447014,70.5739434736234,70.57381386537931
sum_absolute,0.0001,0,fixed_mu,1141000,1,3.3333333333333335e-07,0.00012939709243653397,70.57394347253972,70.57381407544729
sum_absolute,0.0001,0,fixed_mu,1142000,1,3.3333333333333335e-07,0.00012918649673565596,70.57394347146032,70.57381428496359
sum_absolute,0.0001,0,fixed_mu,1143000,1,3.3333333333333335e-07,0.00012897645501652732,70.57394347038525,70.57381449393023
sum_absolute,0.0001,0,fixed_mu,1144000,1,3.3333333333333335e-07,0.00012876696541752608,70.57394346931443,70.57381470234901
sum_absolute,0.0001,0,fixed_mu,1145000,1,3.3333333333333335e-07,0.00012855802586386744,70.57394346824788,70.57381491022201
sum_absolute,0.0001,0,fixed_mu,1146000,1,3.3333333333333335e-07,0.0001283496345081403,70.57394346718554,70.57381511755104
sum_absolute,0.0001,0,fixed_mu,1147000,1,3.3333333333333335e-07,0.00012814178943187926,70.57394346612743,70.573815324338
sum_absolute,0.0001,0,fixed_mu,1148000,1,3.3333333333333335e-07,0.00012793448871661894,70.57394346507351,70.5738155305848
sum_absolute,0.0001,0,fixed_mu,1149000,1,3.3333333333333335e-07,0.00012772773050073738,70.57394346402376,70.57381573629326
sum_absolute,0.0001,0,fixed_mu,1150000,1,3.3333333333333335e-07,0.00012752151282313662,70.57394346297816,70.57381594146534
sum_absolute,0.0001,0,fixed_mu,1151000,1,3.3333333333333335e-07,0.0001273158338790381,70.5739434619367,70.57381614610281
sum_absolute,0.0001,0,fixed_mu,1152000,1,3.3333333333333335e-07,0.00012711069169313305,70.57394346089933,70.57381635020764
sum_absolute,0.0001,0,fixed_mu,1153000,1,3.3333333333333335e-07,0.0001269060845174863,70.57394345986606,70.57381655378154
sum_absolute,0.0001,0,fixed_mu,1154000,1,3.3333333333333335e-07,0.00012670201039099993,70.57394345883688,70.57381675682649
sum_absolute,0.0001,0,fixed_mu,1155000,1,3.3333333333333335e-07,0.00012649846755152794,70.57394345781174,70.57381695934419
sum_absolute,0.0001,0,fixed_mu,1156000,1,3.3333333333333335e-07,0.00012629545406639409,70.57394345679064,70.57381716133658
sum_absolute,0.0001,0,fixed_mu,1157000,1,3.3333333333333335e-07,0.00012609296813081983,70.57394345577354,70.57381736280541
sum_absolute,0.0001,0,fixed_mu,1158000,1,3.3333333333333335e-07,0.00012589100795423747,70.57394345476045,70.5738175637525
sum_absolute,0.0001,0,fixed_mu,1159000,1,3.3333333333333335e-07,0.00012568957170344675,70.57394345375133,70.57381776417962
sum_absolute,0.0001,0,fixed_mu,1160000,1,3.3333333333333335e-07,0.0001254886575452474,70.57394345274616,70.57381796408862
sum_absolute,0.0001,0,fixed_mu,1161000,1,3.3333333333333335e-07,0.0001252882637032826,70.57394345174495,70.57381816348125
sum_absolute,0.0001,0,fixed_mu,1162000,1,3.3333333333333335e-07,0.0001250883883443521,70.57394345074766,70.57381836235932
sum_absolute,0.0001,0,fixed_mu,1163000,1,3.3333333333333335e-07,0.0001248890297347316,70.57394344975425,70.57381856072452
sum_absolute,0.0001,0,fixed_mu,1164000,1,3.3333333333333335e-07,0.00012469018601279913,70.57394344876472,70.57381875857871
sum_absolute,0.0001,0,fixed_mu,1165000,1,3.3333333333333335e-07,0.00012449185550167385,70.57394344777907,70.57381895592357
sum_absolute,0.0001,0,fixed_mu,1166000,1,3.3333333333333335e-07,0.0001242940363681555,70.57394344679727,70.5738191527609
sum_absolute,0.0001,0,fixed_mu,1167000,1,3.3333333333333335e-07,0.00012409672692115237,70.57394344581931,70.57381934909239
sum_absolute,0.0001,0,fixed_mu,1168000,1,3.3333333333333335e-07,0.00012389992529904248,70.57394344484514,70.57381954491984
sum_absolute,0.0001,0,fixed_mu,1169000,1,3.3333333333333335e-07,0.00012370362989599926,70.57394344387475,70.57381974024486
sum_absolute,0.0001,0,fixed_mu,1170000,1,3.3333333333333335e-07,0.00012350783885040073,70.57394344290816,70.57381993506931
sum_absolute,0.0001,0,fixed_mu,1171000,1,3.3333333333333335e-07,0.0001233125505279986,70.57394344194532,70.57382012939479
sum_absolute,0.0001,0,fixed_mu,1172000,1,3.3333333333333335e-07,0.0001231177631666469,70.5739434409862,70.57382032322303
sum_absolute,0.0001,0,fixed_mu,1173000,1,3.3333333333333335e-07,0.00012292347507525392,70.57394344003082,70.57382051655574
sum_absolute,0.0001,0,fixed_mu,1174000,1,3.3333333333333335e-07,0.0001227296845058845,70.57394343907913,70.57382070939462
sum_absolute,0.0001,0,fixed_mu,1175000,1,3.3333333333333335e-07,0.00012253638981007953,70.57394343813114,70.57382090174133
sum_absolute,0.0001,0,fixed_mu,1176000,1,3.3333333333333335e-07,0.00012234358931095812,70.57394343718681,70.5738210935975
sum_absolute,0.0001,0,fixed_mu,1177000,1,3.3333333333333335e-07,0.00012215128123216346,70.57394343624614,70.57382128496491
sum_absolute,0.0001,0,fixed_mu,1178000,1,3.3333333333333335e-07,0.0001219594640105015,70.5739434353091,70.5738214758451
sum_absolute,0.0001,0,fixed_mu,1179000,1,3.3333333333333335e-07,0.00012176813588382629,70.57394343437568,70.5738216662398
sum_absolute,0.0001,0,fixed_mu,1180000,1,3.3333333333333335e-07,0.00012157729530315464,70.57394343344586,70.57382185615056
sum_absolute,0.0001,0,fixed_mu,1181000,1,3.3333333333333335e-07,0.0001213869404352863,70.57394343251961,70.57382204557918
sum_absolute,0.0001,0,fixed_mu,1182000,1,3.3333333333333335e-07,0.00012119706981650324,70.57394343159696,70.57382223452714
sum_absolute,0.0001,0,fixed_mu,1183000,1,3.3333333333333335e-07,0.00012100768167044862,70.57394343067783,70.57382242299616
sum_absolute,0.0001,0,fixed_mu,1184000,1,3.3333333333333335e-07,0.00012081877441971756,70.57394342976224,70.57382261098782
sum_absolute,0.0001,0,fixed_mu,1185000,1,3.3333333333333335e-07,0.00012063034651532689,70.57394342885017,70.57382279850366
sum_absolute,0.0001,0,fixed_mu,1186000,1,3.3333333333333335e-07,0.00012044239616670893,70.57394342794161,70.57382298554545
sum_absolute,0.0001,0,fixed_mu,1187000,1,3.3333333333333335e-07,0.00012025492191014564,70.57394342703654,70.57382317211463
sum_absolute,0.0001,0,fixed_mu,1188000,1,3.3333333333333335e-07,0.00012006792201191274,70.57394342613492,70.5738233582129
sum_absolute,0.0001,0,fixed_mu,1189000,1,3.3333333333333335e-07,0.00011988139495144878,70.57394342523675,70.5738235438418
sum_absolute,0.0001,0,fixed_mu,1190000,1,3.3333333333333335e-07,0.0001196953391797706,70.57394342434203,70.57382372900285
sum_absolute,0.0001,0,fixed_mu,1191000,1,3.3333333333333335e-07,0.0001195097530626299,70.57394342345074,70.57382391369768
sum_absolute,0.0001,0,fixed_mu,1192000,1,3.3333333333333335e-07,0.00011932463497998924,70.57394342256285,70.57382409792787
sum_absolute,0.0001,0,fixed_mu,1193000,1,3.3333333333333335e-07,0.00011913998335444376,70.57394342167831,70.57382428169495
sum_absolute,0.0001,0,fixed_mu,1194000,1,3.3333333333333335e-07,0.00011895579670806455,70.57394342079718,70.57382446500047
sum_absolute,0.0001,0,fixed_mu,1195000,1,3.3333333333333335e-07,0.0001187720734208142,70.5739434199194,70.57382464784598
sum_absolute,0.0001,0,fixed_mu,1196000,1,3.3333333333333335e-07,0.00011858881194370952,70.57394341904498,70.57382483023304
sum_absolute,0.0001,0,fixed_mu,1197000,1,3.3333333333333335e-07,0.00011840601072776735,70.57394341817387,70.57382501216314
sum_absolute,0.0001,0,fixed_mu,1198000,1,3.3333333333333335e-07,0.00011822366825242625,70.57394341730607,70.57382519363782
sum_absolute,0.0001,0,fixed_mu,1199000,1,3.3333333333333335e-07,0.00011804178294028134,70.57394341644157,70.57382537465863
sum_absolute,0.0001,0,fixed_mu,1200000,1,3.3333333333333335e-07,0.00011786035331340372,70.57394341558035,70.57382555522703
sum_absolute,0.0001,0,fixed_mu,1201000,1,3.3333333333333335e-07,0.00011767937780859938,70.57394341472238,70.57382573534457
sum_absolute,0.0001,0,fixed_mu,1202000,1,3.3333333333333335e-07,0.00011749885497636114,70.57394341386768,70.5738259150127
sum_absolute,0.0001,0,fixed_mu,1203000,1,3.3333333333333335e-07,0.00011731878325349498,70.57394341301621,70.57382609423296
sum_absolute,0.0001,0,fixed_mu,1204000,1,3.3333333333333335e-07,0.0001171391611336503,70.57394341216796,70.57382627300683
sum_absolute,0.0001,0,fixed_mu,1205000,1,3.3333333333333335e-07,0.00011695998713889821,70.57394341132292,70.57382645133578
sum_absolute,0.0001,0,fixed_mu,1206000,1,3.3333333333333335e-07,0.00011678125976288811,70.57394341048109,70.57382662922133
sum_absolute,0.0001,0,fixed_mu,1207000,1,3.3333333333333335e-07,0.00011660297755611282,70.57394340964242,70.57382680666487
sum_absolute,0.0001,0,fixed_mu,1208000,1,3.3333333333333335e-07,0.00011642513902643259,70.5739434088069,70.57382698366787
sum_absolute,0.0001,0,fixed_mu,1209000,1,3.3333333333333335e-07,0.00011624774265328597,70.57394340797454,70.57382716023189
sum_absolute,0.0001,0,fixed_mu,1210000,1,3.3333333333333335e-07,0.0001160707870724309,70.57394340714532,70.57382733635825
sum_absolute,0.0001,0,fixed_mu,1211000,1,3.3333333333333335e-07,0.00011589427072067338,70.57394340631922,70.5738275120485
sum_absolute,0.0001,0,fixed_mu,1212000,1,3.3333333333333335e-07,0.00011571819217692791,70.57394340549621,70.57382768730403
sum_absolute,0.0001,0,fixed_mu,1213000,1,3.3333333333333335e-07,0.00011554255004853076,70.5739434046763,70.57382786212625
sum_absolute,0.0001,0,fixed_mu,1214000,1,3.3333333333333335e-07,0.0001153673428291313,70.57394340385946,70.57382803651663
sum_absolute,0.0001,0,fixed_mu,1215000,1,3.3333333333333335e-07,0.00011519256914027665,70.57394340304569,70.57382821047655
sum_absolute,0.0001,0,fixed_mu,1216000,1,3.3333333333333335e-07,0.00011501822748982704,70.57394340223497,70.57382838400748
sum_absolute,0.0001,0,fixed_mu,1217000,1,3.3333333333333335e-07,0.00011484431649932958,70.57394340142729,70.57382855711079
sum_absolute,0.0001,0,fixed_mu,1218000,1,3.3333333333333335e-07,0.00011467083473348794,70.57394340062262,70.57382872978789
sum_absolute,0.0001,0,fixed_mu,1219000,1,3.3333333333333335e-07,0.0001144977807854275,70.57394339982096,70.57382890204018
sum_absolute,0.0001,0,fixed_mu,1220000,1,3.3333333333333335e-07,0.00011432515324827364,70.57394339902231,70.57382907386906
sum_absolute,0.0001,0,fixed_mu,1221000,1,3.3333333333333335e-07,0.00011415295071515175,70.57394339822665,70.57382924527593
sum_absolute,0.0001,0,fixed_mu,1222000,1,3.3333333333333335e-07,0.00011398117177918721,70.57394339743391,70.57382941626213
sum_absolute,0.0001,0,fixed_mu,1223000,1,3.3333333333333335e-07,0.00011380981510455968,70.57394339664415,70.57382958682905
sum_absolute,0.0001,0,fixed_mu,1224000,1,3.3333333333333335e-07,0.00011363887922755112,70.57394339585733,70.5738297569781
sum_absolute,0.0001,0,fixed_mu,1225000,1,3.3333333333333335e-07,0.00011346836291181717,70.57394339507346,70.57382992671054
sum_absolute,0.0001,0,fixed_mu,1226000,1,3.3333333333333335e-07,0.00011329826462258552,70.57394339429247,70.57383009602785
sum_absolute,0.0001,0,fixed_mu,1227000,1,3.3333333333333335e-07,0.0001131285830666684,70.5739433935144,70.57383026493133
sum_absolute,0.0001,0,fixed_mu,1228000,1,3.3333333333333335e-07,0.0001129593168940346,70.57394339273921,70.57383043342232
sum_absolute,0.0001,0,fixed_mu,1229000,1,3.3333333333333335e-07,0.00011279046469780951,70.57394339196688,70.57383060150218
sum_absolute,0.0001,0,fixed_mu,1230000,1,3.3333333333333335e-07,0.00011262202519901621,70.57394339119745,70.57383076917225
sum_absolute,0.0001,0,fixed_mu,1231000,1,3.3333333333333335e-07,0.00011245399700499092,70.57394339043083,70.57383093643382
sum_absolute,0.0001,0,fixed_mu,1232000,1,3.3333333333333335e-07,0.00011228637880833503,70.57394338966708,70.57383110328827
sum_absolute,0.0001,0,fixed_mu,1233000,1,3.3333333333333335e-07,0.00011211916923059562,70.57394338890612,70.57383126973689
sum_absolute,0.0001,0,fixed_mu,1234000,1,3.3333333333333335e-07,0.00011195236700700661,70.573943388148,70.57383143578099
sum_absolute,0.0001,0,fixed_mu,1235000,1,3.3333333333333335e-07,0.00011178597073069341,70.57394338739266,70.57383160142193
sum_absolute,0.0001,0,fixed_mu,1236000,1,3.3333333333333335e-07,0.00011161997919373334,70.57394338664012,70.57383176666093
sum_absolute,0.0001,0,fixed_mu,1237000,1,3.3333333333333335e-07,0.00011145439101767352,70.57394338589033,70.57383193149931
sum_absolute,0.0001,0,fixed_mu,1238000,1,3.3333333333333335e-07,0.00011128920489511529,70.57394338514334,70.57383209593844
sum_absolute,0.0001,0,fixed_mu,1239000,1,3.3333333333333335e-07,0.0001111244195612926,70.57394338439909,70.57383225997953
sum_absolute,0.0001,0,fixed_mu,1240000,1,3.3333333333333335e-07,0.00011096003365196339,70.57394338365755,70.5738324236239
sum_absolute,0.0001,0,fixed_mu,1241000,1,3.3333333333333335e-07,0.00011079604591657244,70.57394338291874,70.57383258687283
sum_absolute,0.0001,0,fixed_mu,1242000,1,3.3333333333333335e-07,0.00011063245507614283,70.57394338218265,70.57383274972757
sum_absolute,0.0001,0,fixed_mu,1243000,1,3.3333333333333335e-07,0.00011046925985169764,70.57394338144927,70.57383291218942
sum_absolute,0.0001,0,fixed_mu,1244000,1,3.3333333333333335e-07,0.00011030645902110336,70.57394338071856,70.57383307425954
sum_absolute,0.0001,0,fixed_mu,1245000,1,3.3333333333333335e-07,0.00011014405119169624,70.57394337999054,70.57383323593935
sum_absolute,0.0001,0,fixed_mu,1246000,1,3.3333333333333335e-07,0.00010998203516976446,70.57394337926517,70.57383339723
sum_absolute,0.0001,0,fixed_mu,1247000,1,3.3333333333333335e-07,0.00010982040967633111,70.57394337854245,70.57383355813278
sum_absolute,0.0001,0,fixed_mu,1248000,1,3.3333333333333335e-07,0.00010965917348926268,70.57394337782239,70.5738337186489
sum_absolute,0.0001,0,fixed_mu,1249000,1,3.3333333333333335e-07,0.00010949832537221482,70.57394337710497,70.5738338787796
sum_absolute,0.0001,0,fixed_mu,1250000,1,3.3333333333333335e-07,0.00010933786401778889,70.57394337639013,70.57383403852612
sum_absolute,0.0001,0,fixed_mu,1251000,1,3.3333333333333335e-07,0.00010917778821806223,70.57394337567791,70.5738341978897
sum_absolute,0.0001,0,fixed_mu,1252000,1,3.3333333333333335e-07,0.0001090180967366905,70.5739433749683,70.57383435687156
sum_absolute,0.0001,0,fixed_mu,1253000,1,3.3333333333333335e-07,0.00010885878835154017,70.57394337426126,70.57383451547291
sum_absolute,0.0001,0,fixed_mu,1254000,1,3.3333333333333335e-07,0.00010869986179784519,70.5739433735568,70.573834673695
sum_absolute,0.0001,0,fixed_mu,1255000,1,3.3333333333333335e-07,0.00010854131595294803,70.5739433728549,70.57383483153895
sum_absolute,0.0001,0,fixed_mu,1256000,1,3.3333333333333335e-07,0.00010838314948102834,70.57394337215554,70.57383498900606
sum_absolute,0.0001,0,fixed_mu,1257000,1,3.3333333333333335e-07,0.00010822536127363946,70.57394337145872,70.57383514609745
sum_absolute,0.0001,0,fixed_mu,1258000,1,3.3333333333333335e-07,0.00010806795005180447,70.57394337076443,70.57383530281437
sum_absolute,0.0001,0,fixed_mu,1259000,1,3.3333333333333335e-07,0.00010791091465023328,70.57394337007264,70.57383545915799
sum_absolute,0.0001,0,fixed_mu,1260000,1,3.3333333333333335e-07,0.00010775425387521409,70.57394336938337,70.5738356151295
sum_absolute,0.0001,0,fixed_mu,1261000,1,3.3333333333333335e-07,0.0001075979665046134,70.57394336869659,70.57383577073008
sum_absolute,0.0001,0,fixed_mu,1262000,1,3.3333333333333335e-07,0.00010744205140156282,70.5739433680123,70.57383592596089
sum_absolute,0.0001,0,fixed_mu,1263000,1,3.3333333333333335e-07,0.00010728650738656142,70.57394336733049,70.5738360808231
sum_absolute,0.0001,0,fixed_mu,1264000,1,3.3333333333333335e-07,0.00010713133319484314,70.57394336665111,70.57383623531791
sum_absolute,0.0001,0,fixed_mu,1265000,1,3.3333333333333335e-07,0.00010697652771796129,70.5739433659742,70.57383638944648
sum_absolute,0.0001,0,fixed_mu,1266000,1,3.3333333333333335e-07,0.0001068220898190475,70.57394336529973,70.57383654320991
sum_absolute,0.0001,0,fixed_mu,1267000,1,3.3333333333333335e-07,0.00010666801827596828,70.57394336462767,70.57383669660939
sum_absolute,0.0001,0,fixed_mu,1268000,1,3.3333333333333335e-07,0.00010651431196606609,70.57394336395805,70.57383684964609
sum_absolute,0.0001,0,fixed_mu,1269000,1,3.3333333333333335e-07,0.00010636096972405085,70.57394336329084,70.57383700232111
sum_absolute,0.0001,0,fixed_mu,1270000,1,3.3333333333333335e-07,0.00010620799041305418,70.57394336262601,70.5738371546356
sum_absolute,0.0001,0,fixed_mu,1271000,1,3.3333333333333335e-07,0.00010605537286778599,70.57394336196359,70.57383730659072
sum_absolute,0.0001,0,fixed_mu,1272000,1,3.3333333333333335e-07,0.00010590311596558877,70.57394336130352,70.57383745818755
sum_absolute,0.0001,0,fixed_mu,1273000,1,3.3333333333333335e-07,0.00010575121851275071,70.57394336064581,70.5738376094273
sum_absolute,0.0001,0,fixed_mu,1274000,1,3.3333333333333335e-07,0.00010559967947187943,70.5739433599905,70.57383776031102
sum_absolute,0.0001,0,fixed_mu,1275000,1,3.3333333333333335e-07,0.00010544849767768483,70.57394335933749,70.57383791083981
sum_absolute,0.0001,0,fixed_mu,1276000,1,3.3333333333333335e-07,0.00010529767197908768,70.57394335868683,70.57383806101485
sum_absolute,0.0001,0,fixed_mu,1277000,1,3.3333333333333335e-07,0.0001051472013386956,70.57394335803852,70.57383821083718
sum_absolute,0.0001,0,fixed_mu,1278000,1,3.3333333333333335e-07,0.00010499708452016421,70.5739433573925,70.57383836030797
sum_absolute,0.0001,0,fixed_mu,1279000,1,3.3333333333333335e-07,0.00010484732044346856,70.57394335674877,70.57383850942833
sum_absolute,0.0001,0,fixed_mu,1280000,1,3.3333333333333335e-07,0.00010469790814227053,70.57394335610738,70.57383865819924
sum_absolute,0.0001,0,fixed_mu,1281000,1,3.3333333333333335e-07,0.00010454884635180406,70.57394335546823,70.57383880662188
sum_absolute,0.0001,0,fixed_mu,1282000,1,3.3333333333333335e-07,0.0001044001340488876,70.57394335483139,70.57383895469734
sum_absolute,0.0001,0,fixed_mu,1283000,1,3.3333333333333335e-07,0.00010425177013928533,70.57394335419679,70.57383910242665
sum_absolute,0.0001,0,fixed_mu,1284000,1,3.3333333333333335e-07,0.00010410375351455059,70.57394335356446,70.57383924981094
sum_absolute,0.0001,0,fixed_mu,1285000,1,3.3333333333333335e-07,0.00010395608310886928,70.57394335293436,70.57383939685126
sum_absolute,0.0001,0,fixed_mu,1286000,1,3.3333333333333335e-07,0.00010380875781379473,70.57394335230651,70.5738395435487
sum_absolute,0.0001,0,fixed_mu,1287000,1,3.3333333333333335e-07,0.00010366177667719967,70.5739433516809,70.57383968990422
sum_absolute,0.0001,0,fixed_mu,1288000,1,3.3333333333333335e-07,0.00010351513842010718,70.5739433510575,70.57383983591907
sum_absolute,0.0001,0,fixed_mu,1289000,1,3.3333333333333335e-07,0.0001033688421188117,70.5739433504363,70.57383998159418
sum_absolute,0.0001,0,fixed_mu,1290000,1,3.3333333333333335e-07,0.00010322288667907742,70.57394334981731,70.57384012693063
sum_absolute,0.0001,0,fixed_mu,1291000,1,3.3333333333333335e-07,0.00010307727106351194,70.57394334920049,70.57384027192943
sum_absolute,0.0001,0,fixed_mu,1292000,1,3.3333333333333335e-07,0.0001029319941636686,70.57394334858586,70.5738404165917
sum_absolute,0.0001,0,fixed_mu,1293000,1,3.3333333333333335e-07,0.00010278705497057672,70.5739433479734,70.57384056091843
sum_absolute,0.0001,0,fixed_mu,1294000,1,3.3333333333333335e-07,0.00010264245240421133,70.5739433473631,70.5738407049107
sum_absolute,0.0001,0,fixed_mu,1295000,1,3.3333333333333335e-07,0.0001024981854698126,70.57394334675493,70.57384084856946
sum_absolute,0.0001,0,fixed_mu,1296000,1,3.3333333333333335e-07,0.00010235425312998814,70.57394334614894,70.5738409918958
sum_absolute,0.0001,0,fixed_mu,1297000,1,3.3333333333333335e-07,0.00010221065424786957,70.57394334554506,70.57384113489081
sum_absolute,0.0001,0,fixed_mu,1298000,1,3.3333333333333335e-07,0.00010206738795659476,70.57394334494333,70.57384127755537
sum_absolute,0.0001,0,fixed_mu,1299000,1,3.3333333333333335e-07,0.00010192445309087361,70.57394334434368,70.57384141989058
sum_absolute,0.0001,0,fixed_mu,1300000,1,3.3333333333333335e-07,0.00010178184872700058,70.57394334374615,70.57384156189742
sum_absolute,0.0001,0,fixed_mu,1301000,1,3.3333333333333335e-07,0.00010163957377073984,70.57394334315072,70.57384170357695
sum_absolute,0.0001,0,fixed_mu,1302000,1,3.3333333333333335e-07,0.000101497627284175,70.57394334255738,70.5738418449301
sum_absolute,0.0001,0,fixed_mu,1303000,1,3.3333333333333335e-07,0.00010135600817307022,70.57394334196613,70.57384198595796
sum_absolute,0.0001,0,fixed_mu,1304000,1,3.3333333333333335e-07,0.0001012147154710874,70.57394334137692,70.57384212666145
sum_absolute,0.0001,0,fixed_mu,1305000,1,3.3333333333333335e-07,0.00010107374816925585,70.5739433407898,70.57384226704163
sum_absolute,0.0001,0,fixed_mu,1306000,1,3.3333333333333335e-07,0.0001009331053154483,70.57394334020472,70.5738424070994
sum_absolute,0.0001,0,fixed_mu,1307000,1,3.3333333333333335e-07,0.00010079278584385065,70.5739433396217,70.57384254683586
sum_absolute,0.0001,0,fixed_mu,1308000,1,3.3333333333333335e-07,0.00010065278878812478,70.5739433390407,70.57384268625191
sum_absolute,0.0001,0,fixed_mu,1309000,1,3.3333333333333335e-07,0.00010051311318193257,70.57394333846173,70.57384282534855
sum_absolute,0.0001,0,fixed_mu,1310000,1,3.3333333333333335e-07,0.00010037375803051418,70.57394333788478,70.57384296412675
sum_absolute,0.0001,0,fixed_mu,1311000,1,3.3333333333333335e-07,0.00010023472235332065,70.57394333730986,70.5738431025875
sum_absolute,0.0001,0,fixed_mu,1312000,1,3.3333333333333335e-07,0.00010009600514138128,70.5739433367369,70.57384324073176
sum_absolute,0.0001,0,fixed_mu,1312694,1,3.3333333333333335e-07,9.999992212783582e-05,70.57394333634048,70.57384333641835
sum_absolute,0.0001,0,continuation_mu,0,1,2.666666666666667e-06,150.25015586725405,154.76735017678163,4.517194309527582
sum_absolute,0.0001,0,continuation_mu,1,1,2.666666666666667e-06,150.24996418645438,154.76715849598196,4.517194309527582
sum_absolute,0.0001,0,continuation_mu,1000,1,2.666666666666667e-06,111.83651440720925,135.66892580584647,23.83241139863722
sum_absolute,0.0001,0,continuation_mu,2000,1,2.666666666666667e-06,56.855369976590126,104.42437027642032,47.56900029983019
sum_absolute,0.0001,0,continuation_mu,3000,1,2.666666666666667e-06,26.09555528802848,88.45148055097515,62.35592526294667
sum_absolute,0.0001,0,continuation_mu,4000,1,2.666666666666667e-06,14.624570876686164,80.93911728776882,66.31454641108266
sum_absolute,0.0001,0,continuation_mu,5000,1,2.666666666666667e-06,9.3062995996561,77.16150881012582,67.85520921046972
sum_absolute,0.0001,0,continuation_mu,6000,1,2.666666666666667e-06,6.408221639653789,75.39670397886012,68.98848233920633
sum_absolute,0.0001,0,continuation_mu,7000,1,2.666666666666667e-06,4.65358744986689,74.19460896480744,69.54102151494055
sum_absolute,0.0001,0,continuation_mu,8000,1,2.666666666666667e-06,3.510928780527607,73.34368260206955,69.83275382154194
sum_absolute,0.0001,0,continuation_mu,9000,1,2.666666666666667e-06,2.7244179525214207,72.68924114917598,69.96482319665456
sum_absolute,0.0001,0,continuation_mu,10000,1,2.666666666666667e-06,2.152312711041347,72.3155846772931,70.16327196625176
sum_absolute,0.0001,0,continuation_mu,11000,1,2.666666666666667e-06,1.73138962733087,71.99586275082903,70.26447312349816
sum_absolute,0.0001,0,continuation_mu,12000,1,2.666666666666667e-06,1.408783399786529,71.73140716190574,70.3226237621192
sum_absolute,0.0001,0,continuation_mu,13000,1,2.666666666666667e-06,1.1610263516442103,71.52191849821924,70.36089214657503
sum_absolute,0.0001,0,continuation_mu,14000,1,2.666666666666667e-06,0.9614078569873072,71.38318453533054,70.42177667834324
sum_absolute,0.0001,0,continuation_mu,15000,1,2.666666666666667e-06,0.8088423768538746,71.2593212919283,70.45047891507443
sum_absolute,0.0001,0,continuation_mu,16000,1,2.666666666666667e-06,0.6897604985659314,71.16593770752647,70.47617720896054
sum_absolute,0.0001,0,continuation_mu,17000,1,2.666666666666667e-06,0.5968358836532133,71.08666173383699,70.48982585018378
sum_absolute,0.0001,0,continuation_mu,18000,1,2.666666666666667e-06,0.522254599239119,71.02432657572709,70.50207197648797
sum_absolute,0.0001,0,continuation_mu,19000,1,2.666666666666667e-06,0.4597538310393361,70.97243062017529,70.51267678913595
sum_absolute,0.0001,0,continuation_mu,20000,1,2.666666666666667e-06,0.4088354364081397,70.92838543829494,70.5195500018868
sum_absolute,0.0001,0,continuation_mu,21000,1,2.666666666666667e-06,0.3653997246538552,70.89093990961963,70.52554018496578
sum_absolute,0.0001,0,continuation_mu,22000,1,2.666666666666667e-06,0.32887605266455466,70.85758876087965,70.5287127082151
sum_absolute,0.0001,0,continuation_mu,23000,1,2.666666666666667e-06,0.29665061784528746,70.82954262736015,70.53289200951487
sum_absolute,0.0001,0,continuation_mu,24000,1,2.666666666666667e-06,0.2686900127381051,70.80439423592473,70.53570422318663
sum_absolute,0.0001,0,continuation_mu,25000,1,2.666666666666667e-06,0.24410806964267806,70.78381299989672,70.53970493025405
sum_absolute,0.0001,0,continuation_mu,26000,1,2.666666666666667e-06,0.22167776842978526,70.76441712751009,70.5427393590803
sum_absolute,0.0001,0,continuation_mu,27000,1,2.666666666666667e-06,0.20178816288468227,70.74705202077325,70.54526385788857
sum_absolute,0.0001,0,continuation_mu,28000,1,2.666666666666667e-06,0.18430347237354283,70.731341719326,70.54703824695245
sum_absolute,0.0001,0,continuation_mu,29000,1,2.666666666666667e-06,0.16841716474482382,70.71702413153395,70.54860696678912
sum_absolute,0.0001,0,continuation_mu,30000,1,2.666666666666667e-06,0.15400226739863854,70.70397682000787,70.54997455260923
sum_absolute,0.0001,0,continuation_mu,31000,1,2.666666666666667e-06,0.1402857550336023,70.6924229529765,70.5521371979429
sum_absolute,0.0001,0,continuation_mu,32000,1,2.666666666666667e-06,0.1273813740715184,70.68124143483375,70.55386006076223
sum_absolute,0.0001,0,continuation_mu,33000,1,2.666666666666667e-06,0.11602475969361592,70.67112161258736,70.55509685289374
sum_absolute,0.0001,0,continuation_mu,34000,1,2.666666666666667e-06,0.10587957722789554,70.66199435614232,70.55611477891442
sum_absolute,0.0001,0,continuation_mu,35000,1,2.666666666666667e-06,0.09644098556648828,70.65350205253614,70.55706106696965
sum_absolute,0.0001,0,continuation_mu,36000,1,2.666666666666667e-06,0.08754310359357476,70.64563733575733,70.55809423216375
sum_absolute,0.0001,0,continuation_mu,37000,1,2.666666666666667e-06,0.07922475043324084,70.63836917437193,70.55914442393869
sum_absolute,0.0001,0,continuation_mu,38000,1,2.666666666666667e-06,0.07186456628352289,70.63168194711795,70.55981738083443
sum_absolute,0.0001,0,continuation_mu,39000,1,2.666666666666667e-06,0.06486125151234035,70.62533952924093,70.56047827772859
sum_absolute,0.0001,0,continuation_mu,40000,1,2.666666666666667e-06,0.05829923101072154,70.61937461249387,70.56107538148315
sum_absolute,0.0001,0,continuation_mu,41000,1,2.666666666666667e-06,0.0521297354129473,70.61375661704983,70.56162688163688
sum_absolute,0.0001,0,continuation_mu,42000,1,2.666666666666667e-06,0.04632173066880796,70.60845716629225,70.56213543562345
sum_absolute,0.0001,0,continuation_mu,43000,1,2.666666666666667e-06,0.04083678677119451,70.60344338557795,70.56260659880675
sum_absolute,0.0001,0,continuation_mu,44000,1,2.666666666666667e-06,0.03564725997152607,70.59869058116841,70.56304332119689
sum_absolute,0.0001,0,continuation_mu,45000,1,2.666666666666667e-06,0.03072740895758841,70.59417602486357,70.56344861590598
sum_absolute,0.0001,0,continuation_mu,46000,1,2.666666666666667e-06,0.026054176778060878,70.58987938229765,70.56382520551959
sum_absolute,0.0001,0,continuation_mu,47000,1,2.666666666666667e-06,0.021606925194319615,70.58578244707607,70.56417552188175
sum_absolute,0.0001,0,continuation_mu,48000,1,2.666666666666667e-06,0.017345000797817534,70.58188198201076,70.56453698121294
sum_absolute,0.0001,0,continuation_mu,49000,1,2.666666666666667e-06,0.013273995108974646,70.57813570145633,70.56486170634736
sum_absolute,0.0001,0,continuation_mu,50000,1,2.666666666666667e-06,0.009464023464616389,70.57465944825982,70.5651954247952
sum_absolute,0.0001,0,continuation_mu,51000,1,2.666666666666667e-06,0.008729186690842994,70.57478177036676,70.56605258367591
sum_absolute,0.0001,0,continuation_mu,52000,1,2.666666666666667e-06,0.008299234870008831,70.57470211415738,70.56640287928737
sum_absolute,0.0001,0,continuation_mu,53000,1,2.666666666666667e-06,0.007924394633249676,70.57460863009318,70.56668423545993
sum_absolute,0.0001,0,continuation_mu,54000,1,2.666666666666667e-06,0.0075863823224437965,70.57451043034169,70.56692404801925
sum_absolute,0.0001,0,continuation_mu,55000,1,2.666666666666667e-06,0.007255789762382392,70.57444841512175,70.56719262535937
sum_absolute,0.0001,0,continuation_mu,56000,1,2.666666666666667e-06,0.006866121410382675,70.57446670383652,70.56760058242614
sum_absolute,0.0001,0,continuation_mu,57000,1,2.666666666666667e-06,0.006552519796471756,70.57445234954076,70.56789982974429
sum_absolute,0.0001,0,continuation_mu,58000,1,2.666666666666667e-06,0.00631240026477542,70.57442956606586,70.56811716580108
sum_absolute,0.0001,0,continuation_mu,59000,1,2.666666666666667e-06,0.006074454465903045,70.57438897118334,70.56831451671744
sum_absolute,0.0001,0,continuation_mu,60000,1,2.666666666666667e-06,0.00586138778919576,70.57435460780462,70.56849322001543
sum_absolute,0.0001,0,continuation_mu,61000,1,2.666666666666667e-06,0.005654841199884686,70.57431324604795,70.56865840484807
sum_absolute,0.0001,0,continuation_mu,62000,1,2.666666666666667e-06,0.005457348603570722,70.57426457041525,70.56880722181168
sum_absolute,0.0001,0,continuation_mu,63000,1,2.666666666666667e-06,0.005249628462237865,70.57425562144304,70.5690059929808
sum_absolute,0.0001,0,continuation_mu,64000,1,2.666666666666667e-06,0.005080467588982174,70.5742410156352,70.56916054804621
sum_absolute,0.0001,0,continuation_mu,65000,1,2.666666666666667e-06,0.004920549670075047,70.57422781639943,70.56930726672935
sum_absolute,0.0001,0,continuation_mu,66000,1,2.666666666666667e-06,0.00476992821224087,70.57421391533715,70.56944398712491
sum_absolute,0.0001,0,continuation_mu,67000,1,2.666666666666667e-06,0.0046263979739222805,70.57419934410338,70.56957294612945
sum_absolute,0.0001,0,continuation_mu,68000,1,2.666666666666667e-06,0.00448857229852706,70.57418438405998,70.56969581176145
sum_absolute,0.0001,0,continuation_mu,69000,1,2.666666666666667e-06,0.00433503008309799,70.57417169974536,70.56983666966227
sum_absolute,0.0001,0,continuation_mu,70000,1,2.666666666666667e-06,0.004210571185737422,70.57416170604478,70.56995113485904
sum_absolute,0.0001,0,continuation_mu,71000,1,2.666666666666667e-06,0.004089475112451169,70.57415107203754,70.57006159692509
sum_absolute,0.0001,0,continuation_mu,72000,1,2.666666666666667e-06,0.003970140489315099,70.57414453356608,70.57017439307677
sum_absolute,0.0001,0,continuation_mu,73000,1,2.666666666666667e-06,0.0038605897134686984,70.57413759214808,70.57027700243461
sum_absolute,0.0001,0,continuation_mu,74000,1,2.666666666666667e-06,0.003756302366610953,70.574131657793,70.57037535542639
sum_absolute,0.0001,0,continuation_mu,75000,1,2.666666666666667e-06,0.0036566392943484516,70.57412634798287,70.57046970868852
sum_absolute,0.0001,0,continuation_mu,76000,1,2.666666666666667e-06,0.00356089753718436,70.57412129161838,70.5705603940812
sum_absolute,0.0001,0,continuation_mu,77000,1,2.666666666666667e-06,0.0034689750333001257,70.57411651089404,70.57064753586074
sum_absolute,0.0001,0,continuation_mu,78000,1,2.666666666666667e-06,0.003380660799962243,70.57411200486459,70.57073134406463
sum_absolute,0.0001,0,continuation_mu,79000,1,2.666666666666667e-06,0.003295748918375807,70.57410773364998,70.5708119847316
sum_absolute,0.0001,0,continuation_mu,80000,1,2.666666666666667e-06,0.0032140691798474563,70.57410368583908,70.57088961665923
sum_absolute,0.0001,0,continuation_mu,81000,1,2.666666666666667e-06,0.0031354598021380298,70.57409984721144,70.5709643874093
sum_absolute,0.0001,0,continuation_mu,82000,1,2.666666666666667e-06,0.0030597683406057286,70.57409620433212,70.57103643599152
sum_absolute,0.0001,0,continuation_mu,83000,1,2.666666666666667e-06,0.0029868524402161256,70.57409274543869,70.57110589299847
sum_absolute,0.0001,0,continuation_mu,84000,1,2.666666666666667e-06,0.0029165779660615954,70.57408945924121,70.57117288127515
sum_absolute,0.0001,0,continuation_mu,85000,1,2.666666666666667e-06,0.0028488188864912445,70.57408633536929,70.5712375164828
sum_absolute,0.0001,0,continuation_mu,86000,1,2.666666666666667e-06,0.002783456582164945,70.57408336416282,70.57129990758065
sum_absolute,0.0001,0,continuation_mu,87000,1,2.666666666666667e-06,0.0027203793346046723,70.57408053662753,70.57136015729293
sum_absolute,0.0001,0,continuation_mu,88000,1,2.666666666666667e-06,0.0026594818608316473,70.57407784439215,70.57141836253132
sum_absolute,0.0001,0,continuation_mu,89000,1,2.666666666666667e-06,0.002600664868296576,70.57407527965314,70.57147461478485
sum_absolute,0.0001,0,continuation_mu,90000,1,2.666666666666667e-06,0.002543834652030341,70.5740728351326,70.57152900048057
sum_absolute,0.0001,0,continuation_mu,91000,1,2.666666666666667e-06,0.0024889027220922344,70.57407050403765,70.57158160131556
sum_absolute,0.0001,0,continuation_mu,92000,1,2.666666666666667e-06,0.00243578545880041,70.57406828002357,70.57163249456477
sum_absolute,0.0001,0,continuation_mu,93000,1,2.666666666666667e-06,0.00238440379523297,70.57406615716009,70.57168175336486
sum_absolute,0.0001,0,continuation_mu,94000,1,2.666666666666667e-06,0.0023346829227506305,70.57406412990035,70.5717294469776
sum_absolute,0.0001,0,continuation_mu,95000,1,2.666666666666667e-06,0.002286552019185706,70.57406219305282,70.57177564103364
sum_absolute,0.0001,0,continuation_mu,96000,1,2.666666666666667e-06,0.002239943996713123,70.5740603417552,70.57182039775849
sum_absolute,0.0001,0,continuation_mu,97000,1,2.666666666666667e-06,0.002194795268067651,70.57405857145062,70.57186377618255
sum_absolute,0.0001,0,continuation_mu,98000,1,2.666666666666667e-06,0.0021510455296720465,70.57405687786576,70.57190583233609
sum_absolute,0.0001,0,continuation_mu,99000,1,2.666666666666667e-06,0.0021086375605108287,70.57405525699063,70.57194661943012
sum_absolute,0.0001,0,continuation_mu,100000,1,2.666666666666667e-06,0.0020675170349164773,70.57405370506021,70.57198618802529
sum_absolute,0.0001,0,continuation_mu,101000,1,2.666666666666667e-06,0.0020276323486569936,70.57405221853716,70.5720245861885
sum_absolute,0.0001,0,continuation_mu,102000,1,2.666666666666667e-06,0.0019889344570316325,70.5740507940963,70.57206185963926
sum_absolute,0.0001,0,continuation_mu,103000,1,2.666666666666667e-06,0.0019513767239800472,70.5740494286099,70.57209805188592
sum_absolute,0.0001,0,continuation_mu,104000,1,2.666666666666667e-06,0.0019149147817785206,70.57404811913443,70.57213320435265
sum_absolute,0.0001,0,continuation_mu,105000,1,2.666666666666667e-06,0.0018795063997458783,70.57404686289809,70.57216735649834
sum_absolute,0.0001,0,continuation_mu,106000,1,2.666666666666667e-06,0.0018451113621296145,70.57404565728942,70.57220054592729
sum_absolute,0.0001,0,continuation_mu,107000,1,2.666666666666667e-06,0.0018116913536516677,70.57404449984665,70.572232808493
sum_absolute,0.0001,0,continuation_mu,108000,1,2.666666666666667e-06,0.00177920985308333,70.57404338824796,70.57226417839487
sum_absolute,0.0001,0,continuation_mu,109000,1,2.666666666666667e-06,0.0017476320330587214,70.57404232030231,70.57229468826925
sum_absolute,0.0001,0,continuation_mu,110000,1,2.666666666666667e-06,0.0017169246669652694,70.57404129394115,70.57232436927418
sum_absolute,0.0001,0,continuation_mu,111000,1,2.666666666666667e-06,0.001687056041419055,70.57404030721048,70.57235325116906
sum_absolute,0.0001,0,continuation_mu,112000,1,2.666666666666667e-06,0.001657995874168705,70.57403935826368,70.5723813623895
sum_absolute,0.0001,0,continuation_mu,113000,1,2.666666666666667e-06,0.0016297152375699397,70.57403844535465,70.57240873011708
sum_absolute,0.0001,0,continuation_mu,114000,1,2.666666666666667e-06,0.001602186486209689,70.57403756683173,70.57243538034552
sum_absolute,0.0001,0,continuation_mu,115000,1,2.666666666666667e-06,0.0015753831896603288,70.57403672113176,70.5724613379421
sum_absolute,0.0001,0,continuation_mu,116000,1,2.666666666666667e-06,0.001549280068715575,70.5740359067746,70.57248662670588
sum_absolute,0.0001,0,continuation_mu,117000,1,2.666666666666667e-06,0.0015238529358896358,70.57403512235827,70.57251126942238
sum_absolute,0.0001,0,continuation_mu,118000,1,2.666666666666667e-06,0.0014990786393980216,70.57403436655409,70.57253528791469
sum_absolute,0.0001,0,continuation_mu,119000,1,2.666666666666667e-06,0.0014749350099947378,70.57403363810228,70.57255870309228
sum_absolute,0.0001,0,continuation_mu,120000,1,2.666666666666667e-06,0.001451400811973258,70.57403293580802,70.57258153499605
sum_absolute,0.0001,0,continuation_mu,121000,1,2.666666666666667e-06,0.0014284556958159556,70.57403225853747,70.57260380284166
sum_absolute,0.0001,0,continuation_mu,122000,1,2.666666666666667e-06,0.0014060801546804669,70.57403160521437,70.57262552505969
sum_absolute,0.0001,0,continuation_mu,123000,1,2.666666666666667e-06,0.0013842554824066156,70.57403097481648,70.57264671933407
sum_absolute,0.0001,0,continuation_mu,124000,1,2.666666666666667e-06,0.001362963734820255,70.57403036637267,70.57266740263785
sum_absolute,0.0001,0,continuation_mu,125000,1,2.666666666666667e-06,0.0013421876925718834,70.57402977895997,70.5726875912674
sum_absolute,0.0001,0,continuation_mu,126000,1,2.666666666666667e-06,0.0013219108261495194,70.57402921170072,70.57270730087457
sum_absolute,0.0001,0,continuation_mu,127000,1,2.666666666666667e-06,0.001302117263506375,70.5740286637602,70.5727265464967
sum_absolute,0.0001,0,continuation_mu,128000,1,2.666666666666667e-06,0.00128279175821433,70.57402813434403,70.57274534258582
sum_absolute,0.0001,0,continuation_mu,129000,1,2.666666666666667e-06,0.0012639196607011627,70.57402762269618,70.57276370303548
sum_absolute,0.0001,0,continuation_mu,130000,1,2.666666666666667e-06,0.001245486890084635,70.57402712809662,70.57278164120653
sum_absolute,0.0001,0,continuation_mu,131000,1,2.666666666666667e-06,0.0012274799080103094,70.57402664985943,70.57279916995142
sum_absolute,0.0001,0,continuation_mu,132000,1,2.666666666666667e-06,0.0012098856937541314,70.57402618733113,70.57281630163737
sum_absolute,0.0001,0,continuation_mu,133000,1,2.666666666666667e-06,0.0011926917206750431,70.57402573988864,70.57283304816796
sum_absolute,0.0001,0,continuation_mu,134000,1,2.666666666666667e-06,0.0011758859338613092,70.57402530693787,70.57284942100401
sum_absolute,0.0001,0,continuation_mu,135000,1,2.666666666666667e-06,0.0011594567289279212,70.57402488791209,70.57286543118316
sum_absolute,0.0001,0,continuation_mu,136000,1,2.666666666666667e-06,0.0011433929319508707,70.57402448227046,70.57288108933851
sum_absolute,0.0001,0,continuation_mu,137000,1,2.666666666666667e-06,0.0011276837806235562,70.57402408949682,70.5728964057162
sum_absolute,0.0001,0,continuation_mu,138000,1,2.666666666666667e-06,0.0011123189059532024,70.5740237090982,70.57291139019225
sum_absolute,0.0001,0,continuation_mu,139000,1,2.666666666666667e-06,0.0010972883153499424,70.57402334060384,70.5729260522885
sum_absolute,0.0001,0,continuation_mu,140000,1,2.666666666666667e-06,0.001082582376142227,70.57402298356385,70.57294040118771
sum_absolute,0.0001,0,continuation_mu,141000,1,2.666666666666667e-06,0.0010681918003854207,70.5740226375483,70.57295444574791
sum_absolute,0.0001,0,continuation_mu,142000,1,2.666666666666667e-06,0.0010541076297698737,70.57402230214606,70.57296819451629
sum_absolute,0.0001,0,continuation_mu,143000,1,2.666666666666667e-06,0.0010403212222200864,70.57402197696408,70.57298165574186
sum_absolute,0.0001,0,continuation_mu,144000,1,2.666666666666667e-06,0.001026824238010704,70.57402166162623,70.57299483738822
sum_absolute,0.0001,0,continuation_mu,145000,1,2.666666666666667e-06,0.001013608627616236,70.57402135577263,70.57300774714501
sum_absolute,0.0001,0,continuation_mu,146000,1,2.666666666666667e-06,0.0010006666195039315,70.57402105905882,70.57302039243932
sum_absolute,0.0001,0,continuation_mu,147000,1,2.666666666666667e-06,0.0009879907086656203,70.57402077115495,70.57303278044628
sum_absolute,0.0001,0,continuation_mu,148000,1,2.666666666666667e-06,0.0009755736455758779,70.57402049174507,70.5730449180995
sum_absolute,0.0001,0,continuation_mu,149000,1,2.666666666666667e-06,0.0009634084263723253,70.57402022052665,70.57305681210028
sum_absolute,0.0001,0,continuation_mu,150000,1,2.666666666666667e-06,0.0009514882821974879,70.57401995720954,70.57306846892735
sum_absolute,0.0001,0,continuation_mu,151000,1,2.666666666666667e-06,0.000939806670274379,70.57401970151585,70.57307989484558
sum_absolute,0.0001,0,continuation_mu,152000,1,2.666666666666667e-06,0.0009283572648541849,70.57401945317895,70.5730910959141
sum_absolute,0.0001,0,continuation_mu,153000,1,2.666666666666667e-06,0.0009171339485050112,70.57401921194324,70.57310207799473
sum_absolute,0.0001,0,continuation_mu,154000,1,2.666666666666667e-06,0.0009061308040827498,70.57401897756347,70.57311284675939
sum_absolute,0.0001,0,continuation_mu,155000,1,2.666666666666667e-06,0.000895342106630892,70.57401874980434,70.57312340769771
sum_absolute,0.0001,0,continuation_mu,156000,1,2.666666666666667e-06,0.0008847623163603657,70.57401852843998,70.57313376612362
sum_absolute,0.0001,0,continuation_mu,157000,1,2.666666666666667e-06,0.0008743860710183071,70.5740183132535,70.57314392718249
sum_absolute,0.0001,0,continuation_mu,158000,1,2.666666666666667e-06,0.0008642081796921275,70.57401810403672,70.57315389585703
sum_absolute,0.0001,0,continuation_mu,159000,1,2.666666666666667e-06,0.000854223615618821,70.57401790058961,70.57316367697399
sum_absolute,0.0001,0,continuation_mu,160000,1,2.666666666666667e-06,0.0008444275105290444,70.57401770271998,70.57317327520946
sum_absolute,0.0001,0,continuation_mu,161000,1,2.666666666666667e-06,0.0008348151484227628,70.5740175102432,70.57318269509477
sum_absolute,0.0001,0,continuation_mu,162000,1,2.666666666666667e-06,0.0008253819599417511,70.57401732298166,70.57319194102172
sum_absolute,0.0001,0,continuation_mu,163000,1,2.666666666666667e-06,0.00081612351698368,70.5740171407648,70.57320101724781
sum_absolute,0.0001,0,continuation_mu,164000,1,2.666666666666667e-06,0.0008070355273588348,70.5740169634284,70.57320992790105
sum_absolute,0.0001,0,continuation_mu,165000,1,2.666666666666667e-06,0.0007981138300152679,70.57401679081462,70.57321867698461
sum_absolute,0.0001,0,continuation_mu,166000,1,2.666666666666667e-06,0.0007893543900507893,70.57401662277157,70.57322726838152
sum_absolute,0.0001,0,continuation_mu,167000,1,2.666666666666667e-06,0.0007807532943218121,70.57401645915306,70.57323570585874
sum_absolute,0.0001,0,continuation_mu,168000,1,2.666666666666667e-06,0.0007723067469243006,70.57401629981835,70.57324399307143
sum_absolute,0.0001,0,continuation_mu,169000,1,2.666666666666667e-06,0.0007640110651152554,70.57401614463205,70.57325213356694
sum_absolute,0.0001,0,continuation_mu,170000,1,2.666666666666667e-06,0.0007558626750920894,70.57401599346362,70.57326013078853
sum_absolute,0.0001,0,continuation_mu,171000,1,2.666666666666667e-06,0.0007478581085678115,70.57401584618749,70.57326798807892
sum_absolute,0.0001,0,continuation_mu,172000,1,2.666666666666667e-06,0.0007399939985646142,70.57401570268259,70.57327570868402
sum_absolute,0.0001,0,continuation_mu,173000,1,2.666666666666667e-06,0.0007322670761311656,70.57401556283227,70.57328329575614
sum_absolute,0.0001,0,continuation_mu,174000,1,2.666666666666667e-06,0.0007246741668751611,70.57401542652416,70.57329075235728
sum_absolute,0.0001,0,continuation_mu,175000,1,2.666666666666667e-06,0.0007172121878369353,70.57401529364984,70.573298081462
sum_absolute,0.0001,0,continuation_mu,176000,1,2.666666666666667e-06,0.0007098781441783331,70.57401516410489,70.57330528596071
sum_absolute,0.0001,0,continuation_mu,177000,1,2.666666666666667e-06,0.0007026691261984297,70.57401503778853,70.57331236866233
sum_absolute,0.0001,0,continuation_mu,178000,1,2.666666666666667e-06,0.0006955823064771494,70.57401491460355,70.57331933229707
sum_absolute,0.0001,0,continuation_mu,179000,1,2.666666666666667e-06,0.0006886149372036243,70.57401479445625,70.57332617951904
sum_absolute,0.0001,0,continuation_mu,180000,1,2.666666666666667e-06,0.0006817643471919155,70.5740146772561,70.57333291290891
sum_absolute,0.0001,0,continuation_mu,181000,1,2.666666666666667e-06,0.0006750279398204384,70.5740145629158,70.57333953497599
sum_absolute,0.0001,0,continuation_mu,182000,1,2.666666666666667e-06,0.0006684031900192622,70.5740144513511,70.57334604816108
sum_absolute,0.0001,0,continuation_mu,183000,1,2.666666666666667e-06,0.0006618876423090114,70.57401434248058,70.57335245483827
sum_absolute,0.0001,0,continuation_mu,184000,1,2.666666666666667e-06,0.0006554789082429124,70.57401423622568,70.57335875731744
sum_absolute,0.0001,0,continuation_mu,185000,1,2.666666666666667e-06,0.0006491746644883278,70.57401413251051,70.57336495784602
sum_absolute,0.0001,0,continuation_mu,186000,1,2.666666666666667e-06,0.0006429726504393329,70.57401403126173,70.57337105861129
sum_absolute,0.0001,0,continuation_mu,187000,1,2.666666666666667e-06,0.0006368706663977264,70.57401393240849,70.5733770617421
sum_absolute,0.0001,0,continuation_mu,188000,1,2.666666666666667e-06,0.0006308665714556128,70.57401383588238,70.57338296931093
sum_absolute,0.0001,0,continuation_mu,189000,1,2.666666666666667e-06,0.0006249582818469435,70.57401374161721,70.57338878333536
sum_absolute,0.0001,0,continuation_mu,190000,1,2.666666666666667e-06,0.0006191437687306234,70.57401364954902,70.57339450578029
sum_absolute,0.0001,0,continuation_mu,191000,1,2.666666666666667e-06,0.0006134210569683773,70.57401355961595,70.57340013855898
sum_absolute,0.0001,0,continuation_mu,192000,1,2.666666666666667e-06,0.0006077882230215437,70.57401347175822,70.5734056835352
sum_absolute,0.0001,0,continuation_mu,193000,1,2.666666666666667e-06,0.0006022433934873561,70.574013385918,70.5734111425245
sum_absolute,0.0001,0,continuation_mu,194000,1,2.666666666666667e-06,0.0005967847436920692,70.57401330203932,70.57341651729563
sum_absolute,0.0001,0,continuation_mu,195000,1,2.666666666666667e-06,0.0005914104957867039,70.57401322006803,70.57342180957224
sum_absolute,0.0001,0,continuation_mu,196000,1,2.666666666666667e-06,0.0005861189177664983,70.57401313995177,70.57342702103401
sum_absolute,0.0001,0,continuation_mu,197000,1,2.666666666666667e-06,0.0005809083216803401,70.57401306163983,70.57343215331815
sum_absolute,0.0001,0,continuation_mu,198000,1,2.666666666666667e-06,0.0005757770625507419,70.57401298508313,70.57343720802058
sum_absolute,0.0001,0,continuation_mu,199000,1,2.666666666666667e-06,0.0005707235369527552,70.57401291023416,70.5734421866972
sum_absolute,0.0001,0,continuation_mu,200000,1,2.666666666666667e-06,0.00056574618183447,70.57401283704694,70.5734470908651
sum_absolute,0.0001,0,continuation_mu,201000,1,2.666666666666667e-06,0.0005608434730959289,70.57401276547688,70.57345192200378
sum_absolute,0.0001,0,continuation_mu,202000,1,2.666666666666667e-06,0.0005560139247506868,70.57401269548082,70.57345668155607
sum_absolute,0.0001,0,continuation_mu,203000,1,2.666666666666667e-06,0.0005512560875473582,70.57401262701698,70.57346137092944
sum_absolute,0.0001,0,continuation_mu,204000,1,2.666666666666667e-06,0.0005465685478327487,70.57401256004482,70.57346599149699
sum_absolute,0.0001,0,continuation_mu,205000,1,2.666666666666667e-06,0.0005419499269123662,70.57401249452514,70.57347054459822
sum_absolute,0.0001,0,continuation_mu,206000,1,2.666666666666667e-06,0.0005373988795298601,70.57401243041986,70.57347503154033
sum_absolute,0.0001,0,continuation_mu,207000,1,2.666666666666667e-06,0.0005329140931706888,70.57401236769212,70.57347945359895
sum_absolute,0.0001,0,continuation_mu,208000,1,2.666666666666667e-06,0.0005284942870247278,70.57401230630617,70.57348381201915
sum_absolute,0.0001,0,continuation_mu,209000,1,2.666666666666667e-06,0.0005241382110199311,70.57401224622733,70.5734881080163
sum_absolute,0.0001,0,continuation_mu,210000,1,2.666666666666667e-06,0.0005198446451544214,70.57401218742201,70.57349234277686
sum_absolute,0.0001,0,continuation_mu,211000,1,2.666666666666667e-06,0.0005156123984875194,70.5740121298576,70.57349651745912
sum_absolute,0.0001,0,continuation_mu,212000,1,2.666666666666667e-06,0.0005114403082018271,70.5740120735025,70.5735006331943
sum_absolute,0.0001,0,continuation_mu,213000,1,2.666666666666667e-06,0.000507327238921107,70.57401201832599,70.57350469108707
sum_absolute,0.0001,0,continuation_mu,214000,1,2.666666666666667e-06,0.0005032720821418479,70.57401196429835,70.57350869221621
sum_absolute,0.0001,0,continuation_mu,215000,1,2.666666666666667e-06,0.0004992737549969206,70.57401191139064,70.57351263763564
sum_absolute,0.0001,0,continuation_mu,216000,1,2.666666666666667e-06,0.0004953312000566257,70.57401185957487,70.57351652837481
sum_absolute,0.0001,0,continuation_mu,217000,1,2.666666666666667e-06,0.0004914433842060362,70.5740118088238,70.57352036543959
sum_absolute,0.0001,0,continuation_mu,218000,1,2.666666666666667e-06,0.0004876092982328828,70.57401175911103,70.5735241498128
sum_absolute,0.0001,0,continuation_mu,219000,1,2.666666666666667e-06,0.00048382795610280027,70.57401171041089,70.57352788245478
sum_absolute,0.0001,0,continuation_mu,220000,1,2.666666666666667e-06,0.00048009839430562806,70.5740116626985,70.57353156430419
sum_absolute,0.0001,0,continuation_mu,221000,1,2.666666666666667e-06,0.00047641967115907846,70.57401161594963,70.57353519627847
sum_absolute,0.0001,0,continuation_mu,222000,1,2.666666666666667e-06,0.00047279086635398926,70.57401157014081,70.57353877927446
sum_absolute,0.0001,0,continuation_mu,223000,1,2.666666666666667e-06,0.0004692110804001004,70.57401152524923,70.57354231416883
sum_absolute,0.0001,0,continuation_mu,224000,1,2.666666666666667e-06,0.000465679433744981,70.57401148125265,70.57354580181891
sum_absolute,0.0001,0,continuation_mu,225000,1,2.666666666666667e-06,0.00046219506680245104,70.57401143812959,70.57354924306279
sum_absolute,0.0001,0,continuation_mu,226000,1,2.666666666666667e-06,0.0004587571388867673,70.57401139585909,70.5735526387202
sum_absolute,0.0001,0,continuation_mu,227000,1,2.666666666666667e-06,0.000455364827942617,70.57401135442079,70.57355598959285
sum_absolute,0.0001,0,continuation_mu,228000,1,2.666666666666667e-06,0.000452017330061949,70.57401131379491,70.57355929646485
sum_absolute,0.0001,0,continuation_mu,229000,1,2.666666666666667e-06,0.00044871385904343697,70.57401127396221,70.57356256010317
sum_absolute,0.0001,0,continuation_mu,230000,1,2.666666666666667e-06,0.00044545364566772605,70.57401123490399,70.57356578125832
sum_absolute,0.0001,0,continuation_mu,231000,1,2.666666666666667e-06,0.00044223593764058933,70.57401119660207,70.57356896066443
sum_absolute,0.0001,0,continuation_mu,232000,1,2.666666666666667e-06,0.0004390599989108068,70.5740111590388,70.5735720990399
sum_absolute,0.0001,0,continuation_mu,233000,1,2.666666666666667e-06,0.00043592510915857474,70.57401112219694,70.57357519708778
sum_absolute,0.0001,0,continuation_mu,234000,1,2.666666666666667e-06,0.0004328305637102403,70.57401108605976,70.57357825549605
sum_absolute,0.0001,0,continuation_mu,235000,1,2.666666666666667e-06,0.0004297756729840785,70.57401105061103,70.57358127493805
sum_absolute,0.0001,0,continuation_mu,236000,1,2.666666666666667e-06,0.0004267597618081709,70.57401101583487,70.57358425607306
sum_absolute,0.0001,0,continuation_mu,237000,1,2.666666666666667e-06,0.00042378216956251435,70.57401098171589,70.57358719954632
sum_absolute,0.0001,0,continuation_mu,238000,1,2.666666666666667e-06,0.0004208422495111108,70.5740109482391,70.5735901059896
sum_absolute,0.0001,0,continuation_mu,239000,1,2.666666666666667e-06,0.00041793936848932844,70.57401091538989,70.5735929760214
sum_absolute,0.0001,0,continuation_mu,240000,1,2.666666666666667e-06,0.0004150729066054737,70.57401088315407,70.57359581024747
sum_absolute,0.0001,0,continuation_mu,241000,1,2.666666666666667e-06,0.0004122422568144657,70.57401085151781,70.573598609261
sum_absolute,0.0001,0,continuation_mu,242000,1,2.666666666666667e-06,0.0004094468247757277,70.57401082046765,70.57360137364287
sum_absolute,0.0001,0,continuation_mu,243000,1,2.666666666666667e-06,0.00040668602844107227,70.57401078999048,70.57360410396204
sum_absolute,0.0001,0,continuation_mu,244000,1,2.666666666666667e-06,0.0004039592975857431,70.57401076007352,70.57360680077593
sum_absolute,0.0001,0,continuation_mu,245000,1,2.666666666666667e-06,0.0004012660738226259,70.57401073070437,70.57360946463055
sum_absolute,0.0001,0,continuation_mu,245475,1,2.666666666666667e-06,0.0003999983719751299,70.5740107169424,70.57361071857042
sum_absolute,0.0001,0,continuation_mu,245476,2,1.3333333333333334e-06,10.790151972475712,70.57400571273251,59.7838537402568
sum_absolute,0.0001,0,continuation_mu,246000,2,1.3333333333333334e-06,142.38799696714963,151.62377865101132,9.235781683861688
sum_absolute,0.0001,0,continuation_mu,247000,2,1.3333333333333334e-06,107.22370831139857,133.24319466625656,26.01948635485799
sum_absolute,0.0001,0,continuation_mu,248000,2,1.3333333333333334e-06,67.62630926324442,110.3872280798798,42.76091881663538
sum_absolute,0.0001,0,continuation_mu,249000,2,1.3333333333333334e-06,37.818295932957525,95.31667450571301,57.498378572755485
sum_absolute,0.0001,0,continuation_mu,250000,2,1.3333333333333334e-06,22.950627053006656,86.02883007493874,63.07820302193208
sum_absolute,0.0001,0,continuation_mu,251000,2,1.3333333333333334e-06,15.3663497454001,81.46988394233233,66.10353419693223
sum_absolute,0.0001,0,continuation_mu,252000,2,1.3333333333333334e-06,10.989412893826568,78.41690381391473,67.42749092008816
sum_absolute,0.0001,0,continuation_mu,253000,2,1.3333333333333334e-06,8.233458719584917,76.56691330032925,68.33345458074433
sum_absolute,0.0001,0,continuation_mu,254000,2,1.3333333333333334e-06,6.386098076416673,75.39958334459047,69.0134852681738
sum_absolute,0.0001,0,continuation_mu,255000,2,1.3333333333333334e-06,5.086340379811148,74.59684693294543,69.51050655313428
sum_absolute,0.0001,0,continuation_mu,256000,2,1.3333333333333334e-06,4.138467207100007,73.82573479409501,69.687267586995
sum_absolute,0.0001,0,continuation_mu,257000,2,1.3333333333333334e-06,3.4237715522483825,73.24624691239254,69.82247536014415
sum_absolute,0.0001,0,continuation_mu,258000,2,1.3333333333333334e-06,2.8695847172655817,72.78116747693366,69.91158275966808
sum_absolute,0.0001,0,continuation_mu,259000,2,1.3333333333333334e-06,2.4321137448734476,72.48626006461649,70.05414631974304
sum_absolute,0.0001,0,continuation_mu,260000,2,1.3333333333333334e-06,2.083052196599155,72.27038326532421,70.18733106872506
sum_absolute,0.0001,0,continuation_mu,261000,2,1.3333333333333334e-06,1.7987847602171456,72.03889301586592,70.24010825564878
sum_absolute,0.0001,0,continuation_mu,262000,2,1.3333333333333334e-06,1.5641505317453408,71.8551822864677,70.29103175472235
sum_absolute,0.0001,0,continuation_mu,263000,2,1.3333333333333334e-06,1.36787295996767,71.69850837177759,70.33063541180992
sum_absolute,0.0001,0,continuation_mu,264000,2,1.3333333333333334e-06,1.201261120220721,71.55838046894749,70.35711934872677
sum_absolute,0.0001,0,continuation_mu,265000,2,1.3333333333333334e-06,1.0578748308402055,71.44865557822143,70.39078074738123
sum_absolute,0.0001,0,continuation_mu,266000,2,1.3333333333333334e-06,0.9349301061896256,71.34919473719873,70.4142646310091
sum_absolute,0.0001,0,continuation_mu,267000,2,1.3333333333333334e-06,0.8312334728659749,71.26971703890642,70.43848356604045
sum_absolute,0.0001,0,continuation_mu,268000,2,1.3333333333333334e-06,0.7439171035038044,71.20728108119164,70.46336397768783
sum_absolute,0.0001,0,continuation_mu,269000,2,1.3333333333333334e-06,0.668267992613437,71.14891052507653,70.4806425324631
sum_absolute,0.0001,0,continuation_mu,270000,2,1.3333333333333334e-06,0.6034619944804547,71.09392999858156,70.4904680041011
sum_absolute,0.0001,0,continuation_mu,271000,2,1.3333333333333334e-06,0.5474808769712354,71.04743048153233,70.4999496045611
sum_absolute,0.0001,0,continuation_mu,272000,2,1.3333333333333334e-06,0.5006492740746324,71.00703230025626,70.50638302618162
sum_absolute,0.0001,0,continuation_mu,273000,2,1.3333333333333334e-06,0.4591568873968157,70.97013491210333,70.51097802470652
sum_absolute,0.0001,0,continuation_mu,274000,2,1.3333333333333334e-06,0.42257224774519386,70.94098004646413,70.51840779871894
sum_absolute,0.0001,0,continuation_mu,275000,2,1.3333333333333334e-06,0.39072747360408755,70.91409349792528,70.52336602432119
sum_absolute,0.0001,0,continuation_mu,276000,2,1.3333333333333334e-06,0.36254069264983,70.88957305110378,70.52703235845395
sum_absolute,0.0001,0,continuation_mu,277000,2,1.3333333333333334e-06,0.33745842233663836,70.8670932111376,70.52963478880096
sum_absolute,0.0001,0,continuation_mu,278000,2,1.3333333333333334e-06,0.31457974152931456,70.84700218266059,70.53242244113127
sum_absolute,0.0001,0,continuation_mu,279000,2,1.3333333333333334e-06,0.2937144383360959,70.82839722518351,70.53468278684741
sum_absolute,0.0001,0,continuation_mu,280000,2,1.3333333333333334e-06,0.2749038735228737,70.81251086350332,70.53760698998045
sum_absolute,0.0001,0,continuation_mu,281000,2,1.3333333333333334e-06,0.25761845966891883,70.7972599849721,70.53964152530318
sum_absolute,0.0001,0,continuation_mu,282000,2,1.3333333333333334e-06,0.24174703581159918,70.78384043187347,70.54209339606187
sum_absolute,0.0001,0,continuation_mu,283000,2,1.3333333333333334e-06,0.22659314687382448,70.77093403468118,70.54434088780735
sum_absolute,0.0001,0,continuation_mu,284000,2,1.3333333333333334e-06,0.21287598996710244,70.75893634856811,70.54606035860101
sum_absolute,0.0001,0,continuation_mu,285000,2,1.3333333333333334e-06,0.20040466429260562,70.7478197714315,70.54741510713889
sum_absolute,0.0001,0,continuation_mu,286000,2,1.3333333333333334e-06,0.18887958164572183,70.73747244532024,70.54859286367451
sum_absolute,0.0001,0,continuation_mu,287000,2,1.3333333333333334e-06,0.17818275512506432,70.7277943986353,70.54961164351023
sum_absolute,0.0001,0,continuation_mu,288000,2,1.3333333333333334e-06,0.16813888296046287,70.71872455803077,70.55058567507031
sum_absolute,0.0001,0,continuation_mu,289000,2,1.3333333333333334e-06,0.15866243730417295,70.71027791091288,70.5516154736087
sum_absolute,0.0001,0,continuation_mu,290000,2,1.3333333333333334e-06,0.14984982842676686,70.70232590383955,70.55247607541278
sum_absolute,0.0001,0,continuation_mu,291000,2,1.3333333333333334e-06,0.14148699989029012,70.69482855079939,70.5533415509091
sum_absolute,0.0001,0,continuation_mu,292000,2,1.3333333333333334e-06,0.13361087384816983,70.68783542427417,70.554224550426
sum_absolute,0.0001,0,continuation_mu,293000,2,1.3333333333333334e-06,0.12634139637903274,70.68121983323705,70.55487843685802
sum_absolute,0.0001,0,continuation_mu,294000,2,1.3333333333333334e-06,0.11946338883552698,70.67495683762394,70.55549344878841
sum_absolute,0.0001,0,continuation_mu,295000,2,1.3333333333333334e-06,0.11285380795474964,70.66960023711093,70.55674642915618
sum_absolute,0.0001,0,continuation_mu,296000,2,1.3333333333333334e-06,0.10637722759916812,70.66399084673192,70.55761361913275
sum_absolute,0.0001,0,continuation_mu,297000,2,1.3333333333333334e-06,0.10024979067070205,70.65872732279936,70.55847753212866
sum_absolute,0.0001,0,continuation_mu,298000,2,1.3333333333333334e-06,0.0945275268519623,70.65376364869489,70.55923612184293
sum_absolute,0.0001,0,continuation_mu,299000,2,1.3333333333333334e-06,0.08913243801104898,70.64895908464013,70.55982664662908
sum_absolute,0.0001,0,continuation_mu,300000,2,1.3333333333333334e-06,0.08418235298694299,70.64450052939274,70.5603181764058
sum_absolute,0.0001,0,continuation_mu,301000,2,1.3333333333333334e-06,0.0794045698025343,70.6402671816829,70.56086261188037
sum_absolute,0.0001,0,continuation_mu,302000,2,1.3333333333333334e-06,0.07494273719395039,70.63627237490897,70.56132963771502
sum_absolute,0.0001,0,continuation_mu,303000,2,1.3333333333333334e-06,0.07062858563899965,70.63239052400336,70.56176193836436
sum_absolute,0.0001,0,continuation_mu,304000,2,1.3333333333333334e-06,0.06650167349143032,70.62866249576359,70.56216082227216
sum_absolute,0.0001,0,continuation_mu,305000,2,1.3333333333333334e-06,0.06259563899968157,70.62511503912086,70.56251940012118
sum_absolute,0.0001,0,continuation_mu,306000,2,1.3333333333333334e-06,0.058849079688101824,70.62170115311369,70.56285207342559
sum_absolute,0.0001,0,continuation_mu,307000,2,1.3333333333333334e-06,0.055249248353021585,70.61841485969089,70.56316561133787
sum_absolute,0.0001,0,continuation_mu,308000,2,1.3333333333333334e-06,0.0517934545649581,70.61525171456648,70.56345826000152
sum_absolute,0.0001,0,continuation_mu,309000,2,1.3333333333333334e-06,0.048473170377008046,70.61220473345838,70.56373156308138
sum_absolute,0.0001,0,continuation_mu,310000,2,1.3333333333333334e-06,0.04528014148060322,70.60926720188559,70.56398706040498
sum_absolute,0.0001,0,continuation_mu,311000,2,1.3333333333333334e-06,0.04220669079477091,70.60643285436063,70.56422616356586
sum_absolute,0.0001,0,continuation_mu,312000,2,1.3333333333333334e-06,0.03924570995282295,70.60369586088507,70.56445015093225
sum_absolute,0.0001,0,continuation_mu,313000,2,1.3333333333333334e-06,0.03639061242526509,70.60105079324799,70.56466018082273
sum_absolute,0.0001,0,continuation_mu,314000,2,1.3333333333333334e-06,0.033552848501884114,70.59856464667538,70.5650117981735
sum_absolute,0.0001,0,continuation_mu,315000,2,1.3333333333333334e-06,0.030765984371441846,70.59603838220113,70.56527239782969
sum_absolute,0.0001,0,continuation_mu,316000,2,1.3333333333333334e-06,0.02819903165867288,70.59367570677767,70.565476675119
sum_absolute,0.0001,0,continuation_mu,317000,2,1.3333333333333334e-06,0.02570800039015353,70.59138397395587,70.56567597356572
sum_absolute,0.0001,0,continuation_mu,318000,2,1.3333333333333334e-06,0.02329455461283203,70.58916351176163,70.5658689571488
sum_absolute,0.0001,0,continuation_mu,319000,2,1.3333333333333334e-06,0.020939192769503734,70.5870238071447,70.5660846143752
sum_absolute,0.0001,0,continuation_mu,320000,2,1.3333333333333334e-06,0.01865085151669632,70.58492901602503,70.56627816450833
sum_absolute,0.0001,0,continuation_mu,321000,2,1.3333333333333334e-06,0.01645804308083143,70.58290475759782,70.56644671451699
sum_absolute,0.0001,0,continuation_mu,322000,2,1.3333333333333334e-06,0.014330046365813587,70.58093676440586,70.56660671804005
sum_absolute,0.0001,0,continuation_mu,323000,2,1.3333333333333334e-06,0.012260868778852796,70.57902130917665,70.5667604403978
sum_absolute,0.0001,0,continuation_mu,324000,2,1.3333333333333334e-06,0.010248830021410527,70.5771562271593,70.5669073971379
sum_absolute,0.0001,0,continuation_mu,325000,2,1.3333333333333334e-06,0.008291420431248753,70.57533926672163,70.56704784629038
sum_absolute,0.0001,0,continuation_mu,326000,2,1.3333333333333334e-06,0.00711805102901053,70.57462200137354,70.56750395034453
sum_absolute,0.0001,0,continuation_mu,327000,2,1.3333333333333334e-06,0.006867130220584272,70.5745777226397,70.56771059241912
sum_absolute,0.0001,0,continuation_mu,328000,2,1.3333333333333334e-06,0.006614727294504519,70.57452913735587,70.56791441006136
sum_absolute,0.0001,0,continuation_mu,329000,2,1.3333333333333334e-06,0.006414079537321982,70.57448156441282,70.5680674848755
sum_absolute,0.0001,0,continuation_mu,330000,2,1.3333333333333334e-06,0.006239181015757822,70.57443898659548,70.56819980557972
sum_absolute,0.0001,0,continuation_mu,331000,2,1.3333333333333334e-06,0.0060642132998367515,70.57439961491616,70.56833540161632
sum_absolute,0.0001,0,continuation_mu,332000,2,1.3333333333333334e-06,0.0059066438380313,70.57436341530546,70.56845677146742
sum_absolute,0.0001,0,continuation_mu,333000,2,1.3333333333333334e-06,0.005750909827341388,70.5743306702546,70.56857976042726
sum_absolute,0.0001,0,continuation_mu,334000,2,1.3333333333333334e-06,0.005611301933697632,70.57429844682827,70.56868714489457
sum_absolute,0.0001,0,continuation_mu,335000,2,1.3333333333333334e-06,0.005474646590784005,70.57426534431079,70.56879069772
sum_absolute,0.0001,0,continuation_mu,336000,2,1.3333333333333334e-06,0.005345253454976273,70.57423236672332,70.56888711326835
sum_absolute,0.0001,0,continuation_mu,337000,2,1.3333333333333334e-06,0.005214993749888208,70.57420256676616,70.56898757301627
sum_absolute,0.0001,0,continuation_mu,338000,2,1.3333333333333334e-06,0.004997126226541582,70.57426578052612,70.56926865429958
sum_absolute,0.0001,0,continuation_mu,339000,2,1.3333333333333334e-06,0.004826771691199383,70.57424816926704,70.56942139757584
sum_absolute,0.0001,0,continuation_mu,340000,2,1.3333333333333334e-06,0.004707294870385681,70.57424830314312,70.56954100827274
sum_absolute,0.0001,0,continuation_mu,341000,2,1.3333333333333334e-06,0.004602330792437215,70.5742344341516,70.56963210335917
sum_absolute,0.0001,0,continuation_mu,342000,2,1.3333333333333334e-06,0.004488411456307517,70.57422022670615,70.56973181524984
sum_absolute,0.0001,0,continuation_mu,343000,2,1.3333333333333334e-06,0.004390990915595694,70.57420149352575,70.56981050261015
sum_absolute,0.0001,0,continuation_mu,344000,2,1.3333333333333334e-06,0.0042908266121912675,70.57418591326964,70.56989508665745
sum_absolute,0.0001,0,continuation_mu,345000,2,1.3333333333333334e-06,0.004199728026463845,70.57416608610373,70.56996635807727
sum_absolute,0.0001,0,continuation_mu,346000,2,1.3333333333333334e-06,0.004111605717739053,70.57414478319721,70.57003317747947
sum_absolute,0.0001,0,continuation_mu,347000,2,1.3333333333333334e-06,0.004024974355345989,70.57412070790335,70.570095733548
sum_absolute,0.0001,0,continuation_mu,348000,2,1.3333333333333334e-06,0.003923998754245872,70.57411835252078,70.57019435376654
sum_absolute,0.0001,0,continuation_mu,349000,2,1.3333333333333334e-06,0.0038318532869112687,70.5741134516616,70.57028159837469
sum_absolute,0.0001,0,continuation_mu,350000,2,1.3333333333333334e-06,0.003750325271639099,70.5741069978106,70.57035667253896
sum_absolute,0.0001,0,continuation_mu,351000,2,1.3333333333333334e-06,0.003677812864211205,70.57410506685491,70.5704272539907
sum_absolute,0.0001,0,continuation_mu,352000,2,1.3333333333333334e-06,0.003607725297186448,70.57410149750419,70.570493772207
sum_absolute,0.0001,0,continuation_mu,353000,2,1.3333333333333334e-06,0.0035401316900305346,70.57409804974418,70.57055791805415
sum_absolute,0.0001,0,continuation_mu,354000,2,1.3333333333333334e-06,0.003474369454920634,70.57409417809531,70.57061980864039
sum_absolute,0.0001,0,continuation_mu,355000,2,1.3333333333333334e-06,0.003410090730341153,70.57408996408992,70.57067987335958
sum_absolute,0.0001,0,continuation_mu,356000,2,1.3333333333333334e-06,0.003347716786095134,70.57408598308491,70.57073826629882
sum_absolute,0.0001,0,continuation_mu,357000,2,1.3333333333333334e-06,0.0032872520892368584,70.5740817059176,70.57079445382837
sum_absolute,0.0001,0,continuation_mu,358000,2,1.3333333333333334e-06,0.003228419842770336,70.57407725228711,70.57084883244434
sum_absolute,0.0001,0,continuation_mu,359000,2,1.3333333333333334e-06,0.003171141817716716,70.5740726242708,70.57090148245308
sum_absolute,0.0001,0,continuation_mu,360000,2,1.3333333333333334e-06,0.003114842421481967,70.57406799565672,70.57095315323524
sum_absolute,0.0001,0,continuation_mu,361000,2,1.3333333333333334e-06,0.0030560193180662054,70.57406582495751,70.57100980563945
sum_absolute,0.0001,0,continuation_mu,362000,2,1.3333333333333334e-06,0.003002963226435895,70.5740626353378,70.57105967211136
sum_absolute,0.0001,0,continuation_mu,363000,2,1.3333333333333334e-06,0.00295144401223979,70.5740598366668,70.57110839265457
sum_absolute,0.0001,0,continuation_mu,364000,2,1.3333333333333334e-06,0.0029014968438616506,70.57405731955777,70.5711558227139
sum_absolute,0.0001,0,continuation_mu,365000,2,1.3333333333333334e-06,0.0028528288589058093,70.57405486427312,70.57120203541422
sum_absolute,0.0001,0,continuation_mu,366000,2,1.3333333333333334e-06,0.0028053815456985376,70.57405247092069,70.57124708937499
sum_absolute,0.0001,0,continuation_mu,367000,2,1.3333333333333334e-06,0.0027591247626475024,70.57405014825858,70.57129102349593
sum_absolute,0.0001,0,continuation_mu,368000,2,1.3333333333333334e-06,0.0027140151643862964,70.57404788945071,70.57133387428632
sum_absolute,0.0001,0,continuation_mu,369000,2,1.3333333333333334e-06,0.002670015652952884,70.57404569299658,70.57137567734362
sum_absolute,0.0001,0,continuation_mu,370000,2,1.3333333333333334e-06,0.0026270901878717723,70.57404355677826,70.57141646659039
sum_absolute,0.0001,0,continuation_mu,371000,2,1.3333333333333334e-06,0.0025852039418481354,70.57404147856917,70.57145627462732
sum_absolute,0.0001,0,continuation_mu,372000,2,1.3333333333333334e-06,0.002544323647967417,70.574039456402,70.57149513275404
sum_absolute,0.0001,0,continuation_mu,373000,2,1.3333333333333334e-06,0.0025044173227399824,70.57403748834662,70.57153307102388
sum_absolute,0.0001,0,continuation_mu,374000,2,1.3333333333333334e-06,0.0024654542504265464,70.57403557256077,70.57157011831035
sum_absolute,0.0001,0,continuation_mu,375000,2,1.3333333333333334e-06,0.002427404924318921,70.57403370728447,70.57160630236015
sum_absolute,0.0001,0,continuation_mu,376000,2,1.3333333333333334e-06,0.0023902409845817374,70.57403189083034,70.57164164984576
sum_absolute,0.0001,0,continuation_mu,377000,2,1.3333333333333334e-06,0.0023539351668091513,70.57403012158207,70.57167618641526
sum_absolute,0.0001,0,continuation_mu,378000,2,1.3333333333333334e-06,0.002318461251121562,70.57402839799033,70.57170993673921
sum_absolute,0.0001,0,continuation_mu,379000,2,1.3333333333333334e-06,0.002283794014104501,70.57402671856927,70.57174292455517
sum_absolute,0.0001,0,continuation_mu,380000,2,1.3333333333333334e-06,0.0022499091835896934,70.57402508189327,70.57177517270968
sum_absolute,0.0001,0,continuation_mu,381000,2,1.3333333333333334e-06,0.002216783395795119,70.57402348659403,70.57180670319823
sum_absolute,0.0001,0,continuation_mu,382000,2,1.3333333333333334e-06,0.0021843941543977508,70.57402193135755,70.57183753720315
sum_absolute,0.0001,0,continuation_mu,383000,2,1.3333333333333334e-06,0.002150211349885467,70.57402061457908,70.5718704032292
sum_absolute,0.0001,0,continuation_mu,384000,2,1.3333333333333334e-06,0.002118979232321294,70.57401976382255,70.57190078459023
sum_absolute,0.0001,0,continuation_mu,385000,2,1.3333333333333334e-06,0.0020886779476967376,70.57401858683082,70.57192990888312
sum_absolute,0.0001,0,continuation_mu,386000,2,1.3333333333333334e-06,0.0020590063310805817,70.57401725267997,70.57195824634888
sum_absolute,0.0001,0,continuation_mu,387000,2,1.3333333333333334e-06,0.002029711302583337,70.57401585923711,70.57198614793452
sum_absolute,0.0001,0,continuation_mu,388000,2,1.3333333333333334e-06,0.002001535708430424,70.57401496986174,70.5720134341533
sum_absolute,0.0001,0,continuation_mu,389000,2,1.3333333333333334e-06,0.0019738336139170087,70.57401394869804,70.57204011508412
sum_absolute,0.0001,0,continuation_mu,390000,2,1.3333333333333334e-06,0.001946715091477813,70.57401296164782,70.57206624655635
sum_absolute,0.0001,0,continuation_mu,391000,2,1.3333333333333334e-06,0.0019201628982585817,70.57401200201983,70.57209183912157
sum_absolute,0.0001,0,continuation_mu,392000,2,1.3333333333333334e-06,0.001894161914052006,70.57401107110138,70.57211690918733
sum_absolute,0.0001,0,continuation_mu,393000,2,1.3333333333333334e-06,0.0018686965245393594,70.57401016727005,70.5721414707455
sum_absolute,0.0001,0,continuation_mu,394000,2,1.3333333333333334e-06,0.0018437517965139705,70.57400928928533,70.57216553748881
sum_absolute,0.0001,0,continuation_mu,395000,2,1.3333333333333334e-06,0.0018193138045887736,70.57400843643663,70.57218912263204
sum_absolute,0.0001,0,continuation_mu,396000,2,1.3333333333333334e-06,0.0017953689129370787,70.57400760785035,70.57221223893741
sum_absolute,0.0001,0,continuation_mu,397000,2,1.3333333333333334e-06,0.0017719039190069452,70.57400680267023,70.57223489875122
sum_absolute,0.0001,0,continuation_mu,398000,2,1.3333333333333334e-06,0.001748906082383428,70.57400602009943,70.57225711401705
sum_absolute,0.0001,0,continuation_mu,399000,2,1.3333333333333334e-06,0.0017263630819712716,70.57400525937167,70.5722788962897
sum_absolute,0.0001,0,continuation_mu,400000,2,1.3333333333333334e-06,0.0017042629974923784,70.57400451974836,70.57230025675086
sum_absolute,0.0001,0,continuation_mu,401000,2,1.3333333333333334e-06,0.0016825942971649965,70.5740038005207,70.57232120622353
sum_absolute,0.0001,0,continuation_mu,402000,2,1.3333333333333334e-06,0.001661345822100202,70.57400310100806,70.57234175518596
sum_absolute,0.0001,0,continuation_mu,403000,2,1.3333333333333334e-06,0.001640506772162098,70.57400242055638,70.57236191378422
sum_absolute,0.0001,0,continuation_mu,404000,2,1.3333333333333334e-06,0.0016200666916859063,70.57400175853701,70.57238169184532
sum_absolute,0.0001,0,continuation_mu,405000,2,1.3333333333333334e-06,0.0016000154567450409,70.57400111434552,70.57240109888878
sum_absolute,0.0001,0,continuation_mu,406000,2,1.3333333333333334e-06,0.0015803432626029235,70.57400048740088,70.57242014413828
sum_absolute,0.0001,0,continuation_mu,407000,2,1.3333333333333334e-06,0.0015610406114916486,70.57399987714412,70.57243883653263
sum_absolute,0.0001,0,continuation_mu,408000,2,1.3333333333333334e-06,0.00154209830141383,70.57399928303761,70.5724571847362
sum_absolute,0.0001,0,continuation_mu,409000,2,1.3333333333333334e-06,0.001523507414972869,70.57399870456398,70.572475197149
sum_absolute,0.0001,0,continuation_mu,410000,2,1.3333333333333334e-06,0.0015052593089279753,70.57399814122527,70.57249288191635
sum_absolute,0.0001,0,continuation_mu,411000,2,1.3333333333333334e-06,0.0014873456042607813,70.57399759254221,70.57251024693795
sum_absolute,0.0001,0,continuation_mu,412000,2,1.3333333333333334e-06,0.0014697581762845857,70.57399705805321,70.57252729987692
sum_absolute,0.0001,0,continuation_mu,413000,2,1.3333333333333334e-06,0.0014524891457767808,70.5739965373138,70.57254404816803
sum_absolute,0.0001,0,continuation_mu,414000,2,1.3333333333333334e-06,0.001435530869827062,70.57399602989584,70.57256049902601
sum_absolute,0.0001,0,continuation_mu,415000,2,1.3333333333333334e-06,0.0014188759334956558,70.57399553538676,70.57257665945326
sum_absolute,0.0001,0,continuation_mu,416000,2,1.3333333333333334e-06,0.001402517141841031,70.57399505338901,70.57259253624717
sum_absolute,0.0001,0,continuation_mu,417000,2,1.3333333333333334e-06,0.0013864475118623432,70.57399458351941,70.57260813600755
sum_absolute,0.0001,0,continuation_mu,418000,2,1.3333333333333334e-06,0.0013706602652376887,70.57399412540852,70.57262346514328
sum_absolute,0.0001,0,continuation_mu,419000,2,1.3333333333333334e-06,0.0013551488212897311,70.5739936787001,70.57263852987882
sum_absolute,0.0001,0,continuation_mu,420000,2,1.3333333333333334e-06,0.0013399067897097439,70.57399324305058,70.57265333626087
sum_absolute,0.0001,0,continuation_mu,421000,2,1.3333333333333334e-06,0.0013249279644185208,70.57399281812854,70.57266789016413
sum_absolute,0.0001,0,continuation_mu,422000,2,1.3333333333333334e-06,0.0013102063168730638,70.57399240361417,70.5726821972973
sum_absolute,0.0001,0,continuation_mu,423000,2,1.3333333333333334e-06,0.0012957359903822407,70.57399199919888,70.5726962632085
sum_absolute,0.0001,0,continuation_mu,424000,2,1.3333333333333334e-06,0.0012815112938682205,70.57399160458476,70.5727100932909
sum_absolute,0.0001,0,continuation_mu,425000,2,1.3333333333333334e-06,0.0012675266966084564,70.57399121948427,70.57272369278766
sum_absolute,0.0001,0,continuation_mu,426000,2,1.3333333333333334e-06,0.0012537768224660795,70.57399084361973,70.57273706679726
sum_absolute,0.0001,0,continuation_mu,427000,2,1.3333333333333334e-06,0.0012402564452713705,70.57399047672295,70.57275022027768
sum_absolute,0.0001,0,continuation_mu,428000,2,1.3333333333333334e-06,0.0012269604833221592,70.57399011853491,70.57276315805159
sum_absolute,0.0001,0,continuation_mu,429000,2,1.3333333333333334e-06,0.0012138839949216162,70.57398976880535,70.57277588481043
sum_absolute,0.0001,0,continuation_mu,430000,2,1.3333333333333334e-06,0.0012010221736602489,70.57398942729246,70.5727884051188
sum_absolute,0.0001,0,continuation_mu,431000,2,1.3333333333333334e-06,0.001188370343953693,70.57398909376248,70.57280072341852
sum_absolute,0.0001,0,continuation_mu,432000,2,1.3333333333333334e-06,0.0011759239568789326,70.5739887679895,70.57281284403263
sum_absolute,0.0001,0,continuation_mu,433000,2,1.3333333333333334e-06,0.001163678586124206,70.57398844975515,70.57282477116902
sum_absolute,0.0001,0,continuation_mu,434000,2,1.3333333333333334e-06,0.0011516299237968042,70.57398813884816,70.57283650892437
sum_absolute,0.0001,0,continuation_mu,435000,2,1.3333333333333334e-06,0.0011397737770835192,70.57398783506432,70.57284806128723
sum_absolute,0.0001,0,continuation_mu,436000,2,1.3333333333333334e-06,0.001128106064044232,70.57398753820601,70.57285943214197
sum_absolute,0.0001,0,continuation_mu,437000,2,1.3333333333333334e-06,0.0011166228105565779,70.57398724808209,70.57287062527153
sum_absolute,0.0001,0,continuation_mu,438000,2,1.3333333333333334e-06,0.0011053201466495466,70.57398696450757,70.57288164436092
sum_absolute,0.0001,0,continuation_mu,439000,2,1.3333333333333334e-06,0.0010941943033486723,70.57398668730347,70.57289249300013
sum_absolute,0.0001,0,continuation_mu,440000,2,1.3333333333333334e-06,0.001083241609606489,70.5739864162965,70.5729031746869
sum_absolute,0.0001,0,continuation_mu,441000,2,1.3333333333333334e-06,0.001072458489119299,70.57398615131896,70.57291369282984
sum_absolute,0.0001,0,continuation_mu,442000,2,1.3333333333333334e-06,0.0010618414573286827,70.57398589220838,70.57292405075106
sum_absolute,0.0001,0,continuation_mu,443000,2,1.3333333333333334e-06,0.0010513871189914425,70.57398563880753,70.57293425168854
sum_absolute,0.0001,0,continuation_mu,444000,2,1.3333333333333334e-06,0.0010410921650532146,70.57398539096403,70.57294429879897
sum_absolute,0.0001,0,continuation_mu,445000,2,1.3333333333333334e-06,0.0010309533702184126,70.57398514853034,70.57295419516012
sum_absolute,0.0001,0,continuation_mu,446000,2,1.3333333333333334e-06,0.0010209675903638527,70.57398491136348,70.57296394377312
sum_absolute,0.0001,0,continuation_mu,447000,2,1.3333333333333334e-06,0.0010111317601513292,70.57398467932494,70.57297354756479
sum_absolute,0.0001,0,continuation_mu,448000,2,1.3333333333333334e-06,0.00100144289061177,70.5739844522804,70.57298300938979
sum_absolute,0.0001,0,continuation_mu,449000,2,1.3333333333333334e-06,0.000991898066999397,70.57398423009977,70.57299233203277
sum_absolute,0.0001,0,continuation_mu,450000,2,1.3333333333333334e-06,0.0009824944463758811,70.57398401265691,70.57300151821053
sum_absolute,0.0001,0,continuation_mu,451000,2,1.3333333333333334e-06,0.0009732292555781896,70.57398379982942,70.57301057057384
sum_absolute,0.0001,0,continuation_mu,452000,2,1.3333333333333334e-06,0.0009640997893995973,70.57398359149875,70.57301949170935
sum_absolute,0.0001,0,continuation_mu,453000,2,1.3333333333333334e-06,0.0009551034082306842,70.57398338754983,70.5730282841416
sum_absolute,0.0001,0,continuation_mu,454000,2,1.3333333333333334e-06,0.0009462375363966657,70.5739831878711,70.5730369503347
sum_absolute,0.0001,0,continuation_mu,455000,2,1.3333333333333334e-06,0.0009374996602957708,70.57398299235427,70.57304549269398
sum_absolute,0.0001,0,continuation_mu,456000,2,1.3333333333333334e-06,0.0009288873265376196,70.57398280089434,70.5730539135678
sum_absolute,0.0001,0,continuation_mu,457000,2,1.3333333333333334e-06,0.0009203981401952888,70.57398261338938,70.57306221524918
sum_absolute,0.0001,0,continuation_mu,458000,2,1.3333333333333334e-06,0.0009120297633131713,70.57398242974047,70.57307039997715
sum_absolute,0.0001,0,continuation_mu,459000,2,1.3333333333333334e-06,0.0009037799131021984,70.57398224985158,70.57307846993848
sum_absolute,0.0001,0,continuation_mu,460000,2,1.3333333333333334e-06,0.0008956463604476994,70.57398207362952,70.57308642726908
sum_absolute,0.0001,0,continuation_mu,461000,2,1.3333333333333334e-06,0.0008876269283888405,70.57398190098378,70.57309427405539
sum_absolute,0.0001,0,continuation_mu,462000,2,1.3333333333333334e-06,0.000879719490811226,70.57398173182649,70.57310201233568
sum_absolute,0.0001,0,continuation_mu,463000,2,1.3333333333333334e-06,0.0008719219706563308,70.57398156607229,70.57310964410163
sum_absolute,0.0001,0,continuation_mu,464000,2,1.3333333333333334e-06,0.0008642323391114815,70.57398140363831,70.5731171712992
sum_absolute,0.0001,0,continuation_mu,465000,2,1.3333333333333334e-06,0.0008566486137340235,70.57398124444401,70.57312459583028
sum_absolute,0.0001,0,continuation_mu,466000,2,1.3333333333333334e-06,0.0008491688574849832,70.57398108841113,70.57313191955365
sum_absolute,0.0001,0,continuation_mu,467000,2,1.3333333333333334e-06,0.0008417911774927234,70.57398093546368,70.57313914428619
sum_absolute,0.0001,0,continuation_mu,468000,2,1.3333333333333334e-06,0.000834513723717123,70.57398078552781,70.57314627180409
sum_absolute,0.0001,0,continuation_mu,469000,2,1.3333333333333334e-06,0.0008273346879263954,70.57398063853168,70.57315330384375
sum_absolute,0.0001,0,continuation_mu,470000,2,1.3333333333333334e-06,0.0008202523023612684,70.57398049440552,70.57316024210316
sum_absolute,0.0001,0,continuation_mu,471000,2,1.3333333333333334e-06,0.0008132648388823327,70.57398035308147,70.57316708824258
sum_absolute,0.0001,0,continuation_mu,472000,2,1.3333333333333334e-06,0.0008063706078189625,70.57398021449359,70.57317384388577
sum_absolute,0.0001,0,continuation_mu,473000,2,1.3333333333333334e-06,0.0007995679569745562,70.57398007857773,70.57318051062076
sum_absolute,0.0001,0,continuation_mu,474000,2,1.3333333333333334e-06,0.000792855270432824,70.5739799452715,70.57318709000107
sum_absolute,0.0001,0,continuation_mu,475000,2,1.3333333333333334e-06,0.0007862309680319868,70.57397981451426,70.57319358354623
sum_absolute,0.0001,0,continuation_mu,476000,2,1.3333333333333334e-06,0.0007796935039436903,70.57397968624699,70.57319999274304
sum_absolute,0.0001,0,continuation_mu,477000,2,1.3333333333333334e-06,0.0007732413661045712,70.57397956041225,70.57320631904615
sum_absolute,0.0001,0,continuation_mu,478000,2,1.3333333333333334e-06,0.0007668730751788644,70.5739794369542,70.57321256387903
sum_absolute,0.0001,0,continuation_mu,479000,2,1.3333333333333334e-06,0.0007605871838620715,70.57397931581852,70.57321872863466
sum_absolute,0.0001,0,continuation_mu,480000,2,1.3333333333333334e-06,0.0007543822758009355,70.57397919695227,70.57322481467646
sum_absolute,0.0001,0,continuation_mu,481000,2,1.3333333333333334e-06,0.0007482569651529047,70.57397908030401,70.57323082333886
sum_absolute,0.0001,0,continuation_mu,482000,2,1.3333333333333334e-06,0.0007422098953639988,70.5739789658236,70.57323675592824
sum_absolute,0.0001,0,continuation_mu,483000,2,1.3333333333333334e-06,0.0007362397388135378,70.57397885346226,70.57324261372345
sum_absolute,0.0001,0,continuation_mu,484000,2,1.3333333333333334e-06,0.0007303451959614904,70.57397874317255,70.57324839797658
sum_absolute,0.0001,0,continuation_mu,485000,2,1.3333333333333334e-06,0.0007245249945242449,70.57397863490814,70.57325410991362
sum_absolute,0.0001,0,continuation_mu,486000,2,1.3333333333333334e-06,0.0007187778889061747,70.57397852862407,70.57325975073516
sum_absolute,0.0001,0,continuation_mu,487000,2,1.3333333333333334e-06,0.0007131026594890955,70.57397842427645,70.57326532161696
sum_absolute,0.0001,0,continuation_mu,488000,2,1.3333333333333334e-06,0.0007074981120496204,70.57397832182255,70.5732708237105
sum_absolute,0.0001,0,continuation_mu,489000,2,1.3333333333333334e-06,0.0007019630769349305,70.5739782212208,70.57327625814386
sum_absolute,0.0001,0,continuation_mu,490000,2,1.3333333333333334e-06,0.0006964964087785575,70.57397812243065,70.57328162602187
sum_absolute,0.0001,0,continuation_mu,491000,2,1.3333333333333334e-06,0.0006910969856050997,70.57397802541257,70.57328692842697
sum_absolute,0.0001,0,continuation_mu,492000,2,1.3333333333333334e-06,0.0006857637083754753,70.57397793012811,70.57329216641973
sum_absolute,0.0001,0,continuation_mu,493000,2,1.3333333333333334e-06,0.0006804955004611202,70.57397783653974,70.57329734103928
sum_absolute,0.0001,0,continuation_mu,494000,2,1.3333333333333334e-06,0.0006752913069476563,70.57397774461091,70.57330245330397
sum_absolute,0.0001,0,continuation_mu,495000,2,1.3333333333333334e-06,0.0006701500944217287,70.57397765430599,70.57330750421157
sum_absolute,0.0001,0,continuation_mu,496000,2,1.3333333333333334e-06,0.0006650708501041436,70.57397756559028,70.57331249474018
sum_absolute,0.0001,0,continuation_mu,497000,2,1.3333333333333334e-06,0.0006600525814519642,70.5739774784299,70.57331742584844
sum_absolute,0.0001,0,continuation_mu,498000,2,1.3333333333333334e-06,0.0006550943158742939,70.57397739279182,70.57332229847594
sum_absolute,0.0001,0,continuation_mu,499000,2,1.3333333333333334e-06,0.0006501950999364681,70.57397730864386,70.57332711354393
sum_absolute,0.0001,0,continuation_mu,500000,2,1.3333333333333334e-06,0.0006453539992037349,70.57397722595462,70.57333187195542
sum_absolute,0.0001,0,continuation_mu,501000,2,1.3333333333333334e-06,0.0006405700976728212,70.57397714469352,70.57333657459584
sum_absolute,0.0001,0,continuation_mu,502000,2,1.3333333333333334e-06,0.0006358424971608656,70.57397706483064,70.57334122233348
sum_absolute,0.0001,0,continuation_mu,503000,2,1.3333333333333334e-06,0.0006311703172343641,70.5739769863369,70.57334581601967
sum_absolute,0.0001,0,continuation_mu,504000,2,1.3333333333333334e-06,0.0006265526944986277,70.57397690918388,70.57335035648939
sum_absolute,0.0001,0,continuation_mu,505000,2,1.3333333333333334e-06,0.0006219887823419867,70.57397683334383,70.57335484456149
sum_absolute,0.0001,0,continuation_mu,506000,2,1.3333333333333334e-06,0.000617477750537887,70.57397675878971,70.57335928103917
sum_absolute,0.0001,0,continuation_mu,507000,2,1.3333333333333334e-06,0.0006130187848327751,70.57397668549513,70.57336366671029
sum_absolute,0.0001,0,continuation_mu,508000,2,1.3333333333333334e-06,0.0006086110865197725,70.57397661343431,70.57336800234779
sum_absolute,0.0001,0,continuation_mu,509000,2,1.3333333333333334e-06,0.0006042538723391999,70.57397654258213,70.57337228870979
sum_absolute,0.0001,0,continuation_mu,510000,2,1.3333333333333334e-06,0.0005999463737396127,70.57397647291401,70.57337652654027
sum_absolute,0.0001,0,continuation_mu,511000,2,1.3333333333333334e-06,0.0005956878368067464,70.57397640440604,70.57338071656923
sum_absolute,0.0001,0,continuation_mu,512000,2,1.3333333333333334e-06,0.0005914775219508783,70.5739763370348,70.57338485951284
sum_absolute,0.0001,0,continuation_mu,513000,2,1.3333333333333334e-06,0.0005873147033952364,70.57397627077748,70.57338895607408
sum_absolute,0.0001,0,continuation_mu,514000,2,1.3333333333333334e-06,0.00058319866901968,70.57397620561176,70.57339300694274
sum_absolute,0.0001,0,continuation_mu,515000,2,1.3333333333333334e-06,0.0005791287199912176,70.57397614151586,70.57339701279587
sum_absolute,0.0001,0,continuation_mu,516000,2,1.3333333333333334e-06,0.0005751041705366333,70.57397607846856,70.57340097429802
sum_absolute,0.0001,0,continuation_mu,517000,2,1.3333333333333334e-06,0.0005711243475161609,70.57397601644905,70.57340489210154
sum_absolute,0.0001,0,continuation_mu,518000,2,1.3333333333333334e-06,0.0005671885902245322,70.57397595543706,70.57340876684684
sum_absolute,0.0001,0,continuation_mu,519000,2,1.3333333333333334e-06,0.000563296250163603,70.57397589541277,70.57341259916261
sum_absolute,0.0001,0,continuation_mu,520000,2,1.3333333333333334e-06,0.0005594466907297146,70.57397583635684,70.57341638966611
sum_absolute,0.0001,0,continuation_mu,521000,2,1.3333333333333334e-06,0.0005556392869294768,70.57397577825034,70.57342013896341
sum_absolute,0.0001,0,continuation_mu,522000,2,1.3333333333333334e-06,0.0005518734250955504,70.5739757210748,70.5734238476497
sum_absolute,0.0001,0,continuation_mu,523000,2,1.3333333333333334e-06,0.000548148502815593,70.57397566481217,70.57342751630935
sum_absolute,0.0001,0,continuation_mu,524000,2,1.3333333333333334e-06,0.0005444639284206687,70.57397560944477,70.57343114551635
sum_absolute,0.0001,0,continuation_mu,525000,2,1.3333333333333334e-06,0.0005408191209710367,70.57397555495541,70.57343473583444
sum_absolute,0.0001,0,continuation_mu,526000,2,1.3333333333333334e-06,0.000537213510014567,70.5739755013272,70.57343828781718
sum_absolute,0.0001,0,continuation_mu,527000,2,1.3333333333333334e-06,0.0005336465351177822,70.57397544854365,70.57344180200853
sum_absolute,0.0001,0,continuation_mu,528000,2,1.3333333333333334e-06,0.0005301176459653334,70.5739753965887,70.57344527894273
sum_absolute,0.0001,0,continuation_mu,529000,2,1.3333333333333334e-06,0.0005266263020189399,70.57397534544657,70.57344871914455
sum_absolute,0.0001,0,continuation_mu,530000,2,1.3333333333333334e-06,0.0005231719722047501,70.57397529510186,70.57345212312966
sum_absolute,0.0001,0,continuation_mu,531000,2,1.3333333333333334e-06,0.0005197541349275525,70.57397524553956,70.57345549140463
sum_absolute,0.0001,0,continuation_mu,532000,2,1.3333333333333334e-06,0.0005163722775733959,70.5739751967449,70.57345882446732
sum_absolute,0.0001,0,continuation_mu,533000,2,1.3333333333333334e-06,0.000513025896708541,70.57397514870351,70.5734621228068
sum_absolute,0.0001,0,continuation_mu,534000,2,1.3333333333333334e-06,0.0005097144975394485,70.57397510140132,70.57346538690378
sum_absolute,0.0001,0,continuation_mu,535000,2,1.3333333333333334e-06,0.0005064375939127785,70.57397505482456,70.57346861723065
sum_absolute,0.0001,0,continuation_mu,536000,2,1.3333333333333334e-06,0.0005031947081874932,70.57397500895976,70.57347181425158
sum_absolute,0.0001,0,continuation_mu,537000,2,1.3333333333333334e-06,0.0004999853707516877,70.57397496379375,70.573474978423
sum_absolute,0.0001,0,continuation_mu,538000,2,1.3333333333333334e-06,0.000496809120207331,70.57397491931363,70.57347811019342
sum_absolute,0.0001,0,continuation_mu,539000,2,1.3333333333333334e-06,0.0004936655031286818,70.57397487550679,70.57348121000366
sum_absolute,0.0001,0,continuation_mu,540000,2,1.3333333333333334e-06,0.0004905540737070169,70.57397483236092,70.57348427828721
sum_absolute,0.0001,0,continuation_mu,541000,2,1.3333333333333334e-06,0.00048747439372220924,70.57397478986391,70.57348731547019
sum_absolute,0.0001,0,continuation_mu,542000,2,1.3333333333333334e-06,0.0004844260325143068,70.57397474800399,70.57349032197148
sum_absolute,0.0001,0,continuation_mu,543000,2,1.3333333333333334e-06,0.0004814085665998391,70.57397470676956,70.57349329820296
sum_absolute,0.0001,0,continuation_mu,544000,2,1.3333333333333334e-06,0.00047842157962918463,70.57397466614933,70.5734962445697
sum_absolute,0.0001,0,continuation_mu,545000,2,1.3333333333333334e-06,0.00047546466238657104,70.57397462613223,70.57349916146984
sum_absolute,0.0001,0,continuation_mu,546000,2,1.3333333333333334e-06,0.00047253741223585166,70.57397458670738,70.57350204929514
sum_absolute,0.0001,0,continuation_mu,547000,2,1.3333333333333334e-06,0.00046963943357525295,70.57397454786424,70.57350490843066
sum_absolute,0.0001,0,continuation_mu,548000,2,1.3333333333333334e-06,0.0004667703370273557,70.57397450959235,70.57350773925532
sum_absolute,0.0001,0,continuation_mu,549000,2,1.3333333333333334e-06,0.00046392974007858356,70.5739744718816,70.57351054214152
sum_absolute,0.0001,0,continuation_mu,550000,2,1.3333333333333334e-06,0.0004611172661554974,70.57397443472198,70.57351331745582
sum_absolute,0.0001,0,continuation_mu,551000,2,1.3333333333333334e-06,0.00045833254509375365,70.57397439810376,70.57351606555866
sum_absolute,0.0001,0,continuation_mu,552000,2,1.3333333333333334e-06,0.0004555752127402002,70.57397436201742,70.57351878680468
sum_absolute,0.0001,0,continuation_mu,553000,2,1.3333333333333334e-06,0.00045284491093866563,70.57397432645357,70.57352148154263
sum_absolute,0.0001,0,continuation_mu,554000,2,1.3333333333333334e-06,0.0004501412873167965,70.57397429140308,70.57352415011576
sum_absolute,0.0001,0,continuation_mu,555000,2,1.3333333333333334e-06,0.00044746399528605707,70.57397425685696,70.57352679286167
sum_absolute,0.0001,0,continuation_mu,556000,2,1.3333333333333334e-06,0.0004448126937717234,70.57397422280644,70.57352941011267
sum_absolute,0.0001,0,continuation_mu,557000,2,1.3333333333333334e-06,0.00044218704731235903,70.5739741892429,70.57353200219559
sum_absolute,0.0001,0,continuation_mu,558000,2,1.3333333333333334e-06,0.00043958672576138724,70.57397415615793,70.57353456943217
sum_absolute,0.0001,0,continuation_mu,559000,2,1.3333333333333334e-06,0.0004370114043723561,70.57397412354327,70.5735371121389
sum_absolute,0.0001,0,continuation_mu,560000,2,1.3333333333333334e-06,0.0004344607634862996,70.57397409139081,70.57353963062732
sum_absolute,0.0001,0,continuation_mu,561000,2,1.3333333333333334e-06,0.0004319344885459486,70.57397405969263,70.57354212520409
sum_absolute,0.0001,0,continuation_mu,562000,2,1.3333333333333334e-06,0.0004294322700673092,70.57397402844094,70.57354459617088
sum_absolute,0.0001,0,continuation_mu,563000,2,1.3333333333333334e-06,0.000426953803398078,70.57397399762819,70.57354704382479
sum_absolute,0.0001,0,continuation_mu,564000,2,1.3333333333333334e-06,0.0004244987886892204,70.57397396724686,70.57354946845817
sum_absolute,0.0001,0,continuation_mu,565000,2,1.3333333333333334e-06,0.00042206693092339265,70.57397393728965,70.57355187035873
sum_absolute,0.0001,0,continuation_mu,566000,2,1.3333333333333334e-06,0.00041965793957388087,70.57397390774943,70.57355424980986
sum_absolute,0.0001,0,continuation_mu,567000,2,1.3333333333333334e-06,0.00041727152867565565,70.57397387861913,70.57355660709045
sum_absolute,0.0001,0,continuation_mu,568000,2,1.3333333333333334e-06,0.0004149074168537936,70.5739738498919,70.57355894247505
sum_absolute,0.0001,0,continuation_mu,569000,2,1.3333333333333334e-06,0.0004125653268545193,70.57397382156093,70.57356125623407
sum_absolute,0.0001,0,continuation_mu,570000,2,1.3333333333333334e-06,0.0004102449859999524,70.5739737936197,70.5735635486337
sum_absolute,0.0001,0,continuation_mu,571000,2,1.3333333333333334e-06,0.0004079461256480954,70.57397376606164,70.573565819936
sum_absolute,0.0001,0,continuation_mu,572000,2,1.3333333333333334e-06,0.0004056684813775746,70.57397373888043,70.57356807039905
sum_absolute,0.0001,0,continuation_mu,573000,2,1.3333333333333334e-06,0.00040341179268921223,70.57397371206983,70.57357030027714
sum_absolute,0.0001,0,continuation_mu,574000,2,1.3333333333333334e-06,0.00040117580320497837,70.5739736856237,70.5735725098205
sum_absolute,0.0001,0,continuation_mu,575000,2,1.3333333333333334e-06,0.00039896026048324984,70.57397365953607,70.57357469927558
sum_absolute,0.0001,0,continuation_mu,576000,2,1.3333333333333334e-06,0.0003967649157914366,70.57397363380105,70.57357686888525
sum_absolute,0.0001,0,continuation_mu,577000,2,1.3333333333333334e-06,0.00039458952427651184,70.57397360841287,70.5735790188886
sum_absolute,0.0001,0,continuation_mu,578000,2,1.3333333333333334e-06,0.00039243384473763854,70.57397358336588,70.57358114952115
sum_absolute,0.0001,0,continuation_mu,579000,2,1.3333333333333334e-06,0.00039029763959774755,70.57397355865453,70.57358326101493
sum_absolute,0.0001,0,continuation_mu,580000,2,1.3333333333333334e-06,0.0003881806748324834,70.57397353427336,70.57358535359853
sum_absolute,0.0001,0,continuation_mu,581000,2,1.3333333333333334e-06,0.0003860827200554695,70.57397351021706,70.573587427497
sum_absolute,0.0001,0,continuation_mu,582000,2,1.3333333333333334e-06,0.0003840035481061932,70.57397348648038,70.57358948293228
sum_absolute,0.0001,0,continuation_mu,583000,2,1.3333333333333334e-06,0.0003819429354194881,70.57397346305815,70.57359152012273
sum_absolute,0.0001,0,continuation_mu,584000,2,1.3333333333333334e-06,0.0003799006615707867,70.57397343994538,70.5735935392838
sum_absolute,0.0001,0,continuation_mu,585000,2,1.3333333333333334e-06,0.0003778765095887593,70.5739734171371,70.57359554062751
sum_absolute,0.0001,0,continuation_mu,586000,2,1.3333333333333334e-06,0.0003758702655147772,70.57397339462844,70.57359752436292
sum_absolute,0.0001,0,continuation_mu,587000,2,1.3333333333333334e-06,0.0003738817185876542,70.57397337241466,70.57359949069607
sum_absolute,0.0001,0,continuation_mu,588000,2,1.3333333333333334e-06,0.00037191066130048966,70.57397335049106,70.57360143982976
sum_absolute,0.0001,0,continuation_mu,589000,2,1.3333333333333334e-06,0.00036995688893171064,70.5739733288531,70.57360337196417
sum_absolute,0.0001,0,continuation_mu,590000,2,1.3333333333333334e-06,0.00036802019992876467,70.57397330749623,70.5736052872963
sum_absolute,0.0001,0,continuation_mu,591000,2,1.3333333333333334e-06,0.0003661003955670594,70.57397328641605,70.57360718602048
sum_absolute,0.0001,0,continuation_mu,592000,2,1.3333333333333334e-06,0.0003641972800636495,70.5739732656082,70.57360906832814
sum_absolute,0.0001,0,continuation_mu,593000,2,1.3333333333333334e-06,0.0003623106604493387,70.57397324506846,70.57361093440801
sum_absolute,0.0001,0,continuation_mu,594000,2,1.3333333333333334e-06,0.0003604403465544692,70.57397322479264,70.57361278444608
sum_absolute,0.0001,0,continuation_mu,595000,2,1.3333333333333334e-06,0.0003585861508668131,70.57397320477659,70.57361461862573
sum_absolute,0.0001,0,continuation_mu,596000,2,1.3333333333333334e-06,0.0003567478886736808,70.57397318501637,70.5736164371277
sum_absolute,0.0001,0,continuation_mu,597000,2,1.3333333333333334e-06,0.00035492537780612565,70.57397316550794,70.57361824013013
sum_absolute,0.0001,0,continuation_mu,598000,2,1.3333333333333334e-06,0.0003531184387952635,70.57397314624748,70.57362002780869
sum_absolute,0.0001,0,continuation_mu,599000,2,1.3333333333333334e-06,0.0003513268946022663,70.57397312723111,70.57362180033651
sum_absolute,0.0001,0,continuation_mu,600000,2,1.3333333333333334e-06,0.00034955057077468155,70.57397310845516,70.57362355788439
sum_absolute,0.0001,0,continuation_mu,601000,2,1.3333333333333334e-06,0.00034778929529011293,70.57397308991591,70.57362530062062
sum_absolute,0.0001,0,continuation_mu,602000,2,1.3333333333333334e-06,0.0003460428986130637,70.57397307160974,70.57362702871113
sum_absolute,0.0001,0,continuation_mu,603000,2,1.3333333333333334e-06,0.0003443112134391413,70.57397305353314,70.5736287423197
sum_absolute,0.0001,0,continuation_mu,604000,2,1.3333333333333334e-06,0.0003425940750787504,70.5739730356826,70.57363044160752
sum_absolute,0.0001,0,continuation_mu,605000,2,1.3333333333333334e-06,0.00034089132081760454,70.57397301805472,70.5736321267339
sum_absolute,0.0001,0,continuation_mu,606000,2,1.3333333333333334e-06,0.00033920279044252766,70.5739730006461,70.57363379785566
sum_absolute,0.0001,0,continuation_mu,607000,2,1.3333333333333334e-06,0.00033752832595723703,70.5739729834535,70.57363545512754
sum_absolute,0.0001,0,continuation_mu,608000,2,1.3333333333333334e-06,0.0003358677713265479,70.57397296647363,70.5736370987023
sum_absolute,0.0001,0,continuation_mu,609000,2,1.3333333333333334e-06,0.0003342209729737533,70.57397294970332,70.57363872873034
sum_absolute,0.0001,0,continuation_mu,610000,2,1.3333333333333334e-06,0.0003325877792406118,70.57397293313943,70.57364034536019
sum_absolute,0.0001,0,continuation_mu,611000,2,1.3333333333333334e-06,0.0003309680405720883,70.5739729167789,70.57364194873833
sum_absolute,0.0001,0,continuation_mu,612000,2,1.3333333333333334e-06,0.00032936160965846284,70.57397290061871,70.57364353900905
sum_absolute,0.0001,0,continuation_mu,613000,2,1.3333333333333334e-06,0.00032776834089531803,70.57397288465589,70.57364511631499
sum_absolute,0.0001,0,continuation_mu,614000,2,1.3333333333333334e-06,0.0003261880908524972,70.57397286888752,70.57364668079667
sum_absolute,0.0001,0,continuation_mu,615000,2,1.3333333333333334e-06,0.00032462071801830916,70.57397285331072,70.5736482325927
sum_absolute,0.0001,0,continuation_mu,616000,2,1.3333333333333334e-06,0.00032306608281373883,70.57397283792271,70.5736497718399
sum_absolute,0.0001,0,continuation_mu,617000,2,1.3333333333333334e-06,0.00032152404750718233,70.57397282272069,70.57365129867318
sum_absolute,0.0001,0,continuation_mu,618000,2,1.3333333333333334e-06,0.0003199944762712903,70.57397280770196,70.57365281322569
sum_absolute,0.0001,0,continuation_mu,619000,2,1.3333333333333334e-06,0.00031847723504085934,70.57397279286381,70.57365431562877
sum_absolute,0.0001,0,continuation_mu,620000,2,1.3333333333333334e-06,0.0003169721915980972,70.57397277820368,70.57365580601208
sum_absolute,0.0001,0,continuation_mu,621000,2,1.3333333333333334e-06,0.0003154792154873576,70.57397276371893,70.57365728450344
sum_absolute,0.0001,0,continuation_mu,622000,2,1.3333333333333334e-06,0.0003139981779440859,70.57397274940703,70.57365875122909
sum_absolute,0.0001,0,continuation_mu,623000,2,1.3333333333333334e-06,0.0003125289520369279,70.5739727352655,70.57366020631346
sum_absolute,0.0001,0,continuation_mu,624000,2,1.3333333333333334e-06,0.00031107141234087976,70.57397272129188,70.57366164987954
sum_absolute,0.0001,0,continuation_mu,625000,2,1.3333333333333334e-06,0.00030962543527834896,70.57397270748373,70.57366308204845
sum_absolute,0.0001,0,continuation_mu,626000,2,1.3333333333333334e-06,0.00030819089877809347,70.57397269383875,70.57366450293998
sum_absolute,0.0001,0,continuation_mu,627000,2,1.3333333333333334e-06,0.00030676768244575214,70.57397268035456,70.57366591267211
sum_absolute,0.0001,0,continuation_mu,628000,2,1.3333333333333334e-06,0.00030535566735068187,70.57397266702885,70.5736673113615
sum_absolute,0.0001,0,continuation_mu,629000,2,1.3333333333333334e-06,0.00030395473625333125,70.5739726538594,70.57366869912315
sum_absolute,0.0001,0,continuation_mu,630000,2,1.3333333333333334e-06,0.00030256477339207777,70.57397264084398,70.57367007607058
sum_absolute,0.0001,0,continuation_mu,631000,2,1.3333333333333334e-06,0.00030118566456849294,70.57397262798042,70.57367144231586
sum_absolute,0.0001,0,continuation_mu,632000,2,1.3333333333333334e-06,0.00029981729693417947,70.57397261526657,70.57367279796964
sum_absolute,0.0001,0,continuation_mu,633000,2,1.3333333333333334e-06,0.0002984595592039341,70.57397260270031,70.5736741431411
sum_absolute,0.0001,0,continuation_mu,634000,2,1.3333333333333334e-06,0.00029711234148521726,70.5739725902796,70.57367547793811
sum_absolute,0.0001,0,continuation_mu,635000,2,1.3333333333333334e-06,0.0002957755354202618,70.57397257800235,70.57367680246693
sum_absolute,0.0001,0,continuation_mu,636000,2,1.3333333333333334e-06,0.0002944490338876449,70.5739725658666,70.57367811683271
sum_absolute,0.0001,0,continuation_mu,637000,2,1.3333333333333334e-06,0.0002931327311586074,70.57397255387036,70.5736794211392
sum_absolute,0.0001,0,continuation_mu,638000,2,1.3333333333333334e-06,0.00029182652301074086,70.5739725420117,70.57368071548869
sum_absolute,0.0001,0,continuation_mu,639000,2,1.3333333333333334e-06,0.0002905303063158726,70.5739725302887,70.57368199998238
sum_absolute,0.0001,0,continuation_mu,640000,2,1.3333333333333334e-06,0.00028924397950902403,70.57397251869949,70.57368327471998
sum_absolute,0.0001,0,continuation_mu,641000,2,1.3333333333333334e-06,0.00028796744211945224,70.57397250724225,70.57368453980013
sum_absolute,0.0001,0,continuation_mu,642000,2,1.3333333333333334e-06,0.0002867005949980239,70.57397249591507,70.57368579532007
sum_absolute,0.0001,0,continuation_mu,643000,2,1.3333333333333334e-06,0.0002854433403456369,70.57397248471628,70.57368704137593
sum_absolute,0.0001,0,continuation_mu,644000,2,1.3333333333333334e-06,0.000284195581443214,70.57397247364405,70.5736882780626
sum_absolute,0.0001,0,continuation_mu,645000,2,1.3333333333333334e-06,0.00028295722287907665,70.57397246269664,70.57368950547377
sum_absolute,0.0001,0,continuation_mu,646000,2,1.3333333333333334e-06,0.0002817281705063124,70.57397245187241,70.5736907237019
sum_absolute,0.0001,0,continuation_mu,647000,2,1.3333333333333334e-06,0.0002805083311443468,70.57397244116962,70.57369193283847
sum_absolute,0.0001,0,continuation_mu,648000,2,1.3333333333333334e-06,0.0002792976129626368,70.57397243058668,70.57369313297372
sum_absolute,0.0001,0,continuation_mu,649000,2,1.3333333333333334e-06,0.00027809592521066406,70.57397242012192,70.57369432419671
sum_absolute,0.0001,0,continuation_mu,650000,2,1.3333333333333334e-06,0.0002769031782889897,70.57397240977375,70.57369550659546
sum_absolute,0.0001,0,continuation_mu,651000,2,1.3333333333333334e-06,0.0002757192836213562,70.57397239954062,70.573696680257
sum_absolute,0.0001,0,continuation_mu,652000,2,1.3333333333333334e-06,0.00027454415381100716,70.57397238942097,70.57369784526716
sum_absolute,0.0001,0,continuation_mu,653000,2,1.3333333333333334e-06,0.00027337770254121097,70.57397237941328,70.57369900171074
sum_absolute,0.0001,0,continuation_mu,654000,2,1.3333333333333334e-06,0.0002722198444615742,70.57397236951606,70.5737001496716
sum_absolute,0.0001,0,continuation_mu,655000,2,1.3333333333333334e-06,0.0002710704954154153,70.57397235972782,70.5737012892324
sum_absolute,0.0001,0,continuation_mu,656000,2,1.3333333333333334e-06,0.00026992957215554725,70.5739723500471,70.57370242047494
sum_absolute,0.0001,0,continuation_mu,657000,2,1.3333333333333334e-06,0.00026879699245796473,70.5739723404725,70.57370354348004
sum_absolute,0.0001,0,continuation_mu,658000,2,1.3333333333333334e-06,0.0002676726752213199,70.57397233100261,70.57370465832739
sum_absolute,0.0001,0,continuation_mu,659000,2,1.3333333333333334e-06,0.0002665565401400727,70.57397232163603,70.5737057650959
sum_absolute,0.0001,0,continuation_mu,660000,2,1.3333333333333334e-06,0.00026544850800291897,70.57397231237141,70.5737068638634
sum_absolute,0.0001,0,continuation_mu,661000,2,1.3333333333333334e-06,0.0002643485005506818,70.5739723032074,70.57370795470685
sum_absolute,0.0001,0,continuation_mu,662000,2,1.3333333333333334e-06,0.0002632564404621007,70.57397229414266,70.5737090377022
sum_absolute,0.0001,0,continuation_mu,663000,2,1.3333333333333334e-06,0.00026217225133962074,70.57397228517591,70.57371011292457
sum_absolute,0.0001,0,continuation_mu,664000,2,1.3333333333333334e-06,0.0002610958576099165,70.57397227630588,70.57371118044827
sum_absolute,0.0001,0,continuation_mu,665000,2,1.3333333333333334e-06,0.00026002718475126585,70.57397226753129,70.57371224034654
sum_absolute,0.0001,0,continuation_mu,666000,2,1.3333333333333334e-06,0.0002589661590519654,70.57397225885092,70.57371329269186
sum_absolute,0.0001,0,continuation_mu,667000,2,1.3333333333333334e-06,0.0002579127077240173,70.57397225026352,70.5737143375558
sum_absolute,0.0001,0,continuation_mu,668000,2,1.3333333333333334e-06,0.00025686675874680986,70.57397224176788,70.57371537500913
sum_absolute,0.0001,0,continuation_mu,669000,2,1.3333333333333334e-06,0.00025582824108028035,70.57397223336284,70.57371640512176
sum_absolute,0.0001,0,continuation_mu,670000,2,1.3333333333333334e-06,0.0002547970844517522,70.57397222504723,70.57371742796278
sum_absolute,0.0001,0,continuation_mu,671000,2,1.3333333333333334e-06,0.00025377321934172414,70.57397221681987,70.57371844360053
sum_absolute,0.0001,0,continuation_mu,672000,2,1.3333333333333334e-06,0.00025275657732493073,70.57397220867966,70.57371945210234
sum_absolute,0.0001,0,continuation_mu,673000,2,1.3333333333333334e-06,0.000251747090416643,70.57397220062549,70.57372045353507
sum_absolute,0.0001,0,continuation_mu,674000,2,1.3333333333333334e-06,0.0002507446916411027,70.57397219265621,70.57372144796457
sum_absolute,0.0001,0,continuation_mu,675000,2,1.3333333333333334e-06,0.0002497493148467811,70.5739721847708,70.57372243545595
sum_absolute,0.0001,0,continuation_mu,676000,2,1.3333333333333334e-06,0.00024876089449321626,70.57397217696814,70.57372341607365
sum_absolute,0.0001,0,continuation_mu,677000,2,1.3333333333333334e-06,0.00024777936592101923,70.57397216924721,70.57372438988129
sum_absolute,0.0001,0,continuation_mu,678000,2,1.3333333333333334e-06,0.0002468046651529221,70.57397216160697,70.57372535694182
sum_absolute,0.0001,0,continuation_mu,679000,2,1.3333333333333334e-06,0.00024583672895062136,70.57397215404639,70.57372631731744
sum_absolute,0.0001,0,continuation_mu,680000,2,1.3333333333333334e-06,0.00024487549488583227,70.57397214656449,70.5737272710696
sum_absolute,0.0001,0,continuation_mu,681000,2,1.3333333333333334e-06,0.00024392090119818022,70.57397213916025,70.57372821825905
sum_absolute,0.0001,0,continuation_mu,682000,2,1.3333333333333334e-06,0.0002429728868520442,70.5739721318327,70.57372915894585
sum_absolute,0.0001,0,continuation_mu,683000,2,1.3333333333333334e-06,0.00024203139146550257,70.5739721245809,70.57373009318944
sum_absolute,0.0001,0,continuation_mu,684000,2,1.3333333333333334e-06,0.00024109635539559804,70.5739721174039,70.5737310210485
sum_absolute,0.0001,0,continuation_mu,685000,2,1.3333333333333334e-06,0.00024016771968149442,70.57397211030074,70.57373194258106
sum_absolute,0.0001,0,continuation_mu,686000,2,1.3333333333333334e-06,0.00023924542597342224,70.57397210327053,70.57373285784456
sum_absolute,0.0001,0,continuation_mu,687000,2,1.3333333333333334e-06,0.0002383294166889982,70.57397209631236,70.57373376689567
sum_absolute,0.0001,0,continuation_mu,688000,2,1.3333333333333334e-06,0.00023741963475742978,70.57397208942533,70.57373466979057
sum_absolute,0.0001,0,continuation_mu,689000,2,1.3333333333333334e-06,0.00023651602393215398,70.57397208260855,70.57373556658462
sum_absolute,0.0001,0,continuation_mu,690000,2,1.3333333333333334e-06,0.00023561852844977693,70.57397207586118,70.57373645733273
sum_absolute,0.0001,0,continuation_mu,691000,2,1.3333333333333334e-06,0.00023472709318639318,70.5739720691823,70.57373734208912
sum_absolute,0.0001,0,continuation_mu,692000,2,1.3333333333333334e-06,0.0002338416637996943,70.57397206257119,70.57373822090739
sum_absolute,0.0001,0,continuation_mu,693000,2,1.3333333333333334e-06,0.00023296218634527577,70.57397205602692,70.57373909384057
sum_absolute,0.0001,0,continuation_mu,694000,2,1.3333333333333334e-06,0.00023208860761769756,70.5739720495487,70.57373996094108
sum_absolute,0.0001,0,continuation_mu,695000,2,1.3333333333333334e-06,0.0002312208749231104,70.57397204313574,70.57374082226082
sum_absolute,0.0001,0,continuation_mu,696000,2,1.3333333333333334e-06,0.00023035893620715342,70.57397203678721,70.573741677851
sum_absolute,0.0001,0,continuation_mu,697000,2,1.3333333333333334e-06,0.0002295027400265326,70.57397203050236,70.57374252776233
sum_absolute,0.0001,0,continuation_mu,698000,2,1.3333333333333334e-06,0.00022865223537849033,70.5739720242804,70.57374337204502
sum_absolute,0.0001,0,continuation_mu,699000,2,1.3333333333333334e-06,0.00022780737198502266,70.57397201812057,70.57374421074859
sum_absolute,0.0001,0,continuation_mu,700000,2,1.3333333333333334e-06,0.00022696809999445122,70.57397201202212,70.57374504392213
sum_absolute,0.0001,0,continuation_mu,701000,2,1.3333333333333334e-06,0.00022613437023721872,70.57397200598434,70.57374587161411
sum_absolute,0.0001,0,continuation_mu,702000,2,1.3333333333333334e-06,0.0002253061338990392,70.57397200000646,70.57374669387256
sum_absolute,0.0001,0,continuation_mu,703000,2,1.3333333333333334e-06,0.00022448334284774774,70.5739719940878,70.57374751074495
sum_absolute,0.0001,0,continuation_mu,704000,2,1.3333333333333334e-06,0.00022366594943434848,70.57397198822758,70.57374832227815
sum_absolute,0.0001,0,continuation_mu,705000,2,1.3333333333333334e-06,0.00022285390654985804,70.5739719824252,70.57374912851866
sum_absolute,0.0001,0,continuation_mu,706000,2,1.3333333333333334e-06,0.0002220471675684621,70.5739719766799,70.57374992951233
sum_absolute,0.0001,0,continuation_mu,707000,2,1.3333333333333334e-06,0.00022124568640435882,70.57397197099102,70.57375072530462
sum_absolute,0.0001,0,continuation_mu,708000,2,1.3333333333333334e-06,0.0002204494173696503,70.5739719653579,70.57375151594053
sum_absolute,0.0001,0,continuation_mu,709000,2,1.3333333333333334e-06,0.0002196583154017162,70.57397195977985,70.57375230146445
sum_absolute,0.0001,0,continuation_mu,710000,2,1.3333333333333334e-06,0.00021887233589268362,70.57397195425625,70.57375308192036
sum_absolute,0.0001,0,continuation_mu,711000,2,1.3333333333333334e-06,0.0002180914347036378,70.57397194878648,70.57375385735178
sum_absolute,0.0001,0,continuation_mu,712000,2,1.3333333333333334e-06,0.00021731556807935704,70.57397194336983,70.57375462780175
sum_absolute,0.0001,0,continuation_mu,713000,2,1.3333333333333334e-06,0.00021654469293252987,70.57397193800574,70.57375539331281
sum_absolute,0.0001,0,continuation_mu,714000,2,1.3333333333333334e-06,0.00021577876647427274,70.57397193269355,70.57375615392708
sum_absolute,0.0001,0,continuation_mu,715000,2,1.3333333333333334e-06,0.0002150177463846603,70.57397192743271,70.57375690968632
sum_absolute,0.0001,0,continuation_mu,716000,2,1.3333333333333334e-06,0.000214261590855358,70.57397192222257,70.57375766063171
sum_absolute,0.0001,0,continuation_mu,717000,2,1.3333333333333334e-06,0.0002135102585043569,70.57397191706255,70.57375840680405
sum_absolute,0.0001,0,continuation_mu,718000,2,1.3333333333333334e-06,0.0002127637084043954,70.57397191195207,70.57375914824367
sum_absolute,0.0001,0,continuation_mu,719000,2,1.3333333333333334e-06,0.00021202190001190502,70.57397190689058,70.57375988499057
sum_absolute,0.0001,0,continuation_mu,720000,2,1.3333333333333334e-06,0.0002112847932380646,70.57397190187748,70.57376061708425
sum_absolute,0.0001,0,continuation_mu,721000,2,1.3333333333333334e-06,0.0002105523483919569,70.57397189691221,70.57376134456382
sum_absolute,0.0001,0,continuation_mu,722000,2,1.3333333333333334e-06,0.00020982452628004467,70.57397189199423,70.57376206746795
sum_absolute,0.0001,0,continuation_mu,723000,2,1.3333333333333334e-06,0.00020910128807827277,70.57397188712301,70.57376278583493
sum_absolute,0.0001,0,continuation_mu,724000,2,1.3333333333333334e-06,0.00020838259533206838,70.573971882298,70.57376349970266
sum_absolute,0.0001,0,continuation_mu,725000,2,1.3333333333333334e-06,0.0002076684099989734,70.57397187751864,70.57376420910865
sum_absolute,0.0001,0,continuation_mu,726000,2,1.3333333333333334e-06,0.00020695869447706627,70.57397187278445,70.57376491408998
sum_absolute,0.0001,0,continuation_mu,727000,2,1.3333333333333334e-06,0.00020625341147706422,70.5739718680949,70.57376561468342
sum_absolute,0.0001,0,continuation_mu,728000,2,1.3333333333333334e-06,0.00020555252424969694,70.57397186344949,70.57376631092524
sum_absolute,0.0001,0,continuation_mu,729000,2,1.3333333333333334e-06,0.00020485599627306783,70.57397185884768,70.57376700285141
sum_absolute,0.0001,0,continuation_mu,730000,2,1.3333333333333334e-06,0.00020416379143739505,70.57397185428903,70.57376769049759
sum_absolute,0.0001,0,continuation_mu,731000,2,1.3333333333333334e-06,0.0002034758740592224,70.57397184977302,70.57376837389896
sum_absolute,0.0001,0,continuation_mu,732000,2,1.3333333333333334e-06,0.00020279220878194337,70.57397184529918,70.5737690530904
sum_absolute,0.0001,0,continuation_mu,733000,2,1.3333333333333334e-06,0.00020211276059001193,70.573971840867,70.57376972810641
sum_absolute,0.0001,0,continuation_mu,734000,2,1.3333333333333334e-06,0.00020143749490841856,70.57397183647606,70.57377039898115
sum_absolute,0.0001,0,continuation_mu,735000,2,1.3333333333333334e-06,0.00020076637741794912,70.57397183212586,70.57377106574845
sum_absolute,0.0001,0,continuation_mu,736000,2,1.3333333333333334e-06,0.00020009937423992596,70.57397182781598,70.57377172844174
sum_absolute,0.0001,0,continuation_mu,736150,2,1.3333333333333334e-06,0.00019999967655337514,70.57397182717294,70.57377182749639
sum_absolute,0.0001,0,continuation_mu,736151,3,6.666666666666667e-07,10.79012501081177,70.57396932506575,59.783844314253976
sum_absolute,0.0001,0,continuation_mu,737000,3,6.666666666666667e-07,140.51695014284005,150.69597937330877,10.179029230468728
sum_absolute,0.0001,0,continuation_mu,738000,3,6.666666666666667e-07,116.26160378043562,137.97720236935686,21.71559858892124
sum_absolute,0.0001,0,continuation_mu,739000,3,6.666666666666667e-07,87.13084368004637,121.9929681685089,34.86212448846253
sum_absolute,0.0001,0,continuation_mu,740000,3,6.666666666666667e-07,60.55666119817022,106.37095538128696,45.81429418311674
sum_absolute,0.0001,0,continuation_mu,741000,3,6.666666666666667e-07,39.92235638036286,96.34549751031372,56.423141129950864
sum_absolute,0.0001,0,continuation_mu,742000,3,6.666666666666667e-07,27.493905565387344,89.34167558707028,61.84777002168294
sum_absolute,0.0001,0,continuation_mu,743000,3,6.666666666666667e-07,20.03710391699355,83.91018439287568,63.87308047588213
sum_absolute,0.0001,0,continuation_mu,744000,3,6.666666666666667e-07,15.242628598453848,81.38212123013881,66.13949263168496
sum_absolute,0.0001,0,continuation_mu,745000,3,6.666666666666667e-07,11.977513655600234,78.91313026966452,66.93561661406429
sum_absolute,0.0001,0,continuation_mu,746000,3,6.666666666666667e-07,9.653441432772198,77.45009486135916,67.79665342858696
sum_absolute,0.0001,0,continuation_mu,747000,3,6.666666666666667e-07,7.940344320012173,76.41225598945803,68.47191166944586
sum_absolute,0.0001,0,continuation_mu,748000,3,6.666666666666667e-07,6.6416824182307295,75.59539832709363,68.9537159088629
sum_absolute,0.0001,0,continuation_mu,749000,3,6.666666666666667e-07,5.632119477388983,74.93783953608929,69.3057200587003
sum_absolute,0.0001,0,continuation_mu,750000,3,6.666666666666667e-07,4.833735445776753,74.34705116745869,69.51331572168193
sum_absolute,0.0001,0,continuation_mu,751000,3,6.666666666666667e-07,4.1901654156447705,73.85209446916198,69.66192905351721
sum_absolute,0.0001,0,continuation_mu,752000,3,6.666666666666667e-07,3.6630721554402896,73.4548185749301,69.79174641948981
sum_absolute,0.0001,0,continuation_mu,753000,3,6.666666666666667e-07,3.227660554402533,73.05008079629616,69.82242024189362
sum_absolute,0.0001,0,continuation_mu,754000,3,6.666666666666667e-07,2.8620424156261492,72.77922093065163,69.91717851502548
sum_absolute,0.0001,0,continuation_mu,755000,3,6.666666666666667e-07,2.5519531239875732,72.56281028526041,70.01085716127284
sum_absolute,0.0001,0,continuation_mu,756000,3,6.666666666666667e-07,2.2875572288214556,72.39287138252641,70.10531415370495
sum_absolute,0.0001,0,continuation_mu,757000,3,6.666666666666667e-07,2.059690898513466,72.21942610264966,70.1597352041362
sum_absolute,0.0001,0,continuation_mu,758000,3,6.666666666666667e-07,1.8627401272933213,72.08502560430212,70.2222854770088
sum_absolute,0.0001,0,continuation_mu,759000,3,6.666666666666667e-07,1.6915667094931166,71.95916064338164,70.26759393388852
sum_absolute,0.0001,0,continuation_mu,760000,3,6.666666666666667e-07,1.5397364913211504,71.83671087281743,70.29697438149628
sum_absolute,0.0001,0,continuation_mu,761000,3,6.666666666666667e-07,1.4049740949616023,71.72660993333608,70.32163583837448
sum_absolute,0.0001,0,continuation_mu,762000,3,6.666666666666667e-07,1.2856317826385038,71.63395548890698,70.34832370626847
sum_absolute,0.0001,0,continuation_mu,763000,3,6.666666666666667e-07,1.1800368110051522,71.54152230887885,70.3614854978737
sum_absolute,0.0001,0,continuation_mu,764000,3,6.666666666666667e-07,1.0862192476767945,71.46470598070235,70.37848673302555
sum_absolute,0.0001,0,continuation_mu,765000,3,6.666666666666667e-07,1.00015745561997,71.40351912911919,70.40336167349922
sum_absolute,0.0001,0,continuation_mu,766000,3,6.666666666666667e-07,0.9236732138764125,71.34207289988092,70.4183996860045
sum_absolute,0.0001,0,continuation_mu,767000,3,6.666666666666667e-07,0.8531951154117081,71.29231060509355,70.43911548968184
sum_absolute,0.0001,0,continuation_mu,768000,3,6.666666666666667e-07,0.7889336086588372,71.24351683190487,70.45458322324603
sum_absolute,0.0001,0,continuation_mu,769000,3,6.666666666666667e-07,0.7320354668507747,71.19884113022897,70.4668056633782
sum_absolute,0.0001,0,continuation_mu,770000,3,6.666666666666667e-07,0.680436748435838,71.15044270233334,70.4700059538975
sum_absolute,0.0001,0,continuation_mu,771000,3,6.666666666666667e-07,0.633229596612324,71.11447348192914,70.48124388531681
sum_absolute,0.0001,0,continuation_mu,772000,3,6.666666666666667e-07,0.5915364551797211,71.08089176253645,70.48935530735673
sum_absolute,0.0001,0,continuation_mu,773000,3,6.666666666666667e-07,0.5530392453953112,71.04905347762983,70.49601423223451
sum_absolute,0.0001,0,continuation_mu,774000,3,6.666666666666667e-07,0.5176786701504312,71.02043927797733,70.5027606078269
sum_absolute,0.0001,0,continuation_mu,775000,3,6.666666666666667e-07,0.48618978032384064,70.99543346774368,70.50924368741984
sum_absolute,0.0001,0,continuation_mu,776000,3,6.666666666666667e-07,0.4571114874341049,70.97185620313431,70.5147447157002
sum_absolute,0.0001,0,continuation_mu,777000,3,6.666666666666667e-07,0.4313029469645784,70.94985276492706,70.51854981796248
sum_absolute,0.0001,0,continuation_mu,778000,3,6.666666666666667e-07,0.40765988127731134,70.93030484755931,70.522644966282
sum_absolute,0.0001,0,continuation_mu,779000,3,6.666666666666667e-07,0.3863844093429094,70.91108854578935,70.52470413644645
sum_absolute,0.0001,0,continuation_mu,780000,3,6.666666666666667e-07,0.3669016612682867,70.89380754263647,70.52690588136818
sum_absolute,0.0001,0,continuation_mu,781000,3,6.666666666666667e-07,0.34894918917933637,70.8771787978269,70.52822960864756
sum_absolute,0.0001,0,continuation_mu,782000,3,6.666666666666667e-07,0.332215688346281,70.86273121972661,70.53051553138033
sum_absolute,0.0001,0,continuation_mu,783000,3,6.666666666666667e-07,0.31692580370230417,70.84886785864134,70.53194205493904
sum_absolute,0.0001,0,continuation_mu,784000,3,6.666666666666667e-07,0.3024226753911279,70.83732092579815,70.53489825040702
sum_absolute,0.0001,0,continuation_mu,785000,3,6.666666666666667e-07,0.2888639846488843,70.82486408484976,70.53600010020088
sum_absolute,0.0001,0,continuation_mu,786000,3,6.666666666666667e-07,0.2757180595729949,70.81463571497838,70.53891765540538
sum_absolute,0.0001,0,continuation_mu,787000,3,6.666666666666667e-07,0.2635473653802336,70.8050765315479,70.54152916616766
sum_absolute,0.0001,0,continuation_mu,788000,3,6.666666666666667e-07,0.2520877995800106,70.79448353924377,70.54239573966376
sum_absolute,0.0001,0,continuation_mu,789000,3,6.666666666666667e-07,0.2411643677936155,70.78475492403864,70.54359055624502
sum_absolute,0.0001,0,continuation_mu,790000,3,6.666666666666667e-07,0.23081992063991663,70.77594112652649,70.54512120588657
sum_absolute,0.0001,0,continuation_mu,791000,3,6.666666666666667e-07,0.2212862246720988,70.76758900450184,70.54630277982974
sum_absolute,0.0001,0,continuation_mu,792000,3,6.666666666666667e-07,0.2124943215838755,70.75964531028771,70.54715098870383
sum_absolute,0.0001,0,continuation_mu,793000,3,6.666666666666667e-07,0.20387316843522285,70.75206582801815,70.54819265958292
sum_absolute,0.0001,0,continuation_mu,794000,3,6.666666666666667e-07,0.1957653768800185,70.74490076081459,70.54913538393457
sum_absolute,0.0001,0,continuation_mu,795000,3,6.666666666666667e-07,0.18815704175135295,70.73805731332908,70.54990027157773
sum_absolute,0.0001,0,continuation_mu,796000,3,6.666666666666667e-07,0.18096132789655428,70.7316290544283,70.55066772653174
sum_absolute,0.0001,0,continuation_mu,797000,3,6.666666666666667e-07,0.17418246033930984,70.72549055139896,70.55130809105965
sum_absolute,0.0001,0,continuation_mu,798000,3,6.666666666666667e-07,0.16774060537953517,70.71962887415219,70.55188826877266
sum_absolute,0.0001,0,continuation_mu,799000,3,6.666666666666667e-07,0.16155047258165212,70.71409999818849,70.55254952560684
sum_absolute,0.0001,0,continuation_mu,800000,3,6.666666666666667e-07,0.1556157102747875,70.70873999192533,70.55312428165054
sum_absolute,0.0001,0,continuation_mu,801000,3,6.666666666666667e-07,0.14995631448897484,70.70360182258824,70.55364550809927
sum_absolute,0.0001,0,continuation_mu,802000,3,6.666666666666667e-07,0.14445677259092804,70.6986934403239,70.55423666773297
sum_absolute,0.0001,0,continuation_mu,803000,3,6.666666666666667e-07,0.13928696459892365,70.6940104632985,70.55472349869957
sum_absolute,0.0001,0,continuation_mu,804000,3,6.666666666666667e-07,0.13432570456150472,70.68951379246259,70.55518808790109
sum_absolute,0.0001,0,continuation_mu,805000,3,6.666666666666667e-07,0.12956784411811384,70.68519528888345,70.55562744476534
sum_absolute,0.0001,0,continuation_mu,806000,3,6.666666666666667e-07,0.12488168016625423,70.68194475947297,70.55706307930672
sum_absolute,0.0001,0,continuation_mu,807000,3,6.666666666666667e-07,0.120270463826742,70.67759487125568,70.55732440742894
sum_absolute,0.0001,0,continuation_mu,808000,3,6.666666666666667e-07,0.1158559007119635,70.67378035565403,70.55792445494207
sum_absolute,0.0001,0,continuation_mu,809000,3,6.666666666666667e-07,0.11165799287510936,70.67016517314619,70.55850718027108
sum_absolute,0.0001,0,continuation_mu,810000,3,6.666666666666667e-07,0.10775267493849583,70.66670067927481,70.55894800433632
sum_absolute,0.0001,0,continuation_mu,811000,3,6.666666666666667e-07,0.10397844310800508,70.66329307715438,70.55931463404637
sum_absolute,0.0001,0,continuation_mu,812000,3,6.666666666666667e-07,0.10032116252862977,70.66006751646313,70.5597463539345
sum_absolute,0.0001,0,continuation_mu,813000,3,6.666666666666667e-07,0.09689445037267319,70.65696918118778,70.5600747308151
sum_absolute,0.0001,0,continuation_mu,814000,3,6.666666666666667e-07,0.09353070116578976,70.65397074422292,70.56044004305713
sum_absolute,0.0001,0,continuation_mu,815000,3,6.666666666666667e-07,0.09028633663534436,70.6510530452158,70.56076670858046
sum_absolute,0.0001,0,continuation_mu,816000,3,6.666666666666667e-07,0.08715995061703552,70.6482342037909,70.56107425317387
sum_absolute,0.0001,0,continuation_mu,817000,3,6.666666666666667e-07,0.08416548687071668,70.64551480376079,70.56134931689007
sum_absolute,0.0001,0,continuation_mu,818000,3,6.666666666666667e-07,0.08132480675479314,70.64294882681318,70.56162402005839
sum_absolute,0.0001,0,continuation_mu,819000,3,6.666666666666667e-07,0.07851046848564636,70.64038333153759,70.56187286305195
sum_absolute,0.0001,0,continuation_mu,820000,3,6.666666666666667e-07,0.07572891067650289,70.63797538628666,70.56224647561015
sum_absolute,0.0001,0,continuation_mu,821000,3,6.666666666666667e-07,0.07292659336562224,70.6355985865324,70.56267199316677
sum_absolute,0.0001,0,continuation_mu,822000,3,6.666666666666667e-07,0.07034935622814942,70.63325763933983,70.56290828311168
sum_absolute,0.0001,0,continuation_mu,823000,3,6.666666666666667e-07,0.06781297450237389,70.63097306979964,70.56316009529726
sum_absolute,0.0001,0,continuation_mu,824000,3,6.666666666666667e-07,0.06537756099629632,70.62875943332429,70.563381872328
sum_absolute,0.0001,0,continuation_mu,825000,3,6.666666666666667e-07,0.06301617822377636,70.62661634737488,70.5636001691511
sum_absolute,0.0001,0,continuation_mu,826000,3,6.666666666666667e-07,0.06078038462727875,70.62456288453708,70.5637824999098
sum_absolute,0.0001,0,continuation_mu,827000,3,6.666666666666667e-07,0.05859107946990605,70.62255263263381,70.5639615531639
sum_absolute,0.0001,0,continuation_mu,828000,3,6.666666666666667e-07,0.056456951570638125,70.62059457249241,70.56413762092177
sum_absolute,0.0001,0,continuation_mu,829000,3,6.666666666666667e-07,0.054378942619109694,70.61868882827983,70.56430988566072
sum_absolute,0.0001,0,continuation_mu,830000,3,6.666666666666667e-07,0.0523641189830073,70.61683374380164,70.56446962481863
sum_absolute,0.0001,0,continuation_mu,831000,3,6.666666666666667e-07,0.05040256991888725,70.6150253242542,70.56462275433532
sum_absolute,0.0001,0,continuation_mu,832000,3,6.666666666666667e-07,0.04839796141352792,70.61333962304755,70.56494166163402
sum_absolute,0.0001,0,continuation_mu,833000,3,6.666666666666667e-07,0.04643678470065993,70.61158805351529,70.56515126881463
sum_absolute,0.0001,0,continuation_mu,834000,3,6.666666666666667e-07,0.04455498495714494,70.60991610744695,70.5653611224898
sum_absolute,0.0001,0,continuation_mu,835000,3,6.666666666666667e-07,0.042788715879169104,70.6083062483282,70.56551753244904
sum_absolute,0.0001,0,continuation_mu,836000,3,6.666666666666667e-07,0.04107420113372484,70.6067411948861,70.56566699375237
sum_absolute,0.0001,0,continuation_mu,837000,3,6.666666666666667e-07,0.03938677813758318,70.60520560625143,70.56581882811385
sum_absolute,0.0001,0,continuation_mu,838000,3,6.666666666666667e-07,0.03773914880420648,70.60372475521044,70.56598560640623
sum_absolute,0.0001,0,continuation_mu,839000,3,6.666666666666667e-07,0.036132127166837336,70.60225616903298,70.56612404186615
sum_absolute,0.0001,0,continuation_mu,840000,3,6.666666666666667e-07,0.03455681953400358,70.60082770057284,70.56627088103883
sum_absolute,0.0001,0,continuation_mu,841000,3,6.666666666666667e-07,0.03303650434762062,70.59943723534542,70.5664007309978
sum_absolute,0.0001,0,continuation_mu,842000,3,6.666666666666667e-07,0.031550074906647296,70.59807734617058,70.56652727126394
sum_absolute,0.0001,0,continuation_mu,843000,3,6.666666666666667e-07,0.030098155783989,70.59674747204274,70.56664931625875
sum_absolute,0.0001,0,continuation_mu,844000,3,6.666666666666667e-07,0.02867869373119447,70.59544617245092,70.56676747871973
sum_absolute,0.0001,0,continuation_mu,845000,3,6.666666666666667e-07,0.027290426927507383,70.59417238515479,70.56688195822728
sum_absolute,0.0001,0,continuation_mu,846000,3,6.666666666666667e-07,0.025932206493223475,70.5929251169648,70.56699291047158
sum_absolute,0.0001,0,continuation_mu,847000,3,6.666666666666667e-07,0.024602951026068354,70.59170342675131,70.56710047572524
sum_absolute,0.0001,0,continuation_mu,848000,3,6.666666666666667e-07,0.02330163243252059,70.590506417532,70.56720478509948
sum_absolute,0.0001,0,continuation_mu,849000,3,6.666666666666667e-07,0.02202726848132386,70.58933323154787,70.56730596306654
sum_absolute,0.0001,0,continuation_mu,850000,3,6.666666666666667e-07,0.02075212796310666,70.58818439431215,70.56743226634904
sum_absolute,0.0001,0,continuation_mu,851000,3,6.666666666666667e-07,0.019388743944304565,70.58700197666766,70.56761323272336
sum_absolute,0.0001,0,continuation_mu,852000,3,6.666666666666667e-07,0.01812259279256523,70.58586658840298,70.56774399561041
sum_absolute,0.0001,0,continuation_mu,853000,3,6.666666666666667e-07,0.01690090783571918,70.58476046988304,70.56785956204732
sum_absolute,0.0001,0,continuation_mu,854000,3,6.666666666666667e-07,0.015705609277532062,70.58367283565067,70.56796722637314
sum_absolute,0.0001,0,continuation_mu,855000,3,6.666666666666667e-07,0.0145750120450856,70.5826330772644,70.56805806521932
sum_absolute,0.0001,0,continuation_mu,856000,3,6.666666666666667e-07,0.01346805488326197,70.58161126781452,70.56814321293126
sum_absolute,0.0001,0,continuation_mu,857000,3,6.666666666666667e-07,0.012384745205537229,70.58060908062066,70.56822433541512
sum_absolute,0.0001,0,continuation_mu,858000,3,6.666666666666667e-07,0.011320483162450046,70.57962389587874,70.56830341271629
sum_absolute,0.0001,0,continuation_mu,859000,3,6.666666666666667e-07,0.010275141701072243,70.57865543534615,70.56838029364508
sum_absolute,0.0001,0,continuation_mu,860000,3,6.666666666666667e-07,0.00924820071168142,70.57770321331805,70.56845501260636
sum_absolute,0.0001,0,continuation_mu,861000,3,6.666666666666667e-07,0.008239096026315451,70.57676673078977,70.56852763476346
sum_absolute,0.0001,0,continuation_mu,862000,3,6.666666666666667e-07,0.007243813498376994,70.57584401034975,70.56860019685138
sum_absolute,0.0001,0,continuation_mu,863000,3,6.666666666666667e-07,0.0062665716428398355,70.57493669442057,70.56867012277773
sum_absolute,0.0001,0,continuation_mu,864000,3,6.666666666666667e-07,0.005359069798586802,70.57418708308222,70.56882801328364
sum_absolute,0.0001,0,continuation_mu,865000,3,6.666666666666667e-07,0.005182150913057626,70.57425689969585,70.5690747487828
sum_absolute,0.0001,0,continuation_mu,866000,3,6.666666666666667e-07,0.005066840618866308,70.57426960967953,70.56920276906067
sum_absolute,0.0001,0,continuation_mu,867000,3,6.666666666666667e-07,0.004979567277317187,70.57427902055858,70.56929945328126
sum_absolute,0.0001,0,continuation_mu,868000,3,6.666666666666667e-07,0.004892349814667796,70.57426900963766,70.56937665982299
sum_absolute,0.0001,0,continuation_mu,869000,3,6.666666666666667e-07,0.004803893617776112,70.57425022646675,70.56944633284897
sum_absolute,0.0001,0,continuation_mu,870000,3,6.666666666666667e-07,0.004711400774255026,70.57423054713422,70.56951914635997
sum_absolute,0.0001,0,continuation_mu,871000,3,6.666666666666667e-07,0.004609110919361115,70.57422470802861,70.56961559710925
sum_absolute,0.0001,0,continuation_mu,872000,3,6.666666666666667e-07,0.0045356045534106215,70.57421870840685,70.56968310385344
sum_absolute,0.0001,0,continuation_mu,873000,3,6.666666666666667e-07,0.004466664477220661,70.57421285992713,70.56974619544991
sum_absolute,0.0001,0,continuation_mu,874000,3,6.666666666666667e-07,0.004400070640727449,70.57420453493965,70.56980446429893
sum_absolute,0.0001,0,continuation_mu,875000,3,6.666666666666667e-07,0.004334881643487165,70.57419377386533,70.56985889222184
sum_absolute,0.0001,0,continuation_mu,876000,3,6.666666666666667e-07,0.004271019259761033,70.57418070303493,70.56990968377517
sum_absolute,0.0001,0,continuation_mu,877000,3,6.666666666666667e-07,0.004208416663189496,70.57416544799585,70.56995703133266
sum_absolute,0.0001,0,continuation_mu,878000,3,6.666666666666667e-07,0.004133626279539726,70.57416001509816,70.57002638881862
sum_absolute,0.0001,0,continuation_mu,879000,3,6.666666666666667e-07,0.0040679770319371755,70.5741531715746,70.57008519454266
sum_absolute,0.0001,0,continuation_mu,880000,3,6.666666666666667e-07,0.004007570113188308,70.57414559277187,70.57013802265868
sum_absolute,0.0001,0,continuation_mu,881000,3,6.666666666666667e-07,0.003950410072789623,70.57413729794389,70.5701868878711
sum_absolute,0.0001,0,continuation_mu,882000,3,6.666666666666667e-07,0.003892765824943467,70.5741273871345,70.57023462130955
sum_absolute,0.0001,0,continuation_mu,883000,3,6.666666666666667e-07,0.0038355737845563453,70.5741189178887,70.57028334410414
sum_absolute,0.0001,0,continuation_mu,884000,3,6.666666666666667e-07,0.0037809948275508987,70.57410874253564,70.57032774770809
sum_absolute,0.0001,0,continuation_mu,885000,3,6.666666666666667e-07,0.0037288644859074793,70.57409871429765,70.57036984981174
sum_absolute,0.0001,0,continuation_mu,886000,3,6.666666666666667e-07,0.0036655901203204166,70.57409412214206,70.57042853202174
sum_absolute,0.0001,0,continuation_mu,887000,3,6.666666666666667e-07,0.003604015446114772,70.57409154186233,70.57048752641622
sum_absolute,0.0001,0,continuation_mu,888000,3,6.666666666666667e-07,0.0035544371694271604,70.57408759641088,70.57053315924145
sum_absolute,0.0001,0,continuation_mu,889000,3,6.666666666666667e-07,0.0035059708525579936,70.57408189900855,70.57057592815599
sum_absolute,0.0001,0,continuation_mu,890000,3,6.666666666666667e-07,0.0034578716088162764,70.57407641604547,70.57061854443666
sum_absolute,0.0001,0,continuation_mu,891000,3,6.666666666666667e-07,0.0034106288857884692,70.57407041876084,70.57065978987505
sum_absolute,0.0001,0,continuation_mu,892000,3,6.666666666666667e-07,0.0033657453255813152,70.5740658694569,70.57070012413132
sum_absolute,0.0001,0,continuation_mu,893000,3,6.666666666666667e-07,0.0033219521692444687,70.57406075085905,70.5707387986898
sum_absolute,0.0001,0,continuation_mu,894000,3,6.666666666666667e-07,0.0032768701808265632,70.57405651133408,70.57077964115325
sum_absolute,0.0001,0,continuation_mu,895000,3,6.666666666666667e-07,0.0032247690215854163,70.57405313349045,70.57082836446887
sum_absolute,0.0001,0,continuation_mu,896000,3,6.666666666666667e-07,0.0031797380428031374,70.57405048849824,70.57087075045544
sum_absolute,0.0001,0,continuation_mu,897000,3,6.666666666666667e-07,0.0031390609566130934,70.57404829641317,70.57090923545655
sum_absolute,0.0001,0,continuation_mu,898000,3,6.666666666666667e-07,0.0030997413398949902,70.57404610274534,70.57094636140545
sum_absolute,0.0001,0,continuation_mu,899000,3,6.666666666666667e-07,0.003060915919760987,70.57404365458939,70.57098273866963
sum_absolute,0.0001,0,continuation_mu,900000,3,6.666666666666667e-07,0.0030224761011368173,70.57404181808374,70.5710193419826
sum_absolute,0.0001,0,continuation_mu,901000,3,6.666666666666667e-07,0.0029854580653108087,70.57404012768066,70.57105466961535
sum_absolute,0.0001,0,continuation_mu,902000,3,6.666666666666667e-07,0.002948986537077758,70.57403831981746,70.57108933328038
sum_absolute,0.0001,0,continuation_mu,903000,3,6.666666666666667e-07,0.002913274640718555,70.57403663420274,70.57112335956202
sum_absolute,0.0001,0,continuation_mu,904000,3,6.666666666666667e-07,0.0028782028423535166,70.57403497326449,70.57115677042214
sum_absolute,0.0001,0,continuation_mu,905000,3,6.666666666666667e-07,0.0028437659288158557,70.57403334684963,70.57118958092082
sum_absolute,0.0001,0,continuation_mu,906000,3,6.666666666666667e-07,0.0028099270937076426,70.57403177375467,70.57122184666096
sum_absolute,0.0001,0,continuation_mu,907000,3,6.666666666666667e-07,0.002776709496941976,70.57403023757662,70.57125352807968
sum_absolute,0.0001,0,continuation_mu,908000,3,6.666666666666667e-07,0.0027440876902034006,70.5740287448425,70.57128465715229
sum_absolute,0.0001,0,continuation_mu,909000,3,6.666666666666667e-07,0.0027120425708631046,70.57402728898344,70.57131524641258
sum_absolute,0.0001,0,continuation_mu,910000,3,6.666666666666667e-07,0.002680559039106356,70.5740258678117,70.57134530877259
sum_absolute,0.0001,0,continuation_mu,911000,3,6.666666666666667e-07,0.002649624984485399,70.57402448125214,70.57137485626765
sum_absolute,0.0001,0,continuation_mu,912000,3,6.666666666666667e-07,0.0026192274169716256,70.57402312796715,70.57140390055018
sum_absolute,0.0001,0,continuation_mu,913000,3,6.666666666666667e-07,0.0025893540207420074,70.57402180702523,70.57143245300449
sum_absolute,0.0001,0,continuation_mu,914000,3,6.666666666666667e-07,0.0025599928379733683,70.57402051751022,70.57146052467225
sum_absolute,0.0001,0,continuation_mu,915000,3,6.666666666666667e-07,0.002531132212439502,70.57401925850222,70.57148812628978
sum_absolute,0.0001,0,continuation_mu,916000,3,6.666666666666667e-07,0.0025027608326126938,70.57401802912919,70.57151526829658
sum_absolute,0.0001,0,continuation_mu,917000,3,6.666666666666667e-07,0.0024748677026735777,70.57401682854575,70.57154196084308
sum_absolute,0.0001,0,continuation_mu,918000,3,6.666666666666667e-07,0.002447442132833544,70.57401565593388,70.57156821380104
sum_absolute,0.0001,0,continuation_mu,919000,3,6.666666666666667e-07,0.0024204737308224367,70.57401451050357,70.57159403677275
sum_absolute,0.0001,0,continuation_mu,920000,3,6.666666666666667e-07,0.0023939523912588356,70.57401339149084,70.57161943909958
sum_absolute,0.0001,0,continuation_mu,921000,3,6.666666666666667e-07,0.002367868286356156,70.57401229815687,70.57164442987052
sum_absolute,0.0001,0,continuation_mu,922000,3,6.666666666666667e-07,0.002342211856699805,70.57401122978715,70.57166901793045
sum_absolute,0.0001,0,continuation_mu,923000,3,6.666666666666667e-07,0.002316973802862776,70.57401018569051,70.57169321188765
sum_absolute,0.0001,0,continuation_mu,924000,3,6.666666666666667e-07,0.0022921450763675466,70.57400916519818,70.57171702012181
sum_absolute,0.0001,0,continuation_mu,925000,3,6.666666666666667e-07,0.002267716872339065,70.57400816766311,70.57174045079077
sum_absolute,0.0001,0,continuation_mu,926000,3,6.666666666666667e-07,0.0022436806210066607,70.57400719245902,70.57176351183801
sum_absolute,0.0001,0,continuation_mu,927000,3,6.666666666666667e-07,0.002220027980655459,70.5740062389797,70.57178621099905
sum_absolute,0.0001,0,continuation_mu,928000,3,6.666666666666667e-07,0.002196750830293581,70.57400530663831,70.57180855580802
sum_absolute,0.0001,0,continuation_mu,929000,3,6.666666666666667e-07,0.002173841262489873,70.57400439486655,70.57183055360406
sum_absolute,0.0001,0,continuation_mu,930000,3,6.666666666666667e-07,0.002151291576964809,70.57400350311407,70.5718522115371
sum_absolute,0.0001,0,continuation_mu,931000,3,6.666666666666667e-07,0.002129094273854548,70.57400263084786,70.571873536574
sum_absolute,0.0001,0,continuation_mu,932000,3,6.666666666666667e-07,0.0021072420476855314,70.57400177755153,70.57189453550384
sum_absolute,0.0001,0,continuation_mu,933000,3,6.666666666666667e-07,0.0020857277812211805,70.57400094272474,70.57191521494352
sum_absolute,0.0001,0,continuation_mu,934000,3,6.666666666666667e-07,0.0020645445398628226,70.57400012588275,70.57193558134288
sum_absolute,0.0001,0,continuation_mu,935000,3,6.666666666666667e-07,0.002043685565709552,70.57399932655562,70.57195564098991
sum_absolute,0.0001,0,continuation_mu,936000,3,6.666666666666667e-07,0.0020231442726128535,70.57399854428792,70.5719754000153
sum_absolute,0.0001,0,continuation_mu,937000,3,6.666666666666667e-07,0.0020029142406627898,70.57399777863809,70.57199486439742
sum_absolute,0.0001,0,continuation_mu,938000,3,6.666666666666667e-07,0.001982989211242625,70.573997029178,70.57201403996676
sum_absolute,0.0001,0,continuation_mu,939000,3,6.666666666666667e-07,0.0019633630823250314,70.57399629549252,70.5720329324102
sum_absolute,0.0001,0,continuation_mu,940000,3,6.666666666666667e-07,0.0019440299036546094,70.57399557717892,70.57205154727527
sum_absolute,0.0001,0,continuation_mu,941000,3,6.666666666666667e-07,0.001924983872228836,70.57399487384663,70.5720698899744
sum_absolute,0.0001,0,continuation_mu,942000,3,6.666666666666667e-07,0.0019062193280916517,70.57399418511669,70.5720879657886
sum_absolute,0.0001,0,continuation_mu,943000,3,6.666666666666667e-07,0.001887730750013361,70.57399351062139,70.57210577987138
sum_absolute,0.0001,0,continuation_mu,944000,3,6.666666666666667e-07,0.0018695127514263277,70.57399285000399,70.57212333725256
sum_absolute,0.0001,0,continuation_mu,945000,3,6.666666666666667e-07,0.0018515600765596218,70.57399220291809,70.57214064284153
sum_absolute,0.0001,0,continuation_mu,946000,3,6.666666666666667e-07,0.0018338675965452467,70.57399156902758,70.57215770143104
sum_absolute,0.0001,0,continuation_mu,947000,3,6.666666666666667e-07,0.0018164303060359543,70.57399094800608,70.57217451770005
sum_absolute,0.0001,0,continuation_mu,948000,3,6.666666666666667e-07,0.0017992433192546287,70.57399033953673,70.57219109621748
sum_absolute,0.0001,0,continuation_mu,949000,3,6.666666666666667e-07,0.0017823018668821078,70.57398974331184,70.57220744144496
sum_absolute,0.0001,0,continuation_mu,950000,3,6.666666666666667e-07,0.0017656012925897357,70.57398915903252,70.57222355773993
sum_absolute,0.0001,0,continuation_mu,951000,3,6.666666666666667e-07,0.001749137049955607,70.57398858640849,70.57223944935853
sum_absolute,0.0001,0,continuation_mu,952000,3,6.666666666666667e-07,0.0017329046992955455,70.57398802515776,70.57225512045846
sum_absolute,0.0001,0,continuation_mu,953000,3,6.666666666666667e-07,0.0017168999046930367,70.57398747500638,70.57227057510168
sum_absolute,0.0001,0,continuation_mu,954000,3,6.666666666666667e-07,0.00170111843105758,70.57398693568805,70.572285817257
sum_absolute,0.0001,0,continuation_mu,955000,3,6.666666666666667e-07,0.001685556141396205,70.57398640694409,70.57230085080269
sum_absolute,0.0001,0,continuation_mu,956000,3,6.666666666666667e-07,0.0016702089940565656,70.573985888523,70.57231567952894
sum_absolute,0.0001,0,continuation_mu,957000,3,6.666666666666667e-07,0.0016550730401547753,70.57398538018035,70.57233030714019
sum_absolute,0.0001,0,continuation_mu,958000,3,6.666666666666667e-07,0.001640144420946399,70.57398488167846,70.57234473725751
sum_absolute,0.0001,0,continuation_mu,959000,3,6.666666666666667e-07,0.0016254193653963966,70.57398439278629,70.57235897342089
sum_absolute,0.0001,0,continuation_mu,960000,3,6.666666666666667e-07,0.0016108941878485439,70.57398391327914,70.57237301909129
sum_absolute,0.0001,0,continuation_mu,961000,3,6.666666666666667e-07,0.0015965652857374835,70.57398344293847,70.57238687765273
sum_absolute,0.0001,0,continuation_mu,962000,3,6.666666666666667e-07,0.0015824291371870913,70.57398298155177,70.57240055241458
sum_absolute,0.0001,0,continuation_mu,963000,3,6.666666666666667e-07,0.001568482299106222,70.57398252891225,70.57241404661315
sum_absolute,0.0001,0,continuation_mu,964000,3,6.666666666666667e-07,0.001554721404772863,70.57398208481877,70.572427363414
sum_absolute,0.0001,0,continuation_mu,965000,3,6.666666666666667e-07,0.001541143162128833,70.5739816490756,70.57244050591348
sum_absolute,0.0001,0,continuation_mu,966000,3,6.666666666666667e-07,0.0015277443515486766,70.57398122149232,70.57245347714077
sum_absolute,0.0001,0,continuation_mu,967000,3,6.666666666666667e-07,0.0015145218240917302,70.57398080188356,70.57246628005947
sum_absolute,0.0001,0,continuation_mu,968000,3,6.666666666666667e-07,0.0015014724996404993,70.57398039006894,70.5724789175693
sum_absolute,0.0001,0,continuation_mu,969000,3,6.666666666666667e-07,0.001488593364939561,70.57397998587282,70.57249139250789
sum_absolute,0.0001,0,continuation_mu,970000,3,6.666666666666667e-07,0.0014758814720892133,70.57397958912426,70.57250370765217
sum_absolute,0.0001,0,continuation_mu,971000,3,6.666666666666667e-07,0.0014633339366696418,70.5739791996568,70.57251586572013
sum_absolute,0.0001,0,continuation_mu,972000,3,6.666666666666667e-07,0.0014509479362772026,70.57397881730837,70.5725278693721
sum_absolute,0.0001,0,continuation_mu,973000,3,6.666666666666667e-07,0.0014387207087622755,70.57397844192113,70.57253972121237
sum_absolute,0.0001,0,continuation_mu,974000,3,6.666666666666667e-07,0.0014266495507371246,70.5739780733413,70.57255142379056
sum_absolute,0.0001,0,continuation_mu,975000,3,6.666666666666667e-07,0.001414731816240078,70.57397771141919,70.57256297960295
sum_absolute,0.0001,0,continuation_mu,976000,3,6.666666666666667e-07,0.0014029649150444357,70.5739773560089,70.57257439109385
sum_absolute,0.0001,0,continuation_mu,977000,3,6.666666666666667e-07,0.0013913463113510716,70.5739770069683,70.57258566065696
sum_absolute,0.0001,0,continuation_mu,978000,3,6.666666666666667e-07,0.001379873522523667,70.57397666415895,70.57259679063642
sum_absolute,0.0001,0,continuation_mu,979000,3,6.666666666666667e-07,0.0013685441176392033,70.57397632744588,70.57260778332824
sum_absolute,0.0001,0,continuation_mu,980000,3,6.666666666666667e-07,0.0013573557161805638,70.57397599669761,70.57261864098143
sum_absolute,0.0001,0,continuation_mu,981000,3,6.666666666666667e-07,0.0013463059868428218,70.57397567178594,70.5726293657991
sum_absolute,0.0001,0,continuation_mu,982000,3,6.666666666666667e-07,0.00133539264636795,70.57397535258595,70.57263995993958
sum_absolute,0.0001,0,continuation_mu,983000,3,6.666666666666667e-07,0.0013246134582090008,70.57397503897583,70.57265042551762
sum_absolute,0.0001,0,continuation_mu,984000,3,6.666666666666667e-07,0.0013139662315921896,70.57397473083685,70.57266076460526
sum_absolute,0.0001,0,continuation_mu,985000,3,6.666666666666667e-07,0.0013034488202521288,70.5739744280532,70.57267097923295
sum_absolute,0.0001,0,continuation_mu,986000,3,6.666666666666667e-07,0.0012930591213518028,70.57397413051204,70.57268107139069
sum_absolute,0.0001,0,continuation_mu,987000,3,6.666666666666667e-07,0.0012827950744593863,70.5739738381032,70.57269104302874
sum_absolute,0.0001,0,continuation_mu,988000,3,6.666666666666667e-07,0.0012726546605961175,70.57397355071933,70.57270089605873
sum_absolute,0.0001,0,continuation_mu,989000,3,6.666666666666667e-07,0.00126263590111364,70.57397326825567,70.57271063235456
sum_absolute,0.0001,0,continuation_mu,990000,3,6.666666666666667e-07,0.0012527368568697739,70.57397299061005,70.57272025375318
sum_absolute,0.0001,0,continuation_mu,991000,3,6.666666666666667e-07,0.0012429556271627007,70.57397271768275,70.57272976205559
sum_absolute,0.0001,0,continuation_mu,992000,3,6.666666666666667e-07,0.0012332903488498914,70.57397244937653,70.57273915902768
sum_absolute,0.0001,0,continuation_mu,993000,3,6.666666666666667e-07,0.0012237391955238763,70.57397218559646,70.57274844640094
sum_absolute,0.0001,0,continuation_mu,994000,3,6.666666666666667e-07,0.0012143003766169613,70.57397192624994,70.57275762587332
sum_absolute,0.0001,0,continuation_mu,995000,3,6.666666666666667e-07,0.0012049721364348898,70.57397167124655,70.57276669911012
sum_absolute,0.0001,0,continuation_mu,996000,3,6.666666666666667e-07,0.0011957527536452517,70.57397142049811,70.57277566774447
sum_absolute,0.0001,0,continuation_mu,997000,3,6.666666666666667e-07,0.001186640540097983,70.57397117391845,70.57278453337835
sum_absolute,0.0001,0,continuation_mu,998000,3,6.666666666666667e-07,0.0011776338403706177,70.57397093142353,70.57279329758316
sum_absolute,0.0001,0,continuation_mu,999000,3,6.666666666666667e-07,0.0011687310308019505,70.57397069293125,70.57280196190045
sum_absolute,0.0001,0,continuation_mu,1000000,3,6.666666666666667e-07,0.0011599305189520237,70.57397045836146,70.5728105278425
sum_absolute,0.0001,0,continuation_mu,1001000,3,6.666666666666667e-07,0.0011512307426784218,70.57397022763591,70.57281899689323
sum_absolute,0.0001,0,continuation_mu,1002000,3,6.666666666666667e-07,0.0011426301696531027,70.5739700006782,70.57282737050855
sum_absolute,0.0001,0,continuation_mu,1003000,3,6.666666666666667e-07,0.0011341272964671134,70.57396977741365,70.57283565011718
sum_absolute,0.0001,0,continuation_mu,1004000,3,6.666666666666667e-07,0.0011257206481189996,70.57396955776937,70.57284383712125
sum_absolute,0.0001,0,continuation_mu,1005000,3,6.666666666666667e-07,0.0011174087774463715,70.5739693416742,70.57285193289675
sum_absolute,0.0001,0,continuation_mu,1006000,3,6.666666666666667e-07,0.0011091902643300955,70.57396912905853,70.5728599387942
sum_absolute,0.0001,0,continuation_mu,1007000,3,6.666666666666667e-07,0.0011010637150121738,70.57396891985437,70.57286785613935
sum_absolute,0.0001,0,continuation_mu,1008000,3,6.666666666666667e-07,0.0010930277619252138,70.57396871399537,70.57287568623344
sum_absolute,0.0001,0,continuation_mu,1009000,3,6.666666666666667e-07,0.0010850810625981921,70.57396851141664,70.57288343035404
sum_absolute,0.0001,0,continuation_mu,1010000,3,6.666666666666667e-07,0.0010772222995569791,70.57396831205475,70.57289108975519
sum_absolute,0.0001,0,continuation_mu,1011000,3,6.666666666666667e-07,0.0010694501793011568,70.57396811584773,70.57289866566843
sum_absolute,0.0001,0,continuation_mu,1012000,3,6.666666666666667e-07,0.0010617634322755976,70.57396792273508,70.5729061593028
sum_absolute,0.0001,0,continuation_mu,1013000,3,6.666666666666667e-07,0.0010541608119041257,70.57396773265752,70.57291357184562
sum_absolute,0.0001,0,continuation_mu,1014000,3,6.666666666666667e-07,0.0010466410944331983,70.57396754555725,70.57292090446282
sum_absolute,0.0001,0,continuation_mu,1015000,3,6.666666666666667e-07,0.0010392030781787298,70.57396736137767,70.57292815829949
sum_absolute,0.0001,0,continuation_mu,1016000,3,6.666666666666667e-07,0.001031845583227664,70.57396718006348,70.57293533448025
sum_absolute,0.0001,0,continuation_mu,1017000,3,6.666666666666667e-07,0.0010245674508979619,70.57396700156062,70.57294243410972
sum_absolute,0.0001,0,continuation_mu,1018000,3,6.666666666666667e-07,0.0010173675431701668,70.57396682581617,70.572949458273
sum_absolute,0.0001,0,continuation_mu,1019000,3,6.666666666666667e-07,0.0010102447424742422,70.57396665277847,70.57295640803599
sum_absolute,0.0001,0,continuation_mu,1020000,3,6.666666666666667e-07,0.0010031979511211375,70.57396648239691,70.57296328444579
sum_absolute,0.0001,0,continuation_mu,1021000,3,6.666666666666667e-07,0.0009962260908196185,70.57396631462208,70.57297008853126
sum_absolute,0.0001,0,continuation_mu,1022000,3,6.666666666666667e-07,0.0009893281024488942,70.57396614940556,70.57297682130312
sum_absolute,0.0001,0,continuation_mu,1023000,3,6.666666666666667e-07,0.0009825029453907064,70.57396598670005,70.57298348375465
sum_absolute,0.0001,0,continuation_mu,1024000,3,6.666666666666667e-07,0.0009757495974014319,70.57396582645924,70.57299007686184
sum_absolute,0.0001,0,continuation_mu,1025000,3,6.666666666666667e-07,0.000969067054100492,70.57396566863788,70.57299660158378
sum_absolute,0.0001,0,continuation_mu,1026000,3,6.666666666666667e-07,0.0009624543286150811,70.57396551319162,70.57300305886301
sum_absolute,0.0001,0,continuation_mu,1027000,3,6.666666666666667e-07,0.0009559104511254191,70.5739653600771,70.57300944962597
sum_absolute,0.0001,0,continuation_mu,1028000,3,6.666666666666667e-07,0.0009494344687652756,70.57396520925192,70.57301577478316
sum_absolute,0.0001,0,continuation_mu,1029000,3,6.666666666666667e-07,0.0009430254448830055,70.57396506067454,70.57302203522966
sum_absolute,0.0001,0,continuation_mu,1030000,3,6.666666666666667e-07,0.0009366824591552358,70.57396491430433,70.57302823184517
sum_absolute,0.0001,0,continuation_mu,1031000,3,6.666666666666667e-07,0.0009304046068194793,70.57396477010151,70.57303436549469
sum_absolute,0.0001,0,continuation_mu,1032000,3,6.666666666666667e-07,0.0009241909987167674,70.57396462802717,70.57304043702845
sum_absolute,0.0001,0,continuation_mu,1033000,3,6.666666666666667e-07,0.0009180407607232155,70.57396448804317,70.57304644728245
sum_absolute,0.0001,0,continuation_mu,1034000,3,6.666666666666667e-07,0.0009119530335652826,70.57396435011222,70.57305239707865
sum_absolute,0.0001,0,continuation_mu,1035000,3,6.666666666666667e-07,0.0009059269724360774,70.5739642141978,70.57305828722536
sum_absolute,0.0001,0,continuation_mu,1036000,3,6.666666666666667e-07,0.0008999617469243049,70.57396408026415,70.57306411851722
sum_absolute,0.0001,0,continuation_mu,1037000,3,6.666666666666667e-07,0.0008940565403463552,70.57396394827626,70.57306989173591
sum_absolute,0.0001,0,continuation_mu,1038000,3,6.666666666666667e-07,0.0008882105497178827,70.57396381819979,70.57307560765007
sum_absolute,0.0001,0,continuation_mu,1039000,3,6.666666666666667e-07,0.0008824229856116972,70.57396369000124,70.57308126701562
sum_absolute,0.0001,0,continuation_mu,1040000,3,6.666666666666667e-07,0.0008766930715324861,70.57396356364767,70.57308687057613
sum_absolute,0.0001,0,continuation_mu,1041000,3,6.666666666666667e-07,0.0008710200439168148,70.57396343910688,70.57309241906296
sum_absolute,0.0001,0,continuation_mu,1042000,3,6.666666666666667e-07,0.0008654031518346983,70.57396331634735,70.57309791319551
sum_absolute,0.0001,0,continuation_mu,1043000,3,6.666666666666667e-07,0.0008598416566059086,70.57396319533815,70.57310335368155
sum_absolute,0.0001,0,continuation_mu,1044000,3,6.666666666666667e-07,0.0008543348317715527,70.57396307604903,70.57310874121725
sum_absolute,0.0001,0,continuation_mu,1045000,3,6.666666666666667e-07,0.0008488819627672228,70.57396295845031,70.57311407648754
sum_absolute,0.0001,0,continuation_mu,1046000,3,6.666666666666667e-07,0.0008434823465393038,70.57396284251294,70.5731193601664
sum_absolute,0.0001,0,continuation_mu,1047000,3,6.666666666666667e-07,0.0008381352914739182,70.57396272820844,70.57312459291697
sum_absolute,0.0001,0,continuation_mu,1048000,3,6.666666666666667e-07,0.0008328401173258726,70.57396261550898,70.57312977539165
sum_absolute,0.0001,0,continuation_mu,1049000,3,6.666666666666667e-07,0.0008275961545933797,70.57396250438713,70.57313490823253
sum_absolute,0.0001,0,continuation_mu,1050000,3,6.666666666666667e-07,0.0008224027447170101,70.57396239481616,70.57313999207145
sum_absolute,0.0001,0,continuation_mu,1051000,3,6.666666666666667e-07,0.0008172592395538913,70.57396228676978,70.57314502753023
sum_absolute,0.0001,0,continuation_mu,1052000,3,6.666666666666667e-07,0.0008121650014203396,70.5739621802223,70.57315001522088
sum_absolute,0.0001,0,continuation_mu,1053000,3,6.666666666666667e-07,0.0008071194027365891,70.57396207514847,70.57315495574574
sum_absolute,0.0001,0,continuation_mu,1054000,3,6.666666666666667e-07,0.0008021218259699481,70.57396197152359,70.57315984969762
sum_absolute,0.0001,0,continuation_mu,1055000,3,6.666666666666667e-07,0.0007971716632368953,70.5739618693234,70.57316469766016
sum_absolute,0.0001,0,continuation_mu,1056000,3,6.666666666666667e-07,0.0007922683163457123,70.57396176852414,70.5731695002078
sum_absolute,0.0001,0,continuation_mu,1057000,3,6.666666666666667e-07,0.0007874111963559471,70.57396166910253,70.57317425790617
sum_absolute,0.0001,0,continuation_mu,1058000,3,6.666666666666667e-07,0.0007825997238342097,70.57396157103574,70.5731789713119
sum_absolute,0.0001,0,continuation_mu,1059000,3,6.666666666666667e-07,0.0007778333281436289,70.57396147430134,70.5731836409732
sum_absolute,0.0001,0,continuation_mu,1060000,3,6.666666666666667e-07,0.0007731114476996481,70.57396137887744,70.57318826742974
sum_absolute,0.0001,0,continuation_mu,1061000,3,6.666666666666667e-07,0.0007684335295152778,70.57396128474244,70.57319285121292
sum_absolute,0.0001,0,continuation_mu,1062000,3,6.666666666666667e-07,0.0007637990292721497,70.57396119187526,70.57319739284598
sum_absolute,0.0001,0,continuation_mu,1063000,3,6.666666666666667e-07,0.0007592074110220892,70.57396110025516,70.57320189284414
sum_absolute,0.0001,0,continuation_mu,1064000,3,6.666666666666667e-07,0.0007546581469739522,70.57396100986185,70.57320635171487
sum_absolute,0.0001,0,continuation_mu,1065000,3,6.666666666666667e-07,0.000750150717593101,70.5739609206754,70.57321076995781
sum_absolute,0.0001,0,continuation_mu,1066000,3,6.666666666666667e-07,0.0007456846112177118,70.57396083267628,70.57321514806506
sum_absolute,0.0001,0,continuation_mu,1067000,3,6.666666666666667e-07,0.0007412593239024545,70.57396074584528,70.57321948652138
sum_absolute,0.0001,0,continuation_mu,1068000,3,6.666666666666667e-07,0.0007368743594895477,70.57396066016364,70.57322378580415
sum_absolute,0.0001,0,continuation_mu,1069000,3,6.666666666666667e-07,0.0007325292292676977,70.57396057561286,70.57322804638359
sum_absolute,0.0001,0,continuation_mu,1070000,3,6.666666666666667e-07,0.0007282234519720987,70.57396049217488,70.5732322687229
sum_absolute,0.0001,0,continuation_mu,1071000,3,6.666666666666667e-07,0.000723956553471794,70.57396040983191,70.57323645327844
sum_absolute,0.0001,0,continuation_mu,1072000,3,6.666666666666667e-07,0.0007197280669117845,70.57396032856653,70.57324060049962
sum_absolute,0.0001,0,continuation_mu,1073000,3,6.666666666666667e-07,0.0007155375323435464,70.57396024836163,70.57324471082929
sum_absolute,0.0001,0,continuation_mu,1074000,3,6.666666666666667e-07,0.0007113844966255556,70.57396016920043,70.57324878470381
sum_absolute,0.0001,0,continuation_mu,1075000,3,6.666666666666667e-07,0.000707268513423287,70.57396009106645,70.57325282255303
sum_absolute,0.0001,0,continuation_mu,1076000,3,6.666666666666667e-07,0.0007031891430671067,70.57396001394352,70.57325682480045
sum_absolute,0.0001,0,continuation_mu,1077000,3,6.666666666666667e-07,0.0006991459523817412,70.57395993781583,70.57326079186345
sum_absolute,0.0001,0,continuation_mu,1078000,3,6.666666666666667e-07,0.0006951385144304822,70.57395986266769,70.57326472415326
sum_absolute,0.0001,0,continuation_mu,1079000,3,6.666666666666667e-07,0.0006911664087709823,70.5739597884839,70.57326862207513
sum_absolute,0.0001,0,continuation_mu,1080000,3,6.666666666666667e-07,0.0006872292210289288,70.57395971524943,70.5732724860284
sum_absolute,0.0001,0,continuation_mu,1081000,3,6.666666666666667e-07,0.0006833265428412005,70.57395964294955,70.5732763164067
sum_absolute,0.0001,0,continuation_mu,1082000,3,6.666666666666667e-07,0.0006794579719411331,70.57395957156977,70.57328011359783
sum_absolute,0.0001,0,continuation_mu,1083000,3,6.666666666666667e-07,0.0006756231117179823,70.57395950109591,70.5732838779842
sum_absolute,0.0001,0,continuation_mu,1084000,3,6.666666666666667e-07,0.0006718215714585085,70.57395943151403,70.57328760994257
sum_absolute,0.0001,0,continuation_mu,1085000,3,6.666666666666667e-07,0.0006680529660059165,70.57395936281043,70.57329130984442
sum_absolute,0.0001,0,continuation_mu,1086000,3,6.666666666666667e-07,0.0006643169158166984,70.57395929497164,70.57329497805583
sum_absolute,0.0001,0,continuation_mu,1087000,3,6.666666666666667e-07,0.0006606130468185256,70.57395922798449,70.57329861493767
sum_absolute,0.0001,0,continuation_mu,1088000,3,6.666666666666667e-07,0.0006569409902255074,70.573959161836,70.57330222084578
sum_absolute,0.0001,0,continuation_mu,1089000,3,6.666666666666667e-07,0.000653300382552402,70.57395909651343,70.57330579613088
sum_absolute,0.0001,0,continuation_mu,1090000,3,6.666666666666667e-07,0.0006496908655151401,70.57395903200431,70.5733093411388
sum_absolute,0.0001,0,continuation_mu,1091000,3,6.666666666666667e-07,0.0006461120859313496,70.57395896829632,70.57331285621039
sum_absolute,0.0001,0,continuation_mu,1092000,3,6.666666666666667e-07,0.000642563695436138,70.57395890537737,70.57331634168193
sum_absolute,0.0001,0,continuation_mu,1093000,3,6.666666666666667e-07,0.0006390453508942073,70.57395884323566,70.57331979788476
sum_absolute,0.0001,0,continuation_mu,1094000,3,6.666666666666667e-07,0.0006355567137887874,70.57395878185952,70.57332322514573
sum_absolute,0.0001,0,continuation_mu,1095000,3,6.666666666666667e-07,0.000632097450505853,70.57395872123752,70.57332662378701
sum_absolute,0.0001,0,continuation_mu,1096000,3,6.666666666666667e-07,0.0006286672318935871,70.5739586613584,70.57332999412651
sum_absolute,0.0001,0,continuation_mu,1097000,3,6.666666666666667e-07,0.0006252657335608092,70.57395860221115,70.57333333647759
sum_absolute,0.0001,0,continuation_mu,1098000,3,6.666666666666667e-07,0.0006218926356069687,70.5739585437849,70.57333665114929
sum_absolute,0.0001,0,continuation_mu,1099000,3,6.666666666666667e-07,0.0006185476225368802,70.57395848606899,70.57333993844645
sum_absolute,0.0001,0,continuation_mu,1100000,3,6.666666666666667e-07,0.0006152303833886208,70.57395842905298,70.57334319866959
sum_absolute,0.0001,0,continuation_mu,1101000,3,6.666666666666667e-07,0.0006119406110940417,70.57395837272651,70.57334643211541
sum_absolute,0.0001,0,continuation_mu,1102000,3,6.666666666666667e-07,0.000608678003317209,70.57395831707954,70.57334963907623
sum_absolute,0.0001,0,continuation_mu,1103000,3,6.666666666666667e-07,0.0006054422615306976,70.57395826210208,70.57335281984055
sum_absolute,0.0001,0,continuation_mu,1104000,3,6.666666666666667e-07,0.0006022330913850737,70.57395820778439,70.573355974693
sum_absolute,0.0001,0,continuation_mu,1105000,3,6.666666666666667e-07,0.0005990502026662625,70.57395815411684,70.57335910391417
sum_absolute,0.0001,0,continuation_mu,1106000,3,6.666666666666667e-07,0.0005958933089260654,70.57395810109001,70.57336220778109
sum_absolute,0.0001,0,continuation_mu,1107000,3,6.666666666666667e-07,0.0005927621277237449,70.57395804869462,70.5733652865669
sum_absolute,0.0001,0,continuation_mu,1108000,3,6.666666666666667e-07,0.0005896563804839161,70.57395799692158,70.5733683405411
sum_absolute,0.0001,0,continuation_mu,1109000,3,6.666666666666667e-07,0.0005865757922549619,70.57395794576186,70.5733713699696
sum_absolute,0.0001,0,continuation_mu,1110000,3,6.666666666666667e-07,0.0005835200919079853,70.57395789520669,70.57337437511478
sum_absolute,0.0001,0,continuation_mu,1111000,3,6.666666666666667e-07,0.0005804890118810135,70.5739578452474,70.57337735623553
sum_absolute,0.0001,0,continuation_mu,1112000,3,6.666666666666667e-07,0.0005774822883068964,70.57395779587549,70.57338031358718
sum_absolute,0.0001,0,continuation_mu,1113000,3,6.666666666666667e-07,0.0005744996607148778,70.57395774708257,70.57338324742186
sum_absolute,0.0001,0,continuation_mu,1114000,3,6.666666666666667e-07,0.000571540872215337,70.5739576988604,70.57338615798818
sum_absolute,0.0001,0,continuation_mu,1115000,3,6.666666666666667e-07,0.0005686056692866259,70.5739576512009,70.57338904553161
sum_absolute,0.0001,0,continuation_mu,1116000,3,6.666666666666667e-07,0.000565693801775069,70.57395760409608,70.5733919102943
sum_absolute,0.0001,0,continuation_mu,1117000,3,6.666666666666667e-07,0.0005628050228096981,70.57395755753814,70.57339475251533
sum_absolute,0.0001,0,continuation_mu,1118000,3,6.666666666666667e-07,0.0005599390887880418,70.57395751151935,70.57339757243057
sum_absolute,0.0001,0,continuation_mu,1119000,3,6.666666666666667e-07,0.0005570957593903358,70.5739574660322,70.57340037027281
sum_absolute,0.0001,0,continuation_mu,1120000,3,6.666666666666667e-07,0.0005542747972953066,70.57395742106917,70.57340314627187
sum_absolute,0.0001,0,continuation_mu,1121000,3,6.666666666666667e-07,0.0005514759684501769,70.57395737662296,70.5734059006545
sum_absolute,0.0001,0,continuation_mu,1122000,3,6.666666666666667e-07,0.000548699041786449,70.57395733268638,70.57340863364459
sum_absolute,0.0001,0,continuation_mu,1123000,3,6.666666666666667e-07,0.0005459437891914831,70.57395728925233,70.57341134546314
sum_absolute,0.0001,0,continuation_mu,1124000,3,6.666666666666667e-07,0.0005432099856079731,70.57395724631385,70.57341403632824
sum_absolute,0.0001,0,continuation_mu,1125000,3,6.666666666666667e-07,0.0005404974088207837,70.57395720386408,70.57341670645526
sum_absolute,0.0001,0,continuation_mu,1126000,3,6.666666666666667e-07,0.0005378058396132701,70.57395716189627,70.57341935605666
sum_absolute,0.0001,0,continuation_mu,1127000,3,6.666666666666667e-07,0.0005351350613835848,70.5739571204038,70.57342198534242
sum_absolute,0.0001,0,continuation_mu,1128000,3,6.666666666666667e-07,0.000532484860485738,70.57395707938012,70.57342459451964
sum_absolute,0.0001,0,continuation_mu,1129000,3,6.666666666666667e-07,0.0005298550259311696,70.57395703881883,70.5734271837929
sum_absolute,0.0001,0,continuation_mu,1130000,3,6.666666666666667e-07,0.0005272453494740148,70.5739569987136,70.57342975336412
sum_absolute,0.0001,0,continuation_mu,1131000,3,6.666666666666667e-07,0.0005246556255116275,70.5739569590582,70.57343230343268
sum_absolute,0.0001,0,continuation_mu,1132000,3,6.666666666666667e-07,0.0005220856510135263,70.5739569198465,70.57343483419548
sum_absolute,0.0001,0,continuation_mu,1133000,3,6.666666666666667e-07,0.0005195352256066599,70.57395688107252,70.57343734584691
sum_absolute,0.0001,0,continuation_mu,1134000,3,6.666666666666667e-07,0.0005170041514048762,70.57395684273033,70.57343983857892
sum_absolute,0.0001,0,continuation_mu,1135000,3,6.666666666666667e-07,0.0005144922329662904,70.57395680481406,70.5734423125811
sum_absolute,0.0001,0,continuation_mu,1136000,3,6.666666666666667e-07,0.0005119992774353932,70.57395676731801,70.57344476804057
sum_absolute,0.0001,0,continuation_mu,1137000,3,6.666666666666667e-07,0.000509525094315677,70.57395673023652,70.5734472051422
sum_absolute,0.0001,0,continuation_mu,1138000,3,6.666666666666667e-07,0.000507069495412793,70.57395669356401,70.5734496240686
sum_absolute,0.0001,0,continuation_mu,1139000,3,6.666666666666667e-07,0.000504632295076135,70.57395665729507,70.573452025
sum_absolute,0.0001,0,continuation_mu,1140000,3,6.666666666666667e-07,0.0005022133098435688,70.57395662142427,70.57345440811443
sum_absolute,0.0001,0,continuation_mu,1141000,3,6.666666666666667e-07,0.0004998123584272207,70.57395658594629,70.57345677358786
sum_absolute,0.0001,0,continuation_mu,1142000,3,6.666666666666667e-07,0.0004974292620545384,70.57395655085597,70.57345912159391
sum_absolute,0.0001,0,continuation_mu,1143000,3,6.666666666666667e-07,0.0004950638440135435,70.57395651614814,70.57346145230413
sum_absolute,0.0001,0,continuation_mu,1144000,3,6.666666666666667e-07,0.0004927159296670425,70.57395648181775,70.57346376588808
sum_absolute,0.0001,0,continuation_mu,1145000,3,6.666666666666667e-07,0.0004903853467794761,70.5739564478598,70.57346606251302
sum_absolute,0.0001,0,continuation_mu,1146000,3,6.666666666666667e-07,0.00048807192503375063,70.57395641426945,70.57346834234441
sum_absolute,0.0001,0,continuation_mu,1147000,3,6.666666666666667e-07,0.0004857754962586114,70.57395638104182,70.57347060554557
sum_absolute,0.0001,0,continuation_mu,1148000,3,6.666666666666667e-07,0.00048349589438601015,70.57395634817219,70.5734728522778
sum_absolute,0.0001,0,continuation_mu,1149000,3,6.666666666666667e-07,0.00048123295528057497,70.57395631565586,70.57347508270058
sum_absolute,0.0001,0,continuation_mu,1150000,3,6.666666666666667e-07,0.0004789865168675078,70.57395628348826,70.57347729697139
sum_absolute,0.0001,0,continuation_mu,1151000,3,6.666666666666667e-07,0.0004767564190046869,70.5739562516648,70.57347949524579
sum_absolute,0.0001,0,continuation_mu,1152000,3,6.666666666666667e-07,0.00047454250355372096,70.57395622018106,70.5734816776775
sum_absolute,0.0001,0,continuation_mu,1153000,3,6.666666666666667e-07,0.00047234461425205154,70.57395618903264,70.57348384441839
sum_absolute,0.0001,0,continuation_mu,1154000,3,6.666666666666667e-07,0.0004701625966561096,70.57395615821522,70.57348599561857
sum_absolute,0.0001,0,continuation_mu,1155000,3,6.666666666666667e-07,0.0004679962981981589,70.5739561277245,70.5734881314263
sum_absolute,0.0001,0,continuation_mu,1156000,3,6.666666666666667e-07,0.0004658455682431395,70.57395609755628,70.57349025198803
sum_absolute,0.0001,0,continuation_mu,1157000,3,6.666666666666667e-07,0.0004637102579323482,70.57395606770646,70.57349235744853
sum_absolute,0.0001,0,continuation_mu,1158000,3,6.666666666666667e-07,0.00046159021999869765,70.57395603817095,70.57349444795095
sum_absolute,0.0001,0,continuation_mu,1159000,3,6.666666666666667e-07,0.0004594853091504092,70.57395600894573,70.57349652363658
sum_absolute,0.0001,0,continuation_mu,1160000,3,6.666666666666667e-07,0.00045739538168731997,70.57395598002685,70.57349858464517
sum_absolute,0.0001,0,continuation_mu,1161000,3,6.666666666666667e-07,0.0004553202957566782,70.57395595141041,70.57350063111465
sum_absolute,0.0001,0,continuation_mu,1162000,3,6.666666666666667e-07,0.00045325991098366103,70.5739559230926,70.57350266318161
sum_absolute,0.0001,0,continuation_mu,1163000,3,6.666666666666667e-07,0.0004512140887982241,70.57395589506962,70.57350468098082
sum_absolute,0.0001,0,continuation_mu,1164000,3,6.666666666666667e-07,0.00044918269222193885,70.57395586733776,70.57350668464554
sum_absolute,0.0001,0,continuation_mu,1165000,3,6.666666666666667e-07,0.00044716558583957067,70.57395583989333,70.57350867430749
sum_absolute,0.0001,0,continuation_mu,1166000,3,6.666666666666667e-07,0.0004451626358843441,70.57395581273275,70.57351065009686
sum_absolute,0.0001,0,continuation_mu,1167000,3,6.666666666666667e-07,0.00044317371013846696,70.57395578585245,70.57351261214231
sum_absolute,0.0001,0,continuation_mu,1168000,3,6.666666666666667e-07,0.0004411986778336541,70.57395575924889,70.57351456057106
sum_absolute,0.0001,0,continuation_mu,1169000,3,6.666666666666667e-07,0.00043923740990692295,70.57395573291868,70.57351649550877
sum_absolute,0.0001,0,continuation_mu,1170000,3,6.666666666666667e-07,0.0004372897786311114,70.57395570685836,70.57351841707973
sum_absolute,0.0001,0,continuation_mu,1171000,3,6.666666666666667e-07,0.0004353556577996187,70.5739556810646,70.5735203254068
sum_absolute,0.0001,0,continuation_mu,1172000,3,6.666666666666667e-07,0.0004334349226979839,70.57395565553408,70.57352222061138
sum_absolute,0.0001,0,continuation_mu,1173000,3,6.666666666666667e-07,0.0004315274500186206,70.57395563026355,70.57352410281354
sum_absolute,0.0001,0,continuation_mu,1174000,3,6.666666666666667e-07,0.00042963311783239533,70.57395560524982,70.57352597213199
sum_absolute,0.0001,0,continuation_mu,1175000,3,6.666666666666667e-07,0.0004277518057307361,70.5739555804897,70.57352782868396
sum_absolute,0.0001,0,continuation_mu,1176000,3,6.666666666666667e-07,0.00042588339456983704,70.57395555598009,70.57352967258552
sum_absolute,0.0001,0,continuation_mu,1177000,3,6.666666666666667e-07,0.0004240277666269776,70.5739555317179,70.57353150395127
sum_absolute,0.0001,0,continuation_mu,1178000,3,6.666666666666667e-07,0.00042218480538736003,70.5739555077001,70.57353332289472
sum_absolute,0.0001,0,continuation_mu,1179000,3,6.666666666666667e-07,0.0004203543958709588,70.57395548392373,70.57353512952785
sum_absolute,0.0001,0,continuation_mu,1180000,3,6.666666666666667e-07,0.00041853642424882764,70.57395546038582,70.57353692396157
sum_absolute,0.0001,0,continuation_mu,1181000,3,6.666666666666667e-07,0.0004167307780988949,70.57395543708348,70.57353870630538
sum_absolute,0.0001,0,continuation_mu,1182000,3,6.666666666666667e-07,0.0004149373461217465,70.57395541401388,70.57354047666776
sum_absolute,0.0001,0,continuation_mu,1183000,3,6.666666666666667e-07,0.00041315601832536686,70.57395539117417,70.57354223515584
sum_absolute,0.0001,0,continuation_mu,1184000,3,6.666666666666667e-07,0.00041138668602513917,70.57395536856158,70.57354398187556
sum_absolute,0.0001,0,continuation_mu,1185000,3,6.666666666666667e-07,0.00040962924167331494,70.57395534617336,70.57354571693169
sum_absolute,0.0001,0,continuation_mu,1186000,3,6.666666666666667e-07,0.00040788357895849003,70.57395532400682,70.57354744042786
sum_absolute,0.0001,0,continuation_mu,1187000,3,6.666666666666667e-07,0.00040614959284823726,70.57395530205933,70.57354915246648
sum_absolute,0.0001,0,continuation_mu,1188000,3,6.666666666666667e-07,0.000404427179233835,70.57395528032822,70.57355085314899
sum_absolute,0.0001,0,continuation_mu,1189000,3,6.666666666666667e-07,0.00040271623538501444,70.57395525881093,70.57355254257554
sum_absolute,0.0001,0,continuation_mu,1190000,3,6.666666666666667e-07,0.00040101665956626675,70.57395523750489,70.57355422084532
sum_absolute,0.0001,0,continuation_mu,1191000,3,6.666666666666667e-07,0.00039932835137790335,70.57395521640761,70.57355588805623
sum_absolute,0.0001,0,continuation_mu,1192000,3,6.666666666666667e-07,0.00039765121124446523,70.57395519551659,70.57355754430534
sum_absolute,0.0001,0,continuation_mu,1193000,3,6.666666666666667e-07,0.00039598514086947034,70.5739551748294,70.57355918968852
sum_absolute,0.0001,0,continuation_mu,1194000,3,6.666666666666667e-07,0.0003943300431217267,70.57395515434362,70.5735608243005
sum_absolute,0.0001,0,continuation_mu,1195000,3,6.666666666666667e-07,0.0003926858215947959,70.57395513405686,70.57356244823526
sum_absolute,0.0001,0,continuation_mu,1196000,3,6.666666666666667e-07,0.0003910523813033251,70.5739551139668,70.5735640615855
sum_absolute,0.0001,0,continuation_mu,1197000,3,6.666666666666667e-07,0.0003894296281430343,70.57395509407114,70.573565664443
sum_absolute,0.0001,0,continuation_mu,1198000,3,6.666666666666667e-07,0.0003878174688765057,70.57395507436756,70.57356725689868
sum_absolute,0.0001,0,continuation_mu,1199000,3,6.666666666666667e-07,0.00038621581171582875,70.57395505485383,70.57356883904211
sum_absolute,0.0001,0,continuation_mu,1200000,3,6.666666666666667e-07,0.0003846245653562619,70.57395503552775,70.57357041096239
sum_absolute,0.0001,0,continuation_mu,1201000,3,6.666666666666667e-07,0.0003830436398004622,70.57395501638707,70.57357197274727
sum_absolute,0.0001,0,continuation_mu,1202000,3,6.666666666666667e-07,0.0003814729459747923,70.57395499742972,70.57357352448375
sum_absolute,0.0001,0,continuation_mu,1203000,3,6.666666666666667e-07,0.0003799123956866879,70.57395497865352,70.57357506625783
sum_absolute,0.0001,0,continuation_mu,1204000,3,6.666666666666667e-07,0.0003783619017383444,70.57395496005638,70.57357659815465
sum_absolute,0.0001,0,continuation_mu,1205000,3,6.666666666666667e-07,0.0003768213778982954,70.57395494163623,70.57357812025833
sum_absolute,0.0001,0,continuation_mu,1206000,3,6.666666666666667e-07,0.00037529073883035835,70.57395492339104,70.57357963265221
sum_absolute,0.0001,0,continuation_mu,1207000,3,6.666666666666667e-07,0.00037376990009363453,70.57395490531879,70.57358113541869
sum_absolute,0.0001,0,continuation_mu,1208000,3,6.666666666666667e-07,0.0003722587780714548,70.57395488741749,70.57358262863941
sum_absolute,0.0001,0,continuation_mu,1209000,3,6.666666666666667e-07,0.00037075729025559667,70.57395486968517,70.57358411239491
sum_absolute,0.0001,0,continuation_mu,1210000,3,6.666666666666667e-07,0.00036926535477732614,70.5739548521199,70.57358558676512
sum_absolute,0.0001,0,continuation_mu,1211000,3,6.666666666666667e-07,0.00036778289077687987,70.57395483471979,70.57358705182901
sum_absolute,0.0001,0,continuation_mu,1212000,3,6.666666666666667e-07,0.00036630981826135667,70.57395481748293,70.57358850766467
sum_absolute,0.0001,0,continuation_mu,1213000,3,6.666666666666667e-07,0.00036484605801945236,70.5739548004075,70.57358995434949
sum_absolute,0.0001,0,continuation_mu,1214000,3,6.666666666666667e-07,0.00036339153156461634,70.57395478349163,70.57359139196006
sum_absolute,0.0001,0,continuation_mu,1215000,3,6.666666666666667e-07,0.000361946161490323,70.57395476673355,70.57359282057206
sum_absolute,0.0001,0,continuation_mu,1216000,3,6.666666666666667e-07,0.00036050987102953513,70.57395475013143,70.5735942402604
sum_absolute,0.0001,0,continuation_mu,1217000,3,6.666666666666667e-07,0.00035908258418260175,70.57395473368354,70.57359565109935
sum_absolute,0.0001,0,continuation_mu,1218000,3,6.666666666666667e-07,0.00035766422591620994,70.57395471738815,70.57359705316223
sum_absolute,0.0001,0,continuation_mu,1219000,3,6.666666666666667e-07,0.0003562547218365353,70.57395470124354,70.5735984465217
sum_absolute,0.0001,0,continuation_mu,1220000,3,6.666666666666667e-07,0.00035485399835977205,70.57395468524801,70.57359983124965
sum_absolute,0.0001,0,continuation_mu,1221000,3,6.666666666666667e-07,0.000353461982641079,70.5739546693999,70.57360120741725
sum_absolute,0.0001,0,continuation_mu,1222000,3,6.666666666666667e-07,0.0003520786026456335,70.57395465369753,70.57360257509488
sum_absolute,0.0001,0,continuation_mu,1223000,3,6.666666666666667e-07,0.00035070378704915584,70.57395463813933,70.57360393435228
sum_absolute,0.0001,0,continuation_mu,1224000,3,6.666666666666667e-07,0.0003493374652947523,70.57395462272366,70.57360528525837
sum_absolute,0.0001,0,continuation_mu,1225000,3,6.666666666666667e-07,0.0003479795674650177,70.57395460744894,70.57360662788147
sum_absolute,0.0001,0,continuation_mu,1226000,3,6.666666666666667e-07,0.00034663002448098723,70.57395459231363,70.57360796228915
sum_absolute,0.0001,0,continuation_mu,1227000,3,6.666666666666667e-07,0.00034528876786055207,70.57395457731616,70.5736092885483
sum_absolute,0.0001,0,continuation_mu,1228000,3,6.666666666666667e-07,0.0003439557298747786,70.57395456245504,70.57361060672517
sum_absolute,0.0001,0,continuation_mu,1229000,3,6.666666666666667e-07,0.00034263084347685435,70.57395454772873,70.57361191688526
sum_absolute,0.0001,0,continuation_mu,1230000,3,6.666666666666667e-07,0.0003413140423447203,70.57395453313578,70.57361321909343
sum_absolute,0.0001,0,continuation_mu,1231000,3,6.666666666666667e-07,0.0003400052608100168,70.57395451867471,70.5736145134139
sum_absolute,0.0001,0,continuation_mu,1232000,3,6.666666666666667e-07,0.00033870443374439674,70.57395450434407,70.57361579991033
sum_absolute,0.0001,0,continuation_mu,1233000,3,6.666666666666667e-07,0.00033741149688637506,70.57395449014246,70.57361707864557
sum_absolute,0.0001,0,continuation_mu,1234000,3,6.666666666666667e-07,0.0003361263864292141,70.57395447606842,70.573618349682
sum_absolute,0.0001,0,continuation_mu,1235000,3,6.666666666666667e-07,0.0003348490394472492,70.57395446212062,70.57361961308118
sum_absolute,0.0001,0,continuation_mu,1236000,3,6.666666666666667e-07,0.00033357939335587616,70.57395444829766,70.5736208689043
sum_absolute,0.0001,0,continuation_mu,1237000,3,6.666666666666667e-07,0.00033231738640893127,70.57395443459819,70.57362211721178
sum_absolute,0.0001,0,continuation_mu,1238000,3,6.666666666666667e-07,0.00033106295740026326,70.57395442102086,70.57362335806346
sum_absolute,0.0001,0,continuation_mu,1239000,3,6.666666666666667e-07,0.0003298160457774202,70.57395440756437,70.5736245915186
sum_absolute,0.0001,0,continuation_mu,1240000,3,6.666666666666667e-07,0.00032857659157059516,70.57395439422741,70.57362581763584
sum_absolute,0.0001,0,continuation_mu,1241000,3,6.666666666666667e-07,0.00032734453532157204,70.57395438100869,70.57362703647337
sum_absolute,0.0001,0,continuation_mu,1242000,3,6.666666666666667e-07,0.00032611981836794257,70.57395436790695,70.57362824808858
sum_absolute,0.0001,0,continuation_mu,1243000,3,6.666666666666667e-07,0.00032490238240256986,70.57395435492091,70.57362945253851
sum_absolute,0.0001,0,continuation_mu,1244000,3,6.666666666666667e-07,0.00032369216982885973,70.57395434204935,70.57363064987952
sum_absolute,0.0001,0,continuation_mu,1245000,3,6.666666666666667e-07,0.0003224891236044414,70.57395432929107,70.57363184016747
sum_absolute,0.0001,0,continuation_mu,1246000,3,6.666666666666667e-07,0.00032129318718432387,70.5739543166448,70.57363302345762
sum_absolute,0.0001,0,continuation_mu,1247000,3,6.666666666666667e-07,0.00032010430470563733,70.5739543041094,70.5736341998047
sum_absolute,0.0001,0,continuation_mu,1248000,3,6.666666666666667e-07,0.0003189224207460484,70.57395429168369,70.57363536926295
sum_absolute,0.0001,0,continuation_mu,1249000,3,6.666666666666667e-07,0.00031774748040902523,70.57395427936649,70.57363653188608
sum_absolute,0.0001,0,continuation_mu,1250000,3,6.666666666666667e-07,0.00031657942945173545,70.57395426715664,70.57363768772719
sum_absolute,0.0001,0,continuation_mu,1251000,3,6.666666666666667e-07,0.00031541821401503967,70.57395425505302,70.57363883683901
sum_absolute,0.0001,0,continuation_mu,1252000,3,6.666666666666667e-07,0.00031426378087928697,70.57395424305452,70.57363997927364
sum_absolute,0.0001,0,continuation_mu,1253000,3,6.666666666666667e-07,0.0003131160773079955,70.57395423116002,70.57364111508271
sum_absolute,0.0001,0,continuation_mu,1254000,3,6.666666666666667e-07,0.00031197505113311763,70.57395421936845,70.57364224431731
sum_absolute,0.0001,0,continuation_mu,1255000,3,6.666666666666667e-07,0.00031084065051345533,70.5739542076787,70.57364336702818
sum_absolute,0.0001,0,continuation_mu,1256000,3,6.666666666666667e-07,0.0003097128243041425,70.5739541960897,70.5736444832654
sum_absolute,0.0001,0,continuation_mu,1257000,3,6.666666666666667e-07,0.00030859152171558435,70.57395418460044,70.57364559307872
sum_absolute,0.0001,0,continuation_mu,1258000,3,6.666666666666667e-07,0.00030747669259767463,70.57395417320984,70.57364669651724
sum_absolute,0.0001,0,continuation_mu,1259000,3,6.666666666666667e-07,0.000306368287098735,70.57395416191689,70.57364779362979
sum_absolute,0.0001,0,continuation_mu,1260000,3,6.666666666666667e-07,0.00030526625600657553,70.57395415072058,70.57364888446457
sum_absolute,0.0001,0,continuation_mu,1261000,3,6.666666666666667e-07,0.00030417055050691033,70.5739541396199,70.5736499690694
sum_absolute,0.0001,0,continuation_mu,1262000,3,6.666666666666667e-07,0.00030308112222598993,70.57395412861386,70.57365104749164
sum_absolute,0.0001,0,continuation_mu,1263000,3,6.666666666666667e-07,0.0003019979233158665,70.57395411770148,70.57365211977816
sum_absolute,0.0001,0,continuation_mu,1264000,3,6.666666666666667e-07,0.0003009209063122853,70.57395410688181,70.5736531859755
sum_absolute,0.0001,0,continuation_mu,1265000,3,6.666666666666667e-07,0.0002998500242483715,70.57395409615387,70.57365424612962
sum_absolute,0.0001,0,continuation_mu,1266000,3,6.666666666666667e-07,0.00029878523065463014,70.57395408551673,70.57365530028608
sum_absolute,0.0001,0,continuation_mu,1267000,3,6.666666666666667e-07,0.000297726479388416,70.57395407496946,70.57365634849008
sum_absolute,0.0001,0,continuation_mu,1268000,3,6.666666666666667e-07,0.0002966737247902529,70.57395406451116,70.57365739078637
sum_absolute,0.0001,0,continuation_mu,1269000,3,6.666666666666667e-07,0.0002956269216269902,70.57395405414087,70.57365842721924
sum_absolute,0.0001,0,continuation_mu,1270000,3,6.666666666666667e-07,0.0002945860252197008,70.57395404385774,70.57365945783252
sum_absolute,0.0001,0,continuation_mu,1271000,3,6.666666666666667e-07,0.00029355099098893334,70.57395403366084,70.57366048266985
sum_absolute,0.0001,0,continuation_mu,1272000,3,6.666666666666667e-07,0.0002925217751794662,70.57395402354935,70.57366150177417
sum_absolute,0.0001,0,continuation_mu,1273000,3,6.666666666666667e-07,0.00029149833412134285,70.57395401352235,70.57366251518823
sum_absolute,0.0001,0,continuation_mu,1274000,3,6.666666666666667e-07,0.00029048062474146263,70.57395400357903,70.57366352295429
sum_absolute,0.0001,0,continuation_mu,1275000,3,6.666666666666667e-07,0.00028946860423673115,70.5739539937185,70.57366452511427
sum_absolute,0.0001,0,continuation_mu,1276000,3,6.666666666666667e-07,0.00028846223028722306,70.57395398393994,70.57366552170966
sum_absolute,0.0001,0,continuation_mu,1277000,3,6.666666666666667e-07,0.00028746146097091696,70.57395397424256,70.57366651278159
sum_absolute,0.0001,0,continuation_mu,1278000,3,6.666666666666667e-07,0.0002864662546642194,70.57395396462547,70.57366749837081
sum_absolute,0.0001,0,continuation_mu,1279000,3,6.666666666666667e-07,0.00028547657031197105,70.57395395508794,70.57366847851763
sum_absolute,0.0001,0,continuation_mu,1280000,3,6.666666666666667e-07,0.00028449236697269953,70.57395394562913,70.57366945326216
sum_absolute,0.0001,0,continuation_mu,1281000,3,6.666666666666667e-07,0.0002835136043017883,70.57395393624824,70.57367042264394
sum_absolute,0.0001,0,continuation_mu,1282000,3,6.666666666666667e-07,0.0002825402422956813,70.57395392694454,70.57367138670224
sum_absolute,0.0001,0,continuation_mu,1283000,3,6.666666666666667e-07,0.0002815722412208288,70.57395391771723,70.57367234547601
sum_absolute,0.0001,0,continuation_mu,1284000,3,6.666666666666667e-07,0.00028060956175579577,70.57395390856554,70.57367329900379
sum_absolute,0.0001,0,continuation_mu,1285000,3,6.666666666666667e-07,0.0002796521649628403,70.57395389948874,70.57367424732378
sum_absolute,0.0001,0,continuation_mu,1286000,3,6.666666666666667e-07,0.0002787000122594918,70.57395389048608,70.57367519047382
sum_absolute,0.0001,0,continuation_mu,1287000,3,6.666666666666667e-07,0.0002777530654043403,70.57395388155683,70.57367612849143
sum_absolute,0.0001,0,continuation_mu,1288000,3,6.666666666666667e-07,0.00027681128649703624,70.57395387270027,70.57367706141378
sum_absolute,0.0001,0,continuation_mu,1289000,3,6.666666666666667e-07,0.00027587463793565803,70.57395386391569,70.57367798927775
sum_absolute,0.0001,0,continuation_mu,1290000,3,6.666666666666667e-07,0.0002749430825303989,70.57395385520232,70.57367891211979
sum_absolute,0.0001,0,continuation_mu,1291000,3,6.666666666666667e-07,0.0002740165834467234,70.57395384655955,70.5736798299761
sum_absolute,0.0001,0,continuation_mu,1292000,3,6.666666666666667e-07,0.000273095104063259,70.57395383798661,70.57368074288254
sum_absolute,0.0001,0,continuation_mu,1293000,3,6.666666666666667e-07,0.0002721786082275912,70.57395382948286,70.57368165087463
sum_absolute,0.0001,0,continuation_mu,1294000,3,6.666666666666667e-07,0.0002712670600715228,70.57395382104761,70.57368255398754
sum_absolute,0.0001,0,continuation_mu,1295000,3,6.666666666666667e-07,0.00027036042399686266,70.5739538126802,70.5736834522562
sum_absolute,0.0001,0,continuation_mu,1296000,3,6.666666666666667e-07,0.00026945866468963686,70.57395380437998,70.5736843457153
sum_absolute,0.0001,0,continuation_mu,1297000,3,6.666666666666667e-07,0.00026856174733325133,70.57395379614624,70.57368523439891
sum_absolute,0.0001,0,continuation_mu,1298000,3,6.666666666666667e-07,0.00026766963725322057,70.57395378797841,70.57368611834116
sum_absolute,0.0001,0,continuation_mu,1299000,3,6.666666666666667e-07,0.000266782300172963,70.57395377987581,70.57368699757563
sum_absolute,0.0001,0,continuation_mu,1300000,3,6.666666666666667e-07,0.00026589970204327074,70.57395377183781,70.57368787213576
sum_absolute,0.0001,0,continuation_mu,1301000,3,6.666666666666667e-07,0.00026502180919862894,70.57395376386377,70.57368874205457
sum_absolute,0.0001,0,continuation_mu,1302000,3,6.666666666666667e-07,0.00026414858818668563,70.57395375595311,70.57368960736493
sum_absolute,0.0001,0,continuation_mu,1303000,3,6.666666666666667e-07,0.0002632800059956253,70.57395374810521,70.57369046809922
sum_absolute,0.0001,0,continuation_mu,1304000,3,6.666666666666667e-07,0.0002624160297415301,70.57395374031947,70.57369132428973
sum_absolute,0.0001,0,continuation_mu,1305000,3,6.666666666666667e-07,0.00026155662689575365,70.57395373259526,70.57369217596836
sum_absolute,0.0001,0,continuation_mu,1306000,3,6.666666666666667e-07,0.00026070176525649913,70.57395372493201,70.57369302316675
sum_absolute,0.0001,0,continuation_mu,1307000,3,6.666666666666667e-07,0.0002598514128635543,70.57395371732915,70.57369386591628
sum_absolute,0.0001,0,continuation_mu,1308000,3,6.666666666666667e-07,0.00025900553804092397,70.57395370978611,70.57369470424807
sum_absolute,0.0001,0,continuation_mu,1309000,3,6.666666666666667e-07,0.00025816410938261924,70.57395370230228,70.5736955381929
sum_absolute,0.0001,0,continuation_mu,1310000,3,6.666666666666667e-07,0.0002573270957384466,70.57395369487713,70.5736963677814
sum_absolute,0.0001,0,continuation_mu,1311000,3,6.666666666666667e-07,0.00025649446637032725,70.57395368751011,70.57369719304374
sum_absolute,0.0001,0,continuation_mu,1312000,3,6.666666666666667e-07,0.00025566619058281503,70.57395368020062,70.57369801401003
sum_absolute,0.0001,0,continuation_mu,1313000,3,6.666666666666667e-07,0.00025484223812100026,70.57395367294819,70.57369883071007
sum_absolute,0.0001,0,continuation_mu,1314000,3,6.666666666666667e-07,0.00025402257894313607,70.57395366575221,70.57369964317327
sum_absolute,0.0001,0,continuation_mu,1315000,3,6.666666666666667e-07,0.0002532071832490601,70.5739536586122,70.57370045142895
sum_absolute,0.0001,0,continuation_mu,1316000,3,6.666666666666667e-07,0.000252396021437562,70.57395365152757,70.57370125550614
sum_absolute,0.0001,0,continuation_mu,1317000,3,6.666666666666667e-07,0.0002515890643479679,70.57395364449786,70.57370205543351
sum_absolute,0.0001,0,continuation_mu,1318000,3,6.666666666666667e-07,0.0002507862828906582,70.57395363752252,70.57370285123963
sum_absolute,0.0001,0,continuation_mu,1319000,3,6.666666666666667e-07,0.0002499876483597063,70.57395363060108,70.57370364295272
sum_absolute,0.0001,0,continuation_mu,1320000,3,6.666666666666667e-07,0.0002491931321060292,70.57395362373299,70.57370443060088
sum_absolute,0.0001,0,continuation_mu,1321000,3,6.666666666666667e-07,0.00024840270599213454,70.57395361691778,70.57370521421178
sum_absolute,0.0001,0,continuation_mu,1322000,3,6.666666666666667e-07,0.0002476163418378974,70.57395361015494,70.5737059938131
sum_absolute,0.0001,0,continuation_mu,1323000,3,6.666666666666667e-07,0.0002468340119463619,70.57395360344398,70.57370676943204
sum_absolute,0.0001,0,continuation_mu,1324000,3,6.666666666666667e-07,0.0002460556887342591,70.57395359678445,70.57370754109571
sum_absolute,0.0001,0,continuation_mu,1325000,3,6.666666666666667e-07,0.00024528134487411535,70.57395359017583,70.57370830883096
sum_absolute,0.0001,0,continuation_mu,1326000,3,6.666666666666667e-07,0.00024451095329425243,70.57395358361771,70.57370907266441
sum_absolute,0.0001,0,continuation_mu,1327000,3,6.666666666666667e-07,0.0002437444870793115,70.57395357710953,70.57370983262246
sum_absolute,0.0001,0,continuation_mu,1328000,3,6.666666666666667e-07,0.00024298191959815085,70.5739535706509,70.5737105887313
sum_absolute,0.0001,0,continuation_mu,1329000,3,6.666666666666667e-07,0.00024222322453226752,70.57395356424134,70.5737113410168
sum_absolute,0.0001,0,continuation_mu,1330000,3,6.666666666666667e-07,0.0002414683755915803,70.57395355788042,70.57371208950482
sum_absolute,0.0001,0,continuation_mu,1331000,3,6.666666666666667e-07,0.00024071734685549018,70.57395355156766,70.5737128342208
sum_absolute,0.0001,0,continuation_mu,1332000,3,6.666666666666667e-07,0.00023997011260235013,70.57395354530263,70.57371357519003
sum_absolute,0.0001,0,continuation_mu,1333000,3,6.666666666666667e-07,0.00023922664725262166,70.5739535390849,70.57371431243764
sum_absolute,0.0001,0,continuation_mu,1334000,3,6.666666666666667e-07,0.00023848692551098338,70.57395353291403,70.57371504598852
sum_absolute,0.0001,0,continuation_mu,1335000,3,6.666666666666667e-07,0.00023775092228106587,70.57395352678958,70.5737157758673
sum_absolute,0.0001,0,continuation_mu,1336000,3,6.666666666666667e-07,0.0002370186126796625,70.57395352071117,70.57371650209849
sum_absolute,0.0001,0,continuation_mu,1337000,3,6.666666666666667e-07,0.00023628997196567525,70.57395351467834,70.57371722470637
sum_absolute,0.0001,0,continuation_mu,1338000,3,6.666666666666667e-07,0.00023556497576748825,70.57395350869069,70.57371794371493
sum_absolute,0.0001,0,continuation_mu,1339000,3,6.666666666666667e-07,0.00023484359972769653,70.57395350274781,70.57371865914808
sum_absolute,0.0001,0,continuation_mu,1340000,3,6.666666666666667e-07,0.0002341258197446905,70.5739534968493,70.57371937102955
sum_absolute,0.0001,0,continuation_mu,1341000,3,6.666666666666667e-07,0.0002334116120437102,70.57395349099474,70.5737200793827
sum_absolute,0.0001,0,continuation_mu,1342000,3,6.666666666666667e-07,0.00023270095292104997,70.57395348518376,70.57372078423084
sum_absolute,0.0001,0,continuation_mu,1343000,3,6.666666666666667e-07,0.000231993818886167,70.57395347941595,70.57372148559706
sum_absolute,0.0001,0,continuation_mu,1344000,3,6.666666666666667e-07,0.0002312901865764161,70.57395347369092,70.57372218350434
sum_absolute,0.0001,0,continuation_mu,1345000,3,6.666666666666667e-07,0.00023059003302705605,70.57395346800827,70.57372287797524
sum_absolute,0.0001,0,continuation_mu,1346000,3,6.666666666666667e-07,0.00022989333527334566,70.57395346236768,70.57372356903241
sum_absolute,0.0001,0,continuation_mu,1347000,3,6.666666666666667e-07,0.0002292000705921282,70.5739534567687,70.57372425669811
sum_absolute,0.0001,0,continuation_mu,1348000,3,6.666666666666667e-07,0.00022851021640235558,70.573953451211,70.5737249409946
sum_absolute,0.0001,0,continuation_mu,1349000,3,6.666666666666667e-07,0.00022782375049246184,70.5739534456942,70.57372562194371
sum_absolute,0.0001,0,continuation_mu,1350000,3,6.666666666666667e-07,0.00022714065063667022,70.57395344021795,70.57372629956731
sum_absolute,0.0001,0,continuation_mu,1351000,3,6.666666666666667e-07,0.00022646089485078846,70.57395343478188,70.57372697388703
sum_absolute,0.0001,0,continuation_mu,1352000,3,6.666666666666667e-07,0.00022578446130694374,70.57395342938561,70.5737276449243
sum_absolute,0.0001,0,continuation_mu,1353000,3,6.666666666666667e-07,0.00022511132841884773,70.57395342402883,70.57372831270041
sum_absolute,0.0001,0,continuation_mu,1354000,3,6.666666666666667e-07,0.00022444147472810982,70.57395341871114,70.57372897723641
sum_absolute,0.0001,0,continuation_mu,1355000,3,6.666666666666667e-07,0.00022377487897529136,70.57395341343225,70.57372963855327
sum_absolute,0.0001,0,continuation_mu,1356000,3,6.666666666666667e-07,0.00022311152001464052,70.57395340819177,70.57373029667176
sum_absolute,0.0001,0,continuation_mu,1357000,3,6.666666666666667e-07,0.00022245137694199002,70.57395340298937,70.57373095161243
sum_absolute,0.0001,0,continuation_mu,1358000,3,6.666666666666667e-07,0.00022179442905212454,70.57395339782474,70.57373160339569
sum_absolute,0.0001,0,continuation_mu,1359000,3,6.666666666666667e-07,0.00022114065561140706,70.57395339269752,70.5737322520419
sum_absolute,0.0001,0,continuation_mu,1360000,3,6.666666666666667e-07,0.00022049003632673703,70.57395338760739,70.57373289757106
sum_absolute,0.0001,0,continuation_mu,1361000,3,6.666666666666667e-07,0.00021984255086238136,70.57395338255405,70.57373354000319
sum_absolute,0.0001,0,continuation_mu,1362000,3,6.666666666666667e-07,0.00021919817913840234,70.57395337753715,70.57373417935801
sum_absolute,0.0001,0,continuation_mu,1363000,3,6.666666666666667e-07,0.00021855690123118166,70.57395337255639,70.57373481565516
sum_absolute,0.0001,0,continuation_mu,1364000,3,6.666666666666667e-07,0.0002179186973449987,70.57395336761144,70.57373544891409
sum_absolute,0.0001,0,continuation_mu,1365000,3,6.666666666666667e-07,0.00021728354784045223,70.57395336270199,70.57373607915414
sum_absolute,0.0001,0,continuation_mu,1366000,3,6.666666666666667e-07,0.0002166514332486713,70.57395335782772,70.57373670639447
sum_absolute,0.0001,0,continuation_mu,1367000,3,6.666666666666667e-07,0.00021602233424289352,70.57395335298834,70.5737373306541
sum_absolute,0.0001,0,continuation_mu,1368000,3,6.666666666666667e-07,0.00021539623168109756,70.57395334818354,70.57373795195186
sum_absolute,0.0001,0,continuation_mu,1369000,3,6.666666666666667e-07,0.00021477310663442495,70.57395334341305,70.57373857030642
sum_absolute,0.0001,0,continuation_mu,1370000,3,6.666666666666667e-07,0.00021415294008875208,70.57395333867652,70.57373918573643
sum_absolute,0.0001,0,continuation_mu,1371000,3,6.666666666666667e-07,0.00021353571348470268,70.57395333397372,70.57373979826023
sum_absolute,0.0001,0,continuation_mu,1372000,3,6.666666666666667e-07,0.00021292140816342453,70.57395332930429,70.57374040789612
sum_absolute,0.0001,0,continuation_mu,1373000,3,6.666666666666667e-07,0.00021231000579291504,70.573953324668,70.5737410146622
sum_absolute,0.0001,0,continuation_mu,1374000,3,6.666666666666667e-07,0.00021170148802696076,70.57395332006455,70.57374161857652
sum_absolute,0.0001,0,continuation_mu,1375000,3,6.666666666666667e-07,0.0002110958367609328,70.57395331549364,70.57374221965688
sum_absolute,0.0001,0,continuation_mu,1376000,3,6.666666666666667e-07,0.0002104930340323108,70.573953310955,70.57374281792097
sum_absolute,0.0001,0,continuation_mu,1377000,3,6.666666666666667e-07,0.00020989306197805035,70.57395330644837,70.5737434133864
sum_absolute,0.0001,0,continuation_mu,1378000,3,6.666666666666667e-07,0.00020929590290563738,70.57395330197343,70.57374400607053
sum_absolute,0.0001,0,continuation_mu,1379000,3,6.666666666666667e-07,0.00020870153930729884,70.57395329753,70.57374459599069
sum_absolute,0.0001,0,continuation_mu,1380000,3,6.666666666666667e-07,0.00020810995360420748,70.57395329311771,70.5737451831641
sum_absolute,0.0001,0,continuation_mu,1381000,3,6.666666666666667e-07,0.00020752112867228334,70.57395328873636,70.57374576760769
sum_absolute,0.0001,0,continuation_mu,1382000,3,6.666666666666667e-07,0.0002069350472311271,70.57395328438565,70.57374634933842
sum_absolute,0.0001,0,continuation_mu,1383000,3,6.666666666666667e-07,0.00020635169234139994,70.57395328006538,70.57374692837304
sum_absolute,0.0001,0,continuation_mu,1384000,3,6.666666666666667e-07,0.00020577104704955218,70.57395327577524,70.57374750472819
sum_absolute,0.0001,0,continuation_mu,1385000,3,6.666666666666667e-07,0.00020519309465782953,70.57395327151497,70.57374807842031
sum_absolute,0.0001,0,continuation_mu,1386000,3,6.666666666666667e-07,0.00020461781845426685,70.57395326728432,70.57374864946587
sum_absolute,0.0001,0,continuation_mu,1387000,3,6.666666666666667e-07,0.00020404520198269438,70.57395326308307,70.57374921788109
sum_absolute,0.0001,0,continuation_mu,1388000,3,6.666666666666667e-07,0.00020347522884378577,70.57395325891096,70.57374978368212
sum_absolute,0.0001,0,continuation_mu,1389000,3,6.666666666666667e-07,0.00020290788287979922,70.57395325476776,70.57375034688488
sum_absolute,0.0001,0,continuation_mu,1390000,3,6.666666666666667e-07,0.00020234314783351692,70.5739532506532,70.57375090750537
sum_absolute,0.0001,0,continuation_mu,1391000,3,6.666666666666667e-07,0.00020178100771772733,70.57395324656704,70.57375146555933
sum_absolute,0.0001,0,continuation_mu,1392000,3,6.666666666666667e-07,0.00020122144674417086,70.57395324250906,70.57375202106232
sum_absolute,0.0001,0,continuation_mu,1393000,3,6.666666666666667e-07,0.00020066444902511194,70.573953238479,70.57375257402998
sum_absolute,0.0001,0,continuation_mu,1394000,3,6.666666666666667e-07,0.00020010999907071891,70.57395323447668,70.5737531244776
sum_absolute,0.0001,0,continuation_mu,1395000,3,6.666666666666667e-07,0.0001995580812206299,70.57395323050183,70.57375367242061
sum_absolute,0.0001,0,continuation_mu,1396000,3,6.666666666666667e-07,0.0001990086802265978,70.57395322655421,70.57375421787398
sum_absolute,0.0001,0,continuation_mu,1397000,3,6.666666666666667e-07,0.00019846178062721265,70.5739532226336,70.57375476085298
sum_absolute,0.0001,0,continuation_mu,1398000,3,6.666666666666667e-07,0.00019791736737317933,70.5739532187398,70.57375530137243
sum_absolute,0.0001,0,continuation_mu,1399000,3,6.666666666666667e-07,0.00019737542540099184,70.57395321487259,70.57375583944719
sum_absolute,0.0001,0,continuation_mu,1400000,3,6.666666666666667e-07,0.0001968359396755659,70.5739532110317,70.57375637509202
sum_absolute,0.0001,0,continuation_mu,1401000,3,6.666666666666667e-07,0.00019629889548866686,70.57395320721696,70.57375690832147
sum_absolute,0.0001,0,continuation_mu,1402000,3,6.666666666666667e-07,0.00019576427807521668,70.57395320342815,70.57375743915007
sum_absolute,0.0001,0,continuation_mu,1403000,3,6.666666666666667e-07,0.00019523207288330013,70.57395319966506,70.57375796759217
sum_absolute,0.0001,0,continuation_mu,1404000,3,6.666666666666667e-07,0.00019470226528994772,70.57395319592744,70.57375849366215
sum_absolute,0.0001,0,continuation_mu,1405000,3,6.666666666666667e-07,0.0001941748410274613,70.57395319221513,70.5737590173741
sum_absolute,0.0001,0,continuation_mu,1406000,3,6.666666666666667e-07,0.00019364978577129932,70.5739531885279,70.57375953874212
sum_absolute,0.0001,0,continuation_mu,1407000,3,6.666666666666667e-07,0.00019312708533902878,70.57395318486553,70.57376005778019
sum_absolute,0.0001,0,continuation_mu,1408000,3,6.666666666666667e-07,0.00019260672567611437,70.57395318122784,70.57376057450216
sum_absolute,0.0001,0,continuation_mu,1409000,3,6.666666666666667e-07,0.00019208869282749674,70.57395317761463,70.5737610889218
sum_absolute,0.0001,0,continuation_mu,1410000,3,6.666666666666667e-07,0.00019157297295180342,70.57395317402568,70.57376160105272
sum_absolute,0.0001,0,continuation_mu,1411000,3,6.666666666666667e-07,0.00019105955223608362,70.57395317046081,70.57376211090858
sum_absolute,0.0001,0,continuation_mu,1412000,3,6.666666666666667e-07,0.00019054841705212766,70.57395316691981,70.57376261850276
sum_absolute,0.0001,0,continuation_mu,1413000,3,6.666666666666667e-07,0.00019003955394225613,70.5739531634025,70.57376312384856
sum_absolute,0.0001,0,continuation_mu,1414000,3,6.666666666666667e-07,0.00018953294934931364,70.57395315990868,70.57376362695933
sum_absolute,0.0001,0,continuation_mu,1415000,3,6.666666666666667e-07,0.0001890285899293076,70.57395315643818,70.57376412784825
sum_absolute,0.0001,0,continuation_mu,1416000,3,6.666666666666667e-07,0.00018852646243772142,70.57395315299078,70.57376462652834
sum_absolute,0.0001,0,continuation_mu,1417000,3,6.666666666666667e-07,0.0001880265537863579,70.57395314956631,70.57376512301252
sum_absolute,0.0001,0,continuation_mu,1418000,3,6.666666666666667e-07,0.0001875288507875439,70.57395314616458,70.5737656173138
sum_absolute,0.0001,0,continuation_mu,1419000,3,6.666666666666667e-07,0.00018703334063729926,70.57395314278543,70.57376610944479
sum_absolute,0.0001,0,continuation_mu,1420000,3,6.666666666666667e-07,0.00018654001030427025,70.57395313942862,70.57376659941832
sum_absolute,0.0001,0,continuation_mu,1421000,3,6.666666666666667e-07,0.00018604884716921788,70.57395313609405,70.57376708724688
sum_absolute,0.0001,0,continuation_mu,1422000,3,6.666666666666667e-07,0.00018555983845658375,70.5739531327815,70.57376757294304
sum_absolute,0.0001,0,continuation_mu,1423000,3,6.666666666666667e-07,0.00018507297158976144,70.57395312949077,70.57376805651919
sum_absolute,0.0001,0,continuation_mu,1424000,3,6.666666666666667e-07,0.00018458823410583136,70.57395312622174,70.57376853798763
sum_absolute,0.0001,0,continuation_mu,1425000,3,6.666666666666667e-07,0.00018410561352766308,70.57395312297419,70.57376901736066
sum_absolute,0.0001,0,continuation_mu,1426000,3,6.666666666666667e-07,0.0001836250976765541,70.57395311974798,70.5737694946503
sum_absolute,0.0001,0,continuation_mu,1427000,3,6.666666666666667e-07,0.00018314667418906083,70.57395311654292,70.57376996986874
sum_absolute,0.0001,0,continuation_mu,1428000,3,6.666666666666667e-07,0.00018267033105701103,70.57395311335887,70.57377044302781
sum_absolute,0.0001,0,continuation_mu,1429000,3,6.666666666666667e-07,0.00018219605611591305,70.57395311019562,70.5737709141395
sum_absolute,0.0001,0,continuation_mu,1430000,3,6.666666666666667e-07,0.00018172383745707066,70.57395310705303,70.57377138321557
sum_absolute,0.0001,0,continuation_mu,1431000,3,6.666666666666667e-07,0.00018125366318599845,70.57395310393093,70.57377185026775
sum_absolute,0.0001,0,continuation_mu,1432000,3,6.666666666666667e-07,0.00018078552157874128,70.5739531008292,70.57377231530762
sum_absolute,0.0001,0,continuation_mu,1433000,3,6.666666666666667e-07,0.0001803194008829223,70.57395309774762,70.57377277834674
sum_absolute,0.0001,0,continuation_mu,1434000,3,6.666666666666667e-07,0.00017985528944564066,70.57395309468606,70.57377323939662
sum_absolute,0.0001,0,continuation_mu,1435000,3,6.666666666666667e-07,0.00017939317572768232,70.57395309164433,70.5737736984686
sum_absolute,0.0001,0,continuation_mu,1436000,3,6.666666666666667e-07,0.00017893304840299606,70.57395308862233,70.57377415557393
sum_absolute,0.0001,0,continuation_mu,1437000,3,6.666666666666667e-07,0.00017847489600342215,70.57395308561989,70.57377461072389
sum_absolute,0.0001,0,continuation_mu,1438000,3,6.666666666666667e-07,0.00017801870720290935,70.57395308263682,70.57377506392962
sum_absolute,0.0001,0,continuation_mu,1439000,3,6.666666666666667e-07,0.00017756447083172588,70.573953079673,70.57377551520217
sum_absolute,0.0001,0,continuation_mu,1440000,3,6.666666666666667e-07,0.00017711217577698335,70.57395307672826,70.57377596455248
sum_absolute,0.0001,0,continuation_mu,1441000,3,6.666666666666667e-07,0.00017666181094000422,70.57395307380249,70.57377641199155
sum_absolute,0.0001,0,continuation_mu,1442000,3,6.666666666666667e-07,0.00017621336544948463,70.57395307089548,70.57377685753004
sum_absolute,0.0001,0,continuation_mu,1443000,3,6.666666666666667e-07,0.00017576682829201218,70.57395306800716,70.57377730117886
sum_absolute,0.0001,0,continuation_mu,1444000,3,6.666666666666667e-07,0.000175322188695759,70.57395306513729,70.5737777429486
sum_absolute,0.0001,0,continuation_mu,1445000,3,6.666666666666667e-07,0.00017487943594574062,70.57395306228582,70.57377818284988
sum_absolute,0.0001,0,continuation_mu,1446000,3,6.666666666666667e-07,0.00017443855938381603,70.57395305945258,70.5737786208932
sum_absolute,0.0001,0,continuation_mu,1447000,3,6.666666666666667e-07,0.00017399954838026588,70.57395305663738,70.573779057089
sum_absolute,0.0001,0,continuation_mu,1448000,3,6.666666666666667e-07,0.00017356239246169025,70.57395305384014,70.57377949144768
sum_absolute,0.0001,0,continuation_mu,1449000,3,6.666666666666667e-07,0.0001731270810978458,70.57395305106071,70.57377992397961
sum_absolute,0.0001,0,continuation_mu,1450000,3,6.666666666666667e-07,0.00017269360401428457,70.57395304829893,70.57378035469492
sum_absolute,0.0001,0,continuation_mu,1451000,3,6.666666666666667e-07,0.00017226195089392604,70.57395304555466,70.57378078360377
sum_absolute,0.0001,0,continuation_mu,1452000,3,6.666666666666667e-07,0.00017183211153337652,70.57395304282781,70.57378121071628
sum_absolute,0.0001,0,continuation_mu,1453000,3,6.666666666666667e-07,0.0001714040757008206,70.5739530401182,70.5737816360425
sum_absolute,0.0001,0,continuation_mu,1454000,3,6.666666666666667e-07,0.00017097783344866002,70.57395303742572,70.57378205959228
sum_absolute,0.0001,0,continuation_mu,1455000,3,6.666666666666667e-07,0.00017055337463034448,70.57395303475025,70.57378248137562
sum_absolute,0.0001,0,continuation_mu,1456000,3,6.666666666666667e-07,0.00017013068939775167,70.57395303209162,70.57378290140223
sum_absolute,0.0001,0,continuation_mu,1457000,3,6.666666666666667e-07,0.000169709767831705,70.57395302944975,70.57378331968192
sum_absolute,0.0001,0,continuation_mu,1458000,3,6.666666666666667e-07,0.0001692906001267147,70.57395302682448,70.57378373622436
sum_absolute,0.0001,0,continuation_mu,1459000,3,6.666666666666667e-07,0.00016887317660518875,70.57395302421571,70.5737841510391
sum_absolute,0.0001,0,continuation_mu,1460000,3,6.666666666666667e-07,0.00016845748758953505,70.57395302162327,70.57378456413568
sum_absolute,0.0001,0,continuation_mu,1461000,3,6.666666666666667e-07,0.0001680435234163724,70.57395301904707,70.57378497552365
sum_absolute,0.0001,0,continuation_mu,1462000,3,6.666666666666667e-07,0.00016763127459284988,70.57395301648698,70.57378538521239
sum_absolute,0.0001,0,continuation_mu,1463000,3,6.666666666666667e-07,0.0001672207316545382,70.57395301394291,70.57378579321126
sum_absolute,0.0001,0,continuation_mu,1464000,3,6.666666666666667e-07,0.00016681188520806245,70.57395301141466,70.57378619952945
sum_absolute,0.0001,0,continuation_mu,1465000,3,6.666666666666667e-07,0.00016640472590268018,70.5739530089022,70.57378660417629
sum_absolute,0.0001,0,continuation_mu,1466000,3,6.666666666666667e-07,0.00016599924444449243,70.57395300640533,70.57378700716089
sum_absolute,0.0001,0,continuation_mu,1467000,3,6.666666666666667e-07,0.00016559543162486534,70.57395300392399,70.57378740849236
sum_absolute,0.0001,0,continuation_mu,1468000,3,6.666666666666667e-07,0.00016519327841990616,70.57395300145805,70.57378780817963
sum_absolute,0.0001,0,continuation_mu,1469000,3,6.666666666666667e-07,0.0001647927755072942,70.57395299900736,70.57378820623185
sum_absolute,0.0001,0,continuation_mu,1470000,3,6.666666666666667e-07,0.00016439391413314297,70.57395299657188,70.57378860265774
sum_absolute,0.0001,0,continuation_mu,1471000,3,6.666666666666667e-07,0.00016399668510302945,70.57395299415143,70.57378899746632
sum_absolute,0.0001,0,continuation_mu,1472000,3,6.666666666666667e-07,0.00016360107964885628,70.57395299174591,70.57378939066626
sum_absolute,0.0001,0,continuation_mu,1473000,3,6.666666666666667e-07,0.00016320708888883928,70.5739529893552,70.57378978226632
sum_absolute,0.0001,0,continuation_mu,1474000,3,6.666666666666667e-07,0.00016281470406909193,70.57395298697924,70.57379017227517
sum_absolute,0.0001,0,continuation_mu,1475000,3,6.666666666666667e-07,0.0001624239164783603,70.57395298461788,70.5737905607014
sum_absolute,0.0001,0,continuation_mu,1476000,3,6.666666666666667e-07,0.0001620347174196013,70.57395298227101,70.57379094755359
sum_absolute,0.0001,0,continuation_mu,1477000,3,6.666666666666667e-07,0.00016164709830945867,70.57395297993853,70.57379133284022
sum_absolute,0.0001,0,continuation_mu,1478000,3,6.666666666666667e-07,0.00016126105063563045,70.57395297762034,70.5737917165697
sum_absolute,0.0001,0,continuation_mu,1479000,3,6.666666666666667e-07,0.00016087656587160382,70.57395297531633,70.57379209875046
sum_absolute,0.0001,0,continuation_mu,1480000,3,6.666666666666667e-07,0.0001604936355334985,70.57395297302637,70.57379247939083
sum_absolute,0.0001,0,continuation_mu,1481000,3,6.666666666666667e-07,0.0001601122513932296,70.5739529707504,70.573792858499
sum_absolute,0.0001,0,continuation_mu,1482000,3,6.666666666666667e-07,0.00015973240503797115,70.57395296848829,70.57379323608325
sum_absolute,0.0001,0,continuation_mu,1483000,3,6.666666666666667e-07,0.00015935408821121655,70.57395296623994,70.57379361215173
sum_absolute,0.0001,0,continuation_mu,1484000,3,6.666666666666667e-07,0.00015897729272751349,70.57395296400526,70.57379398671253
sum_absolute,0.0001,0,continuation_mu,1485000,3,6.666666666666667e-07,0.00015860201048667477,70.57395296178413,70.57379435977364
sum_absolute,0.0001,0,continuation_mu,1486000,3,6.666666666666667e-07,0.00015822823327482638,70.57395295957646,70.57379473134318
sum_absolute,0.0001,0,continuation_mu,1487000,3,6.666666666666667e-07,0.00015785595316231138,70.57395295738216,70.573795101429
sum_absolute,0.0001,0,continuation_mu,1488000,3,6.666666666666667e-07,0.00015748516209157515,70.57395295520111,70.57379547003902
sum_absolute,0.0001,0,continuation_mu,1489000,3,6.666666666666667e-07,0.00015711585217559332,70.57395295303326,70.57379583718108
sum_absolute,0.0001,0,continuation_mu,1490000,3,6.666666666666667e-07,0.0001567480154989198,70.57395295087845,70.57379620286295
sum_absolute,0.0001,0,continuation_mu,1491000,3,6.666666666666667e-07,0.0001563816442597954,70.57395294873663,70.57379656709237
sum_absolute,0.0001,0,continuation_mu,1492000,3,6.666666666666667e-07,0.0001560167306990934,70.5739529466077,70.573796929877
sum_absolute,0.0001,0,continuation_mu,1493000,3,6.666666666666667e-07,0.00015565326707189797,70.57395294449154,70.57379729122447
sum_absolute,0.0001,0,continuation_mu,1494000,3,6.666666666666667e-07,0.00015529124564750418,70.57395294238808,70.57379765114243
sum_absolute,0.0001,0,continuation_mu,1495000,3,6.666666666666667e-07,0.00015493065886573731,70.57395294029722,70.57379800963835
sum_absolute,0.0001,0,continuation_mu,1496000,3,6.666666666666667e-07,0.00015457149916642265,70.5739529382189,70.57379836671973
sum_absolute,0.0001,0,continuation_mu,1497000,3,6.666666666666667e-07,0.0001542137589893855,70.57395293615295,70.57379872239396
sum_absolute,0.0001,0,continuation_mu,1498000,3,6.666666666666667e-07,0.00015385743088813797,70.57395293409937,70.57379907666848
sum_absolute,0.0001,0,continuation_mu,1499000,3,6.666666666666667e-07,0.00015350250734513793,70.573952932058,70.57379942955066
sum_absolute,0.0001,0,continuation_mu,1500000,3,6.666666666666667e-07,0.0001531489811696929,70.57395293002882,70.57379978104765
sum_absolute,0.0001,0,continuation_mu,1501000,3,6.666666666666667e-07,0.0001527968448726824,70.57395292801169,70.57380013116682
sum_absolute,0.0001,0,continuation_mu,1502000,3,6.666666666666667e-07,0.00015244609124920316,70.57395292600654,70.57380047991529
sum_absolute,0.0001,0,continuation_mu,1503000,3,6.666666666666667e-07,0.00015209671303750838,70.57395292401327,70.57380082730023
sum_absolute,0.0001,0,continuation_mu,1504000,3,6.666666666666667e-07,0.00015174870303269472,70.57395292203182,70.57380117332879
sum_absolute,0.0001,0,continuation_mu,1505000,3,6.666666666666667e-07,0.00015140205418617825,70.5739529200621,70.57380151800791
sum_absolute,0.0001,0,continuation_mu,1506000,3,6.666666666666667e-07,0.00015105675932147733,70.57395291810401,70.57380186134469
sum_absolute,0.0001,0,continuation_mu,1507000,3,6.666666666666667e-07,0.00015071281141842974,70.57395291615747,70.57380220334605
sum_absolute,0.0001,0,continuation_mu,1508000,3,6.666666666666667e-07,0.00015037020348529495,70.5739529142224,70.57380254401892
sum_absolute,0.0001,0,continuation_mu,1509000,3,6.666666666666667e-07,0.0001500289285445433,70.57395291229872,70.57380288337018
sum_absolute,0.0001,0,continuation_mu,1510000,3,6.666666666666667e-07,0.00014968897974654283,70.57395291038637,70.57380322140662
sum_absolute,0.0001,0,continuation_mu,1511000,3,6.666666666666667e-07,0.00014935035018481813,70.57395290848524,70.57380355813505
sum_absolute,0.0001,0,continuation_mu,1512000,3,6.666666666666667e-07,0.00014901303300973723,70.57395290659527,70.57380389356226
sum_absolute,0.0001,0,continuation_mu,1513000,3,6.666666666666667e-07,0.0001486770215137767,70.57395290471635,70.57380422769484
sum_absolute,0.0001,0,continuation_mu,1514000,3,6.666666666666667e-07,0.00014834230893256972,70.57395290284845,70.57380456053951
sum_absolute,0.0001,0,continuation_mu,1515000,3,6.666666666666667e-07,0.0001480088885728037,70.57395290099143,70.57380489210286
sum_absolute,0.0001,0,continuation_mu,1516000,3,6.666666666666667e-07,0.00014767675374116607,70.57395289914525,70.57380522239151
sum_absolute,0.0001,0,continuation_mu,1517000,3,6.666666666666667e-07,0.00014734589794329622,70.57395289730985,70.57380555141191
sum_absolute,0.0001,0,continuation_mu,1518000,3,6.666666666666667e-07,0.00014701631457114672,70.57395289548515,70.57380587917058
sum_absolute,0.0001,0,continuation_mu,1519000,3,6.666666666666667e-07,0.00014668799701667012,70.57395289367102,70.573806205674
sum_absolute,0.0001,0,continuation_mu,1520000,3,6.666666666666667e-07,0.00014636093894182522,70.57395289186746,70.57380653092852
sum_absolute,0.0001,0,continuation_mu,1521000,3,6.666666666666667e-07,0.00014603513383804057,70.57395289007434,70.5738068549405
sum_absolute,0.0001,0,continuation_mu,1522000,3,6.666666666666667e-07,0.00014571057532464238,70.5739528882916,70.57380717771628
sum_absolute,0.0001,0,continuation_mu,1523000,3,6.666666666666667e-07,0.00014538725709201117,70.57395288651921,70.57380749926212
sum_absolute,0.0001,0,continuation_mu,1524000,3,6.666666666666667e-07,0.0001450651727168406,70.57395288475703,70.57380781958432
sum_absolute,0.0001,0,continuation_mu,1525000,3,6.666666666666667e-07,0.0001447443160458306,70.57395288300503,70.57380813868899
sum_absolute,0.0001,0,continuation_mu,1526000,3,6.666666666666667e-07,0.00014442468074093995,70.57395288126312,70.57380845658238
sum_absolute,0.0001,0,continuation_mu,1527000,3,6.666666666666667e-07,0.0001441062606630794,70.57395287953125,70.57380877327058
sum_absolute,0.0001,0,continuation_mu,1528000,3,6.666666666666667e-07,0.00014378904967315975,70.57395287780935,70.57380908875967
sum_absolute,0.0001,0,continuation_mu,1529000,3,6.666666666666667e-07,0.00014347304163209174,70.57395287609732,70.57380940305569
sum_absolute,0.0001,0,continuation_mu,1530000,3,6.666666666666667e-07,0.0001431582305002621,70.57395287439512,70.57380971616462
sum_absolute,0.0001,0,continuation_mu,1531000,3,6.666666666666667e-07,0.0001428446101812142,70.57395287270268,70.5738100280925
sum_absolute,0.0001,0,continuation_mu,1532000,3,6.666666666666667e-07,0.00014253217470638901,70.57395287101991,70.5738103388452
sum_absolute,0.0001,0,continuation_mu,1533000,3,6.666666666666667e-07,0.00014222091809301673,70.57395286934675,70.57381064842866
sum_absolute,0.0001,0,continuation_mu,1534000,3,6.666666666666667e-07,0.0001419108344578035,70.57395286768318,70.57381095684872
sum_absolute,0.0001,0,continuation_mu,1535000,3,6.666666666666667e-07,0.0001416019178464012,70.57395286602906,70.57381126411121
sum_absolute,0.0001,0,continuation_mu,1536000,3,6.666666666666667e-07,0.0001412941624892028,70.57395286438438,70.57381157022189
sum_absolute,0.0001,0,continuation_mu,1537000,3,6.666666666666667e-07,0.00014098756247449273,70.57395286274904,70.57381187518656
sum_absolute,0.0001,0,continuation_mu,1538000,3,6.666666666666667e-07,0.00014068211207529657,70.573952861123,70.57381217901093
sum_absolute,0.0001,0,continuation_mu,1539000,3,6.666666666666667e-07,0.00014037780562148328,70.57395285950619,70.57381248170057
sum_absolute,0.0001,0,continuation_mu,1540000,3,6.666666666666667e-07,0.00014007463731502412,70.57395285789855,70.57381278326123
sum_absolute,0.0001,0,continuation_mu,1541000,3,6.666666666666667e-07,0.00013977260152842064,70.57395285630002,70.5738130836985
sum_absolute,0.0001,0,continuation_mu,1542000,3,6.666666666666667e-07,0.00013947169254890923,70.5739528547105,70.57381338301795
sum_absolute,0.0001,0,continuation_mu,1543000,3,6.666666666666667e-07,0.00013917190483425657,70.57395285312997,70.57381368122513
sum_absolute,0.0001,0,continuation_mu,1544000,3,6.666666666666667e-07,0.0001388732328422293,70.57395285155835,70.5738139783255
sum_absolute,0.0001,0,continuation_mu,1545000,3,6.666666666666667e-07,0.00013857567101638324,70.57395284999559,70.57381427432458
sum_absolute,0.0001,0,continuation_mu,1546000,3,6.666666666666667e-07,0.00013827921384290676,70.57395284844162,70.57381456922778
sum_absolute,0.0001,0,continuation_mu,1547000,3,6.666666666666667e-07,0.00013798385589325335,70.57395284689639,70.5738148630405
sum_absolute,0.0001,0,continuation_mu,1548000,3,6.666666666666667e-07,0.00013768959175308737,70.57395284535984,70.57381515576809
sum_absolute,0.0001,0,continuation_mu,1549000,3,6.666666666666667e-07,0.0001373964159085972,70.5739528438319,70.573815447416
sum_absolute,0.0001,0,continuation_mu,1550000,3,6.666666666666667e-07,0.00013710432311597742,70.57395284231251,70.57381573798939
sum_absolute,0.0001,0,continuation_mu,1551000,3,6.666666666666667e-07,0.00013681330801773584,70.57395284080162,70.5738160274936
sum_absolute,0.0001,0,continuation_mu,1552000,3,6.666666666666667e-07,0.00013652336534164533,70.57395283929918,70.57381631593384
sum_absolute,0.0001,0,continuation_mu,1553000,3,6.666666666666667e-07,0.0001362344897870571,70.57395283780514,70.57381660331535
sum_absolute,0.0001,0,continuation_mu,1554000,3,6.666666666666667e-07,0.0001359466761243766,70.5739528363194,70.57381688964328
sum_absolute,0.0001,0,continuation_mu,1555000,3,6.666666666666667e-07,0.00013565991912400932,70.57395283484195,70.57381717492282
sum_absolute,0.0001,0,continuation_mu,1556000,3,6.666666666666667e-07,0.0001353742136842584,70.5739528333727,70.57381745915902
sum_absolute,0.0001,0,continuation_mu,1557000,3,6.666666666666667e-07,0.00013508955466079442,70.57395283191164,70.57381774235698
sum_absolute,0.0001,0,continuation_mu,1558000,3,6.666666666666667e-07,0.00013480593685244457,70.57395283045867,70.57381802452181
sum_absolute,0.0001,0,continuation_mu,1559000,3,6.666666666666667e-07,0.00013452335529962056,70.57395282901373,70.57381830565843
sum_absolute,0.0001,0,continuation_mu,1560000,3,6.666666666666667e-07,0.0001342418049148364,70.57395282757682,70.5738185857719
sum_absolute,0.0001,0,continuation_mu,1561000,3,6.666666666666667e-07,0.00013396128068166036,70.57395282614783,70.57381886486715
sum_absolute,0.0001,0,continuation_mu,1562000,3,6.666666666666667e-07,0.00013368177761208244,70.57395282472675,70.57381914294913
sum_absolute,0.0001,0,continuation_mu,1563000,3,6.666666666666667e-07,0.00013340329078914692,70.5739528233135,70.57381942002272
sum_absolute,0.0001,0,continuation_mu,1564000,3,6.666666666666667e-07,0.00013312581526747636,70.57395282190805,70.57381969609278
sum_absolute,0.0001,0,continuation_mu,1565000,3,6.666666666666667e-07,0.0001328493461016933,70.57395282051031,70.57381997116421
sum_absolute,0.0001,0,continuation_mu,1566000,3,6.666666666666667e-07,0.00013257387858800485,70.57395281912028,70.57382024524169
sum_absolute,0.0001,0,continuation_mu,1567000,3,6.666666666666667e-07,0.00013229940769576842,70.57395281773786,70.57382051833017
sum_absolute,0.0001,0,continuation_mu,1568000,3,6.666666666666667e-07,0.00013202592873540198,70.57395281636303,70.5738207904343
sum_absolute,0.0001,0,continuation_mu,1569000,3,6.666666666666667e-07,0.0001317534369036366,70.57395281499572,70.57382106155882
sum_absolute,0.0001,0,continuation_mu,1570000,3,6.666666666666667e-07,0.00013148192745404685,70.57395281363591,70.57382133170846
sum_absolute,0.0001,0,continuation_mu,1571000,3,6.666666666666667e-07,0.0001312113956828398,70.57395281228352,70.57382160088784
sum_absolute,0.0001,0,continuation_mu,1572000,3,6.666666666666667e-07,0.00013094183692885508,70.57395281093851,70.57382186910158
sum_absolute,0.0001,0,continuation_mu,1573000,3,6.666666666666667e-07,0.0001306732464314564,70.57395280960084,70.57382213635441
sum_absolute,0.0001,0,continuation_mu,1574000,3,6.666666666666667e-07,0.00013040561965738107,70.57395280827046,70.5738224026508
sum_absolute,0.0001,0,continuation_mu,1575000,3,6.666666666666667e-07,0.00013013895191704705,70.57395280694729,70.57382266799537
sum_absolute,0.0001,0,continuation_mu,1576000,3,6.666666666666667e-07,0.0001298732387340351,70.57395280563134,70.5738229323926
sum_absolute,0.0001,0,continuation_mu,1577000,3,6.666666666666667e-07,0.00012960847543297405,70.57395280432252,70.57382319584708
sum_absolute,0.0001,0,continuation_mu,1578000,3,6.666666666666667e-07,0.0001293446576084989,70.5739528030208,70.5738234583632
sum_absolute,0.0001,0,continuation_mu,1579000,3,6.666666666666667e-07,0.00012908178068471443,70.57395280172611,70.57382371994542
sum_absolute,0.0001,0,continuation_mu,1580000,3,6.666666666666667e-07,0.00012881984021362314,70.57395280043845,70.57382398059823
sum_absolute,0.0001,0,continuation_mu,1581000,3,6.666666666666667e-07,0.0001285588317756492,70.57395279915774,70.57382424032596
sum_absolute,0.0001,0,continuation_mu,1582000,3,6.666666666666667e-07,0.00012829875092279508,70.57395279788392,70.573824499133
sum_absolute,0.0001,0,continuation_mu,1583000,3,6.666666666666667e-07,0.00012803959326390668,70.57395279661698,70.57382475702371
sum_absolute,0.0001,0,continuation_mu,1584000,3,6.666666666666667e-07,0.00012778135445046246,70.57395279535689,70.57382501400244
sum_absolute,0.0001,0,continuation_mu,1585000,3,6.666666666666667e-07,0.00012752403013394087,70.57395279410355,70.57382527007341
sum_absolute,0.0001,0,continuation_mu,1586000,3,6.666666666666667e-07,0.00012726761598003122,70.57395279285693,70.57382552524095
sum_absolute,0.0001,0,continuation_mu,1587000,3,6.666666666666667e-07,0.0001270121077254771,70.57395279161702,70.57382577950929
sum_absolute,0.0001,0,continuation_mu,1588000,3,6.666666666666667e-07,0.00012675750112123296,70.57395279038374,70.57382603288262
sum_absolute,0.0001,0,continuation_mu,1589000,3,6.666666666666667e-07,0.00012650379188983152,70.57395278915706,70.57382628536517
sum_absolute,0.0001,0,continuation_mu,1590000,3,6.666666666666667e-07,0.00012625097581064892,70.57395278793695,70.57382653696114
sum_absolute,0.0001,0,continuation_mu,1591000,3,6.666666666666667e-07,0.0001259990487625373,70.57395278672335,70.57382678767459
sum_absolute,0.0001,0,continuation_mu,1592000,3,6.666666666666667e-07,0.0001257480065390837,70.57395278551625,70.57382703750972
sum_absolute,0.0001,0,continuation_mu,1593000,3,6.666666666666667e-07,0.00012549784499071848,70.57395278431557,70.57382728647057
sum_absolute,0.0001,0,continuation_mu,1594000,3,6.666666666666667e-07,0.0001252485599962938,70.57395278312126,70.57382753456126
sum_absolute,0.0001,0,continuation_mu,1595000,3,6.666666666666667e-07,0.00012500014749150523,70.57395278193333,70.57382778178584
sum_absolute,0.0001,0,continuation_mu,1596000,3,6.666666666666667e-07,0.00012475260339783745,70.5739527807517,70.5738280281483
sum_absolute,0.0001,0,continuation_mu,1597000,3,6.666666666666667e-07,0.00012450592369361857,70.57395277957633,70.57382827365264
sum_absolute,0.0001,0,continuation_mu,1598000,3,6.666666666666667e-07,0.00012426010431454415,70.5739527784072,70.57382851830289
sum_absolute,0.0001,0,continuation_mu,1599000,3,6.666666666666667e-07,0.00012401514125315316,70.57395277724424,70.57382876210299
sum_absolute,0.0001,0,continuation_mu,1600000,3,6.666666666666667e-07,0.00012377103057303884,70.57395277608745,70.57382900505688
sum_absolute,0.0001,0,continuation_mu,1601000,3,6.666666666666667e-07,0.0001235277683235836,70.57395277493677,70.57382924716845
sum_absolute,0.0001,0,continuation_mu,1602000,3,6.666666666666667e-07,0.0001232853506110132,70.57395277379217,70.57382948844156
sum_absolute,0.0001,0,continuation_mu,1603000,3,6.666666666666667e-07,0.00012304377347049922,70.5739527726536,70.57382972888013
sum_absolute,0.0001,0,continuation_mu,1604000,3,6.666666666666667e-07,0.00012280303297984574,70.573952771521,70.57382996848801
sum_absolute,0.0001,0,continuation_mu,1605000,3,6.666666666666667e-07,0.0001225631253589654,70.57395277039437,70.57383020726901
sum_absolute,0.0001,0,continuation_mu,1606000,3,6.666666666666667e-07,0.0001223240467282949,70.57395276927366,70.57383044522693
sum_absolute,0.0001,0,continuation_mu,1607000,3,6.666666666666667e-07,0.00012208579332195768,70.57395276815883,70.57383068236551
sum_absolute,0.0001,0,continuation_mu,1608000,3,6.666666666666667e-07,0.00012184836128881216,70.57395276704985,70.57383091868856
sum_absolute,0.0001,0,continuation_mu,1609000,3,6.666666666666667e-07,0.00012161174690561438,70.57395276594666,70.57383115419975
sum_absolute,0.0001,0,continuation_mu,1610000,3,6.666666666666667e-07,0.00012137594637806615,70.57395276484925,70.57383138890287
sum_absolute,0.0001,0,continuation_mu,1611000,3,6.666666666666667e-07,0.00012114095598292351,70.57395276375756,70.57383162280158
sum_absolute,0.0001,0,continuation_mu,1612000,3,6.666666666666667e-07,0.00012090677202536426,70.57395276267158,70.57383185589956
sum_absolute,0.0001,0,continuation_mu,1613000,3,6.666666666666667e-07,0.00012067339082477702,70.57395276159126,70.57383208820043
sum_absolute,0.0001,0,continuation_mu,1614000,3,6.666666666666667e-07,0.0001204408087005504,70.57395276051656,70.57383231970786
sum_absolute,0.0001,0,continuation_mu,1615000,3,6.666666666666667e-07,0.00012020902202891648,70.57395275944745,70.57383255042542
sum_absolute,0.0001,0,continuation_mu,1616000,3,6.666666666666667e-07,0.00011997802715768557,70.5739527583839,70.57383278035674
sum_absolute,0.0001,0,continuation_mu,1617000,3,6.666666666666667e-07,0.00011974782049151145,70.57395275732586,70.57383300950536
sum_absolute,0.0001,0,continuation_mu,1618000,3,6.666666666666667e-07,0.00011951839843504786,70.57395275627331,70.57383323787488
sum_absolute,0.0001,0,continuation_mu,1619000,3,6.666666666666667e-07,0.00011928975743558112,70.5739527552262,70.57383346546877
sum_absolute,0.0001,0,continuation_mu,1620000,3,6.666666666666667e-07,0.0001190618940256627,70.57395275418453,70.5738336922905
sum_absolute,0.0001,0,continuation_mu,1621000,3,6.666666666666667e-07,0.00011883480455310291,70.57395275314822,70.57383391834367
sum_absolute,0.0001,0,continuation_mu,1622000,3,6.666666666666667e-07,0.00011860848556466408,70.57395275211726,70.5738341436317
sum_absolute,0.0001,0,continuation_mu,1623000,3,6.666666666666667e-07,0.00011838293363553021,70.57395275109162,70.57383436815799
sum_absolute,0.0001,0,continuation_mu,1624000,3,6.666666666666667e-07,0.00011815814522719847,70.57395275007127,70.57383459192604
sum_absolute,0.0001,0,continuation_mu,1625000,3,6.666666666666667e-07,0.00011793411692906375,70.57395274905616,70.57383481493923
sum_absolute,0.0001,0,continuation_mu,1626000,3,6.666666666666667e-07,0.00011771084534473175,70.57395274804628,70.57383503720094
sum_absolute,0.0001,0,continuation_mu,1627000,3,6.666666666666667e-07,0.00011748832699254308,70.57395274704157,70.57383525871458
sum_absolute,0.0001,0,continuation_mu,1628000,3,6.666666666666667e-07,0.00011726655854715773,70.57395274604201,70.57383547948346
sum_absolute,0.0001,0,continuation_mu,1629000,3,6.666666666666667e-07,0.00011704553665481399,70.57395274504759,70.57383569951094
sum_absolute,0.0001,0,continuation_mu,1630000,3,6.666666666666667e-07,0.00011682525790490672,70.57395274405823,70.57383591880033
sum_absolute,0.0001,0,continuation_mu,1631000,3,6.666666666666667e-07,0.00011660571900051764,70.57395274307396,70.57383613735496
sum_absolute,0.0001,0,continuation_mu,1632000,3,6.666666666666667e-07,0.00011638691667315015,70.57395274209469,70.57383635517802
sum_absolute,0.0001,0,continuation_mu,1633000,3,6.666666666666667e-07,0.00011616884756904255,70.57395274112042,70.57383657227285
sum_absolute,0.0001,0,continuation_mu,1634000,3,6.666666666666667e-07,0.00011595150841969826,70.57395274015111,70.5738367886427
sum_absolute,0.0001,0,continuation_mu,1635000,3,6.666666666666667e-07,0.00011573489599925324,70.57395273918674,70.57383700429074
sum_absolute,0.0001,0,continuation_mu,1636000,3,6.666666666666667e-07,0.00011551900705342177,70.57395273822726,70.57383721922021
sum_absolute,0.0001,0,continuation_mu,1637000,3,6.666666666666667e-07,0.00011530383841318326,70.57395273727269,70.57383743343428
sum_absolute,0.0001,0,continuation_mu,1638000,3,6.666666666666667e-07,0.00011508938676740854,70.57395273632292,70.57383764693616
sum_absolute,0.0001,0,continuation_mu,1639000,3,6.666666666666667e-07,0.00011487564906076386,70.573952735378,70.57383785972894
sum_absolute,0.0001,0,continuation_mu,1640000,3,6.666666666666667e-07,0.00011466262198212007,70.57395273443782,70.57383807181584
sum_absolute,0.0001,0,continuation_mu,1641000,3,6.666666666666667e-07,0.00011445030253298683,70.57395273350242,70.57383828319989
sum_absolute,0.0001,0,continuation_mu,1642000,3,6.666666666666667e-07,0.0001142386874875001,70.57395273257175,70.57383849388427
sum_absolute,0.0001,0,continuation_mu,1643000,3,6.666666666666667e-07,0.00011402777379032614,70.57395273164576,70.57383870387197
sum_absolute,0.0001,0,continuation_mu,1644000,3,6.666666666666667e-07,0.00011381755827244433,70.57395273072444,70.57383891316617
sum_absolute,0.0001,0,continuation_mu,1645000,3,6.666666666666667e-07,0.00011360803790694263,70.57395272980779,70.57383912176988
sum_absolute,0.0001,0,continuation_mu,1646000,3,6.666666666666667e-07,0.00011339920963848726,70.57395272889572,70.57383932968608
sum_absolute,0.0001,0,continuation_mu,1647000,3,6.666666666666667e-07,0.00011319107036911191,70.57395272798824,70.57383953691787
sum_absolute,0.0001,0,continuation_mu,1648000,3,6.666666666666667e-07,0.00011298361715716965,70.57395272708531,70.57383974346816
sum_absolute,0.0001,0,continuation_mu,1649000,3,6.666666666666667e-07,0.00011277684686206157,70.57395272618692,70.57383994934005
sum_absolute,0.0001,0,continuation_mu,1650000,3,6.666666666666667e-07,0.00011257075659898419,70.57395272529301,70.57384015453641
sum_absolute,0.0001,0,continuation_mu,1651000,3,6.666666666666667e-07,0.00011236534336944715,70.57395272440358,70.57384035906021
sum_absolute,0.0001,0,continuation_mu,1652000,3,6.666666666666667e-07,0.0001121606041749601,70.5739527235186,70.57384056291443
sum_absolute,0.0001,0,continuation_mu,1653000,3,6.666666666666667e-07,0.00011195653611650869,70.57395272263804,70.57384076610192
sum_absolute,0.0001,0,continuation_mu,1654000,3,6.666666666666667e-07,0.00011175313619560256,70.57395272176188,70.57384096862569
sum_absolute,0.0001,0,continuation_mu,1655000,3,6.666666666666667e-07,0.00011155040155585993,70.57395272089008,70.57384117048852
sum_absolute,0.0001,0,continuation_mu,1656000,3,6.666666666666667e-07,0.00011134832926984473,70.57395272002259,70.57384137169332
sum_absolute,0.0001,0,continuation_mu,1657000,3,6.666666666666667e-07,0.000111146916495386,70.57395271915945,70.57384157224296
sum_absolute,0.0001,0,continuation_mu,1658000,3,6.666666666666667e-07,0.00011094616030504767,70.57395271830057,70.57384177214027
sum_absolute,0.0001,0,continuation_mu,1659000,3,6.666666666666667e-07,0.00011074605789929137,70.57395271744599,70.57384197138809
sum_absolute,0.0001,0,continuation_mu,1660000,3,6.666666666666667e-07,0.00011054660635068103,70.57395271659561,70.57384216998926
sum_absolute,0.0001,0,continuation_mu,1661000,3,6.666666666666667e-07,0.00011034780300178682,70.57395271574947,70.57384236794647
sum_absolute,0.0001,0,continuation_mu,1662000,3,6.666666666666667e-07,0.00011014964485411838,70.57395271490749,70.57384256526264
sum_absolute,0.0001,0,continuation_mu,1663000,3,6.666666666666667e-07,0.0001099521292786676,70.57395271406968,70.5738427619404
sum_absolute,0.0001,0,continuation_mu,1664000,3,6.666666666666667e-07,0.00010975525339063097,70.573952713236,70.5738429579826
sum_absolute,0.0001,0,continuation_mu,1665000,3,6.666666666666667e-07,0.00010955901450415695,70.57395271240642,70.57384315339192
sum_absolute,0.0001,0,continuation_mu,1666000,3,6.666666666666667e-07,0.00010936340986233972,70.57395271158096,70.5738433481711
sum_absolute,0.0001,0,continuation_mu,1667000,3,6.666666666666667e-07,0.00010916843669406262,70.57395271075953,70.57384354232283
sum_absolute,0.0001,0,continuation_mu,1668000,3,6.666666666666667e-07,0.0001089740923134741,70.57395270994215,70.57384373584983
sum_absolute,0.0001,0,continuation_mu,1669000,3,6.666666666666667e-07,0.00010878037399209006,70.57395270912878,70.57384392875478
sum_absolute,0.0001,0,continuation_mu,1670000,3,6.666666666666667e-07,0.00010858727908669152,70.57395270831941,70.57384412104032
sum_absolute,0.0001,0,continuation_mu,1671000,3,6.666666666666667e-07,0.00010839480486879438,70.573952707514,70.57384431270913
sum_absolute,0.0001,0,continuation_mu,1672000,3,6.666666666666667e-07,0.00010820294875202308,70.57395270671253,70.57384450376378
sum_absolute,0.0001,0,continuation_mu,1673000,3,6.666666666666667e-07,0.00010801170799368265,70.57395270591499,70.573844694207
sum_absolute,0.0001,0,continuation_mu,1674000,3,6.666666666666667e-07,0.00010782108007845181,70.57395270512134,70.57384488404126
sum_absolute,0.0001,0,continuation_mu,1675000,3,6.666666666666667e-07,0.00010763106229205732,70.57395270433156,70.57384507326927
sum_absolute,0.0001,0,continuation_mu,1676000,3,6.666666666666667e-07,0.00010744165209075618,70.57395270354561,70.57384526189352
sum_absolute,0.0001,0,continuation_mu,1677000,3,6.666666666666667e-07,0.00010725284685975112,70.57395270276353,70.57384544991667
sum_absolute,0.0001,0,continuation_mu,1678000,3,6.666666666666667e-07,0.00010706464405529914,70.57395270198523,70.57384563734118
sum_absolute,0.0001,0,continuation_mu,1679000,3,6.666666666666667e-07,0.00010687704106260298,70.57395270121071,70.57384582416965
sum_absolute,0.0001,0,continuation_mu,1680000,3,6.666666666666667e-07,0.00010669003539476307,70.57395270043996,70.57384601040457
sum_absolute,0.0001,0,continuation_mu,1681000,3,6.666666666666667e-07,0.00010650362445119299,70.57395269967293,70.57384619604848
sum_absolute,0.0001,0,continuation_mu,1682000,3,6.666666666666667e-07,0.00010631780574499317,70.57395269890964,70.57384638110389
sum_absolute,0.0001,0,continuation_mu,1683000,3,6.666666666666667e-07,0.0001061325768603183,70.57395269815005,70.57384656557319
sum_absolute,0.0001,0,continuation_mu,1684000,3,6.666666666666667e-07,0.00010594793511131684,70.5739526973941,70.573846749459
sum_absolute,0.0001,0,continuation_mu,1685000,3,6.666666666666667e-07,0.0001057638782384629,70.57395269664184,70.5738469327636
sum_absolute,0.0001,0,continuation_mu,1686000,3,6.666666666666667e-07,0.00010558040359853749,70.57395269589318,70.57384711548958
sum_absolute,0.0001,0,continuation_mu,1687000,3,6.666666666666667e-07,0.00010539750878990617,70.57395269514814,70.57384729763935
sum_absolute,0.0001,0,continuation_mu,1688000,3,6.666666666666667e-07,0.00010521519138251278,70.5739526944067,70.57384747921532
sum_absolute,0.0001,0,continuation_mu,1689000,3,6.666666666666667e-07,0.00010503344897472289,70.57395269366882,70.57384766021984
sum_absolute,0.0001,0,continuation_mu,1690000,3,6.666666666666667e-07,0.00010485227909384776,70.57395269293448,70.57384784065539
sum_absolute,0.0001,0,continuation_mu,1691000,3,6.666666666666667e-07,0.00010467167940930722,70.57395269220368,70.57384802052427
sum_absolute,0.0001,0,continuation_mu,1692000,3,6.666666666666667e-07,0.00010449164741999084,70.57395269147636,70.57384819982894
sum_absolute,0.0001,0,continuation_mu,1693000,3,6.666666666666667e-07,0.00010431218085216187,70.57395269075253,70.57384837857168
sum_absolute,0.0001,0,continuation_mu,1694000,3,6.666666666666667e-07,0.00010413327730418587,70.57395269003219,70.57384855675488
sum_absolute,0.0001,0,continuation_mu,1695000,3,6.666666666666667e-07,0.0001039549344312718,70.57395268931526,70.57384873438083
sum_absolute,0.0001,0,continuation_mu,1696000,3,6.666666666666667e-07,0.00010377714983178521,70.57395268860178,70.57384891145195
sum_absolute,0.0001,0,continuation_mu,1697000,3,6.666666666666667e-07,0.00010359992127462192,70.57395268789169,70.57384908797042
sum_absolute,0.0001,0,continuation_mu,1698000,3,6.666666666666667e-07,0.00010342324640078004,70.573952687185,70.5738492639386
sum_absolute,0.0001,0,continuation_mu,1699000,3,6.666666666666667e-07,0.0001032471228512577,70.57395268648166,70.57384943935881
sum_absolute,0.0001,0,continuation_mu,1700000,3,6.666666666666667e-07,0.0001030715484233724,70.57395268578168,70.57384961423325
sum_absolute,0.0001,0,continuation_mu,1701000,3,6.666666666666667e-07,0.00010289652074391142,70.573952685085,70.57384978856426
sum_absolute,0.0001,0,continuation_mu,1702000,3,6.666666666666667e-07,0.00010272203763861398,70.57395268439166,70.57384996235402
sum_absolute,0.0001,0,continuation_mu,1703000,3,6.666666666666667e-07,0.00010254809683374333,70.5739526837016,70.57385013560477
sum_absolute,0.0001,0,continuation_mu,1704000,3,6.666666666666667e-07,0.000102374696027141,70.5739526830148,70.57385030831877
sum_absolute,0.0001,0,continuation_mu,1705000,3,6.666666666666667e-07,0.00010220183303033537,70.57395268233128,70.57385048049825
sum_absolute,0.0001,0,continuation_mu,1706000,3,6.666666666666667e-07,0.00010202950558380053,70.57395268165097,70.57385065214538
sum_absolute,0.0001,0,continuation_mu,1707000,3,6.666666666666667e-07,0.00010185771151327572,70.57395268097386,70.57385082326235
sum_absolute,0.0001,0,continuation_mu,1708000,3,6.666666666666667e-07,0.00010168644858765674,70.57395268029998,70.5738509938514
sum_absolute,0.0001,0,continuation_mu,1709000,3,6.666666666666667e-07,0.00010151571461847197,70.57395267962926,70.57385116391464
sum_absolute,0.0001,0,continuation_mu,1710000,3,6.666666666666667e-07,0.00010134550754514748,70.57395267896172,70.57385133345417
sum_absolute,0.0001,0,continuation_mu,1711000,3,6.666666666666667e-07,0.0001011758250371031,70.57395267829729,70.57385150247225
sum_absolute,0.0001,0,continuation_mu,1712000,3,6.666666666666667e-07,0.00010100666503376488,70.573952677636,70.57385167097097
sum_absolute,0.0001,0,continuation_mu,1713000,3,6.666666666666667e-07,0.0001008380253466612,70.57395267697783,70.57385183895248
sum_absolute,0.0001,0,continuation_mu,1714000,3,6.666666666666667e-07,0.000100669903829953,70.5739526763227,70.57385200641887
sum_absolute,0.0001,0,continuation_mu,1715000,3,6.666666666666667e-07,0.00010050229846569891,70.57395267567068,70.57385217337222
sum_absolute,0.0001,0,continuation_mu,1716000,3,6.666666666666667e-07,0.00010033520700858389,70.5739526750217,70.57385233981469
sum_absolute,0.0001,0,continuation_mu,1717000,3,6.666666666666667e-07,0.00010016862744066657,70.57395267437578,70.57385250574833
sum_absolute,0.0001,0,continuation_mu,1718000,3,6.666666666666667e-07,0.0001000025576729513,70.57395267373286,70.57385267117519
sum_absolute,0.0001,0,continuation_mu,1718016,3,6.666666666666667e-07,9.999990469111708e-05,70.5739526737226,70.57385267381791
